T,1,2,0.1196912E+06,2000445E-03,0.3724E+02,0.5229E+01,0.9985089,-0.0515425,0.0179793
T,2,2,0.1187863E+06,2001002E-03,-0.4546E+02,0.3865E+02,0.9924919,-0.0745301,0.0969797
T,3,2,0.1168215E+06,2000030E-03,0.1787E+02,0.1102E+03,0.9966465,0.0121955,0.0809141
T,4,2,0.1167758E+06,2000008E-03,-0.5552E+02,-0.2632E+02,0.9993546,-0.0107161,-0.0342873
T,5,2,0.1169673E+06,2000024E-03,-0.1292E+02,0.8238E+02,0.9981587,-0.0195117,0.0574326
T,6,2,0.1185763E+06,2000955E-03,0.7748E+01,-0.2761E+02,0.9995145,-0.0066730,-0.0304346
T,7,2,0.1194155E+06,2001465E-03,0.5686E+02,-0.6152E+02,0.9980788,0.0433036,-0.0443109
T,8,2,0.1179319E+06,2001146E-03,-0.5480E+01,0.1283E+02,0.9998263,-0.0024713,0.0184718
T,9,2,0.1176449E+06,2001732E-03,-0.4398E+01,-0.2432E+02,0.9966324,-0.0807360,-0.0143347
T,10,2,0.1200412E+06,2001600E-03,-0.8037E+02,-0.1918E+02,0.9984534,-0.0555922,-0.0005705
T,11,2,0.1175216E+06,2000867E-03,0.1248E+02,0.2470E+02,0.9997305,-0.0027376,0.0230508
T,12,2,0.1180103E+06,2000544E-03,0.2072E+02,0.1479E+02,0.9980217,0.0436088,0.0452871
T,13,2,0.1176316E+06,2000796E-03,0.6395E+02,0.2063E+03,0.9908366,0.0516109,0.1248163
T,14,2,0.1171738E+06,2000354E-03,0.2834E+02,-0.4252E+02,0.9979726,-0.0116894,-0.0625621
T,15,2,0.1184013E+06,2001849E-03,0.1876E+02,-0.5959E+02,0.9982619,0.0218964,-0.0547146
T,16,2,0.1201268E+06,2000030E-03,0.1489E+03,-0.1412E+02,0.9974635,0.0684758,-0.0194313
T,17,2,0.1187556E+06,2001982E-03,-0.3652E+02,-0.1664E+03,0.9946775,-0.0131216,-0.1021988
T,18,2,0.1175042E+06,2000210E-03,0.3346E+02,-0.9143E+01,0.9990667,0.0387264,0.0191331
T,19,2,0.1188355E+06,2000991E-03,0.8034E+02,0.1731E+03,0.9943479,0.0382285,0.0990495
T,20,2,0.1154923E+06,2001088E-03,-0.1152E+03,0.1289E+03,0.9970003,-0.0350139,0.0690251
T,21,2,0.1176127E+06,2000758E-03,0.1475E+03,0.9105E+01,0.9952466,0.0954601,-0.0192768
T,22,2,0.1183486E+06,2001136E-03,-0.1360E+02,-0.2210E+01,0.9996208,-0.0272219,0.0041608
T,23,2,0.1171396E+06,2000796E-03,-0.2673E+01,-0.2390E+02,0.9996175,0.0262186,-0.0087951
T,24,2,0.1174494E+06,2001544E-03,0.3148E+01,0.9917E+02,0.9964918,0.0113641,0.0829155
T,25,2,0.1182503E+06,2002250E-03,0.4963E+02,-0.1867E+02,0.9983365,0.0563525,-0.0121900
T,26,2,0.1186929E+06,2000762E-03,0.9766E+01,0.3486E+02,0.9994716,0.0254082,-0.0202725
T,27,2,0.1174450E+06,2000019E-03,0.5932E+02,-0.1273E+03,0.9942319,0.0634366,-0.0864797
T,28,2,0.1159915E+06,2000712E-03,0.3167E+02,-0.2369E+02,0.9993488,0.0332443,-0.0140281
T,29,2,0.1196389E+06,2000048E-03,-0.4906E+02,-0.2811E+02,0.9971504,-0.0509685,-0.0556172
T,30,2,0.1182215E+06,2000023E-03,-0.5527E+02,0.6777E+01,0.9989204,-0.0412809,-0.0213042
T,31,2,0.1163748E+06,2000557E-03,-0.2399E+01,-0.4431E+02,0.9907875,0.1105506,-0.0782216
T,32,2,0.1178931E+06,2001646E-03,0.2262E+02,-0.7756E+02,0.9991567,0.0123742,-0.0391494
T,33,2,0.1169155E+06,2002107E-03,-0.1006E+03,-0.2923E+02,0.9981713,-0.0580300,-0.0169279
T,34,2,0.1166555E+06,2001906E-03,-0.7103E+02,0.7340E+02,0.9931767,-0.0803976,0.0844769
T,35,2,0.1173955E+06,2000260E-03,0.3589E+02,-0.2135E+02,0.9980159,0.0623815,0.0085293
T,36,2,0.1164990E+06,2000122E-03,0.9842E+02,-0.2782E+02,0.9983865,0.0566992,-0.0031118
T,37,2,0.1204153E+06,2000927E-03,-0.6196E+01,0.1296E+02,0.9996090,0.0003080,0.0279606
T,38,2,0.1188883E+06,2001243E-03,0.2543E+01,-0.9000E+00,0.9999830,0.0038866,-0.0043497
T,39,2,0.1160572E+06,2001029E-03,0.5781E+02,-0.4504E+02,0.9971957,0.0739786,-0.0113120
T,40,2,0.1193090E+06,2001022E-03,-0.4924E+01,-0.2039E+02,0.9999753,0.0020324,-0.0067327
T,41,2,0.1185401E+06,2000427E-03,-0.1777E+02,0.4245E+02,0.9990025,0.0416511,0.0160988
T,42,2,0.1209626E+06,2000959E-03,0.7945E+02,0.5563E+02,0.9980916,0.0502926,0.0358317
T,43,2,0.1177571E+06,2000058E-03,0.9427E+01,0.4685E+02,0.9994386,-0.0299115,0.0150917
T,44,2,0.1176983E+06,2000303E-03,-0.5660E+02,-0.1619E+02,0.9955814,-0.0669889,-0.0658039
T,45,2,0.1197130E+06,2001001E-03,-0.1421E+02,0.8143E+01,0.9993391,-0.0310774,0.0188562
T,46,2,0.1176898E+06,2000839E-03,-0.8619E+01,-0.1996E+02,0.9990606,-0.0315437,-0.0297141
T,47,2,0.1167455E+06,2000418E-03,0.8364E+02,0.5734E+02,0.9991482,0.0176375,0.0373065
T,48,2,0.1181788E+06,2001678E-03,0.1163E+03,-0.9799E+02,0.9978887,0.0495483,-0.0419889
T,49,2,0.1170775E+06,2001882E-03,0.6566E+02,0.2769E+02,0.9997573,0.0122170,0.0183300
T,50,2,0.1170316E+06,2002083E-03,-0.2697E+02,0.5833E+02,0.9976929,-0.0299638,0.0609182
T,51,2,0.1163908E+06,2001155E-03,-0.8575E+01,-0.7456E+02,0.9983205,-0.0258979,-0.0518222
T,52,2,0.1186089E+06,2000890E-03,-0.1893E+02,0.9903E+01,0.9984214,-0.0543617,-0.0141284
T,53,2,0.1170206E+06,2000406E-03,0.2787E+02,-0.3982E+02,0.9992287,0.0309731,-0.0241379
T,54,2,0.1181475E+06,2001228E-03,-0.4428E+01,0.2874E+01,0.9999406,-0.0061754,0.0089779
T,55,2,0.1183832E+06,2000659E-03,0.1768E+02,0.3497E+02,0.9993868,0.0231613,0.0262594
T,56,2,0.1170849E+06,2000002E-03,-0.5066E+02,-0.3007E+02,0.9967424,-0.0687357,0.0421904
T,57,2,0.1181024E+06,2000997E-03,-0.2519E+02,0.1071E+02,0.9998932,-0.0145939,0.0007666
T,58,2,0.1168104E+06,2002061E-03,0.7033E+02,-0.1624E+02,0.9996029,0.0281610,-0.0010382
T,59,2,0.1181033E+06,2001421E-03,-0.2222E+02,0.6215E+02,0.9990985,-0.0395149,0.0155160
T,60,2,0.1179865E+06,2000512E-03,0.1001E+02,-0.4695E+02,0.9972813,0.0169788,-0.0717053
T,61,2,0.1169029E+06,2000384E-03,-0.3344E+02,-0.2979E+02,0.9989034,-0.0468023,-0.0012023
T,62,2,0.1177478E+06,2000405E-03,-0.3156E+02,0.1679E+02,0.9952936,-0.0953146,-0.0174841
T,63,2,0.1188011E+06,2001193E-03,0.1853E+01,0.4709E+01,0.9999467,-0.0093919,0.0042801
T,64,2,0.1180283E+06,2001360E-03,0.1137E+03,0.9649E+02,0.9949110,0.0614985,0.0798127
T,65,2,0.1163457E+06,2000418E-03,0.1610E+02,0.4452E+02,0.9986196,0.0010766,0.0525132
T,66,2,0.1188877E+06,2001057E-03,0.5243E+01,-0.7021E+01,0.9994509,-0.0217214,0.0250198
T,67,2,0.1179628E+06,2000997E-03,-0.3845E+01,-0.1371E+02,0.9999670,0.0074347,-0.0032794
T,68,2,0.1149126E+06,2001290E-03,0.1129E+03,0.7602E+01,0.9987590,0.0420518,0.0266871
T,69,2,0.1175204E+06,2001175E-03,-0.3050E+02,-0.7849E+02,0.9977437,-0.0189500,-0.0644082
T,70,2,0.1188540E+06,2000802E-03,0.1244E+02,-0.3034E+02,0.9990671,0.0323810,-0.0285735
T,71,2,0.1201752E+06,2000349E-03,0.1998E+02,0.4104E+02,0.9998029,0.0041978,0.0194053
T,72,2,0.1180121E+06,2000056E-03,0.5479E+02,0.2414E+02,0.9993716,0.0354452,0.0003022
T,73,2,0.1187986E+06,2002119E-03,-0.6678E+02,0.2356E+02,0.9996689,-0.0160562,0.0201058
T,74,2,0.1176202E+06,2000703E-03,0.6132E+02,-0.6073E+02,0.9935534,0.0764164,-0.0837393
T,75,2,0.1183207E+06,2001406E-03,0.3903E+02,0.4666E+02,0.9978674,0.0529386,0.0381848
T,76,2,0.1153895E+06,2000838E-03,-0.4139E+03,0.2602E+03,0.9717907,-0.2112073,0.1049492
T,77,2,0.1174955E+06,2000481E-03,-0.4893E+02,0.1174E+02,0.9989668,-0.0454092,-0.0018516
T,78,2,0.1197517E+06,2002027E-03,0.3608E+02,-0.3882E+02,0.9892111,0.0073260,-0.1463137
T,79,2,0.1197027E+06,2000207E-03,-0.2050E+02,-0.1959E+03,0.9872700,-0.0069369,-0.1589022
T,80,2,0.1175044E+06,2000039E-03,0.9611E+00,0.2873E+02,0.9992397,-0.0002548,0.0389866
T,81,2,0.1140324E+06,2000286E-03,0.1101E+03,0.6284E+03,0.9584806,0.0606213,0.2786396
T,82,2,0.1204393E+06,2001974E-03,-0.1013E+03,-0.3230E+02,0.9954905,-0.0894474,0.0315883
T,83,2,0.1194427E+06,2000995E-03,-0.2643E+02,0.7441E+01,0.9996657,-0.0258282,-0.0011593
T,84,2,0.1173118E+06,2001793E-03,-0.8767E+02,0.1001E+03,0.9944517,-0.0819950,0.0658986
T,85,2,0.1159287E+06,2000306E-03,0.4783E+01,0.5349E+02,0.9991434,0.0311279,0.0272672
T,86,2,0.1155708E+06,2000075E-03,0.2665E+02,0.4560E+02,0.9983942,0.0517248,0.0230993
T,87,2,0.1170975E+06,2000418E-03,0.5484E+02,-0.1063E+03,0.9942354,0.0683297,-0.0826256
T,88,2,0.1210864E+06,2000431E-03,-0.2202E+02,-0.3957E+02,0.9990003,-0.0321237,-0.0310895
T,89,2,0.1184556E+06,2001385E-03,-0.8990E+01,-0.1139E+03,0.9943683,0.0282958,-0.1021326
T,90,2,0.1167635E+06,2000974E-03,-0.6545E+01,-0.1456E+02,0.9995491,-0.0137717,-0.0266808
T,91,2,0.1184901E+06,2000341E-03,-0.3779E+02,0.2424E+02,0.9994330,-0.0278823,0.0188732
T,92,2,0.1201989E+06,2001280E-03,-0.7943E+02,-0.2869E+02,0.9986290,-0.0520935,-0.0051407
T,93,2,0.1170848E+06,2001679E-03,0.7570E+02,-0.8935E+02,0.9975006,0.0611452,-0.0354104
T,94,2,0.1179162E+06,2002204E-03,-0.2482E+02,0.5330E+02,0.9995728,-0.0166446,0.0240236
T,95,2,0.1158294E+06,2001879E-03,0.4259E+02,-0.5235E+02,0.9981652,0.0602175,-0.0063291
T,96,2,0.1202063E+06,2000511E-03,-0.3208E+02,0.3254E+02,0.9996064,-0.0253121,0.0120952
T,97,2,0.1158241E+06,2000641E-03,0.2953E+02,-0.1841E+02,0.9989740,0.0393989,-0.0223292
T,98,2,0.1197878E+06,2001074E-03,0.1558E+02,-0.8600E+01,0.9998945,0.0127680,0.0069315
T,99,2,0.1202045E+06,2002249E-03,-0.3637E+00,-0.6108E+02,0.9984337,-0.0281027,-0.0483783
T,100,2,0.1169707E+06,2001457E-03,-0.5096E+02,0.5613E+02,0.9988595,0.0355682,0.0318516
T,101,2,0.9856898E+05,2001040E-03,-0.5128E+03,-0.1998E+03,0.6973141,-0.6387005,-0.3252917
T,102,2,0.1176481E+06,2001333E-03,0.5984E+02,-0.1507E+03,0.9913545,0.0747482,-0.1078372
T,103,2,0.1190953E+06,2000720E-03,-0.1194E+02,-0.8227E+02,0.9949602,-0.0082261,-0.0999323
T,104,2,0.1191543E+06,2000575E-03,0.2891E+02,0.6040E+01,0.9986149,0.0473138,-0.0230149
T,105,2,0.1182478E+06,2001111E-03,-0.2177E+02,-0.4900E+01,0.9998997,-0.0104617,-0.0095420
T,106,2,0.1182424E+06,2002128E-03,-0.3086E+02,0.3940E+02,0.9990584,-0.0349841,0.0256594
T,107,2,0.1194333E+06,2001700E-03,0.4692E+02,0.3434E+02,0.9974782,-0.0120737,0.0699389
T,108,2,0.1197232E+06,2000883E-03,-0.6376E+01,-0.2810E+01,0.9993620,-0.0246794,-0.0258155
T,109,2,0.1162372E+06,2000508E-03,0.1557E+02,-0.4375E+02,0.9980020,0.0261410,-0.0575204
T,110,2,0.1167819E+06,2000912E-03,-0.1394E+03,-0.7100E+01,0.9957528,-0.0884445,-0.0255741
T,111,2,0.1169361E+06,2001246E-03,-0.7922E+02,-0.1606E+03,0.9953653,-0.0130310,-0.0952793
T,112,2,0.1178091E+06,2001455E-03,0.2298E+02,-0.1153E+03,0.9976534,0.0434242,-0.0529335
T,113,2,0.1154175E+06,2000442E-03,-0.1656E+02,0.3398E+02,0.9997437,-0.0057979,-0.0218859
T,114,2,0.1176494E+06,2000568E-03,-0.2882E+02,-0.1868E+02,0.9992392,-0.0298214,-0.0251324
T,115,2,0.1185077E+06,2001795E-03,0.8618E+02,0.8082E+01,0.9974784,0.0564491,-0.0430158
T,116,2,0.1173033E+06,2000274E-03,0.2595E+02,0.2346E+02,0.9978467,0.0413600,0.0509046
T,117,2,0.1176289E+06,2002025E-03,-0.6291E+02,-0.1563E+01,0.9986544,-0.0203416,0.0477031
T,118,2,0.1202105E+06,2002244E-03,0.4773E+01,0.6038E+01,0.9981633,-0.0263256,-0.0545616
T,119,2,0.1163949E+06,2001281E-03,0.1610E+03,-0.3182E+03,0.9844111,0.0677587,-0.1623068
T,120,2,0.1183088E+06,2001253E-03,-0.1567E+02,-0.1503E+03,0.9966081,-0.0372854,-0.0733628
T,121,2,0.1155874E+06,2001767E-03,0.4901E+02,0.5133E+02,0.9985036,0.0397843,0.0375208
T,122,2,0.1184451E+06,2000289E-03,0.4373E+02,0.2867E+01,0.9981901,0.0568188,0.0197004
T,123,2,0.1177853E+06,2001871E-03,0.5764E+02,0.2530E+02,0.9981376,0.0431347,0.0431366
T,124,2,0.1179828E+06,2000483E-03,0.1282E+03,-0.3199E+02,0.9976346,0.0653451,-0.0213380
T,125,2,0.1204277E+06,2000356E-03,-0.3993E+02,-0.3463E+02,0.9991880,-0.0390252,-0.0100167
T,126,2,0.1180295E+06,2000893E-03,-0.6009E+02,0.7106E+02,0.9985711,-0.0263013,0.0465194
T,127,2,0.1172476E+06,2000616E-03,0.1591E+02,0.5229E+01,0.9987793,0.0261355,0.0419148
T,128,2,0.1139898E+06,2002045E-03,0.4386E+02,-0.2274E+02,0.9992434,0.0388847,0.0008352
T,129,2,0.1174248E+06,2001019E-03,0.1524E+02,0.1567E+02,0.9995448,-0.0093160,0.0286939
T,130,2,0.1169429E+06,2000637E-03,-0.2687E+02,0.9627E+01,0.9991938,-0.0262493,0.0303774
T,131,2,0.1171353E+06,2000161E-03,0.2811E+02,0.4005E+02,0.9999680,-0.0079198,0.0010926
T,132,2,0.1164597E+06,2001177E-03,-0.3624E+01,-0.1368E+02,0.9999155,-0.0078321,-0.0103792
T,133,2,0.1183527E+06,2001973E-03,0.2715E+02,-0.4642E+02,0.9993562,0.0050317,-0.0355236
T,134,2,0.1163043E+06,2000396E-03,-0.1330E+03,-0.1395E+02,0.9947332,-0.1024672,-0.0025200
T,135,2,0.1184892E+06,2001506E-03,0.4839E+02,-0.6843E+02,0.9981331,0.0288634,-0.0538254
T,136,2,0.1182955E+06,2000265E-03,-0.4532E+02,-0.9481E+02,0.9973751,-0.0304517,-0.0656927
T,137,2,0.1177223E+06,2001234E-03,0.1164E+03,-0.6246E+02,0.9975811,0.0626446,-0.0301256
T,138,2,0.5011578E+05,2000385E-03,0.1034E+04,0.3960E+04,0.3724812,0.3056799,0.8762520
T,139,2,0.1154327E+06,2000376E-03,0.1470E+02,-0.5316E+02,0.9994526,0.0139089,-0.0300182
T,140,2,0.1173109E+06,2002199E-03,-0.3037E+02,-0.5456E+02,0.9987568,-0.0459134,-0.0194143
T,141,2,0.1175856E+06,2000712E-03,-0.4071E+02,0.1746E+02,0.9995127,-0.0291374,0.0112009
T,142,2,0.1198359E+06,2001697E-03,-0.4244E+02,-0.6253E+02,0.9979528,-0.0234166,-0.0595128
T,143,2,0.1177746E+06,2000458E-03,-0.3926E+02,0.6747E+01,0.9991432,-0.0413581,-0.0015323
T,144,2,0.1180957E+06,2000826E-03,0.2181E+02,0.2702E+02,0.9996694,-0.0053356,0.0251508
T,145,2,0.1164203E+06,2001925E-03,0.5438E+02,0.1021E+03,0.9992753,0.0266557,0.0271738
T,146,2,0.1187624E+06,2001001E-03,0.7729E+02,0.6377E+02,0.9983036,0.0428036,0.0394681
T,147,2,0.1165674E+06,2000913E-03,-0.7348E+02,0.5337E+02,0.9797703,-0.1505388,0.1318641
T,148,2,0.1195990E+06,2001283E-03,-0.1169E+02,-0.8649E+02,0.9988584,0.0176395,-0.0443928
T,149,2,0.1174743E+06,2001029E-03,-0.2076E+01,-0.1625E+02,0.9986166,-0.0111374,-0.0513895
T,150,2,0.1203789E+06,2000936E-03,0.9426E+02,0.2116E+02,0.9993828,0.0346764,0.0056234
T,151,2,0.1166919E+06,2001559E-03,0.1150E+03,0.8214E+02,0.9952475,0.0871578,0.0434274
T,152,2,0.1184915E+06,2000761E-03,-0.2463E+02,-0.1056E+02,0.9987644,-0.0389655,-0.0308443
T,153,2,0.1192907E+06,2000839E-03,-0.1577E+01,0.3394E+02,0.9997358,-0.0083272,0.0214259
T,154,2,0.1184335E+06,2000174E-03,0.2838E+02,-0.9938E+01,0.9947164,-0.0534026,0.0876785
T,155,2,0.1166814E+06,2000936E-03,0.7827E+02,-0.2833E+01,0.9989167,0.0327881,0.0330193
T,156,2,0.1166365E+06,2002173E-03,0.1351E+02,-0.6247E+02,0.9987307,0.0050508,-0.0501142
T,157,2,0.1179028E+06,2000213E-03,0.2750E+02,0.1760E+01,0.9989059,-0.0007442,0.0467591
T,158,2,0.1190787E+06,2001122E-03,-0.8337E+02,-0.3739E+02,0.9984636,-0.0503915,-0.0230466
T,159,2,0.1170289E+06,2000654E-03,0.2561E+02,0.1169E+03,0.9927259,0.0171865,0.1191632
T,160,2,0.1171817E+06,2000402E-03,-0.2120E+02,0.3341E+02,0.9995882,0.0208391,0.0197261
T,161,2,0.1197733E+06,2000788E-03,0.2935E+02,-0.2462E+02,0.9997442,0.0191036,-0.0121095
T,162,2,0.1171413E+06,2002057E-03,0.1162E+03,0.1083E+03,0.9782529,0.1014587,0.1809072
T,163,2,0.1155821E+06,2001964E-03,-0.1398E+03,0.3033E+02,0.9978625,-0.0653479,-0.0002150
T,164,2,0.1192169E+06,2000260E-03,-0.5300E+02,0.7511E+01,0.9986682,-0.0513725,-0.0047542
T,165,2,0.1179640E+06,2001903E-03,-0.5912E+02,-0.4545E+02,0.9990346,-0.0144938,-0.0414701
T,166,2,0.1167207E+06,2000166E-03,-0.5757E+02,0.2138E+03,0.9749378,-0.0405251,0.2187557
T,167,2,0.1190261E+06,2001135E-03,0.1358E+02,0.5445E+01,0.9999612,0.0066644,-0.0057685
T,168,2,0.1189921E+06,2000695E-03,0.3298E+02,-0.1930E+02,0.9999122,0.0046130,-0.0124199
T,169,2,0.1165201E+06,2000759E-03,-0.1382E+02,-0.3741E+02,0.9995918,-0.0181961,-0.0220259
T,170,2,0.1189266E+06,2001376E-03,0.1215E+03,0.9893E+01,0.9968310,0.0733053,0.0308930
T,171,2,0.1178591E+06,2000644E-03,0.1038E+02,0.4209E+02,0.9990893,0.0179859,0.0386908
T,172,2,0.1193837E+06,2001422E-03,0.1400E+02,0.8663E+02,0.9991027,-0.0177317,0.0384620
T,173,2,0.1162598E+06,2001108E-03,0.2034E+02,0.1506E+01,0.9998973,0.0067184,0.0126628
T,174,2,0.1174723E+06,2002046E-03,-0.1905E+02,0.6355E+02,0.9981900,-0.0081568,0.0595829
T,175,2,0.1163937E+06,2001885E-03,-0.6168E+02,-0.6140E+02,0.9988470,-0.0387184,-0.0283835
T,176,2,0.1159376E+06,2000646E-03,-0.1787E+03,-0.1222E+03,0.9800330,-0.1704333,-0.1024101
T,177,2,0.1190697E+06,2001242E-03,0.8181E+02,0.8554E+02,0.9941853,0.0641186,0.0865120
T,178,2,0.1190397E+06,2000819E-03,-0.2626E+02,0.1124E+02,0.9999403,-0.0099732,0.0044633
T,179,2,0.1103865E+06,2000051E-03,0.1526E+03,-0.2538E+03,0.9362333,0.1756608,-0.3043196
T,180,2,0.1168543E+06,2001080E-03,0.2955E+01,0.8149E+01,0.9995154,0.0088912,0.0298315
T,181,2,0.1173094E+06,2001488E-03,0.1972E+02,0.7890E+02,0.9973150,-0.0040207,0.0731208
T,182,2,0.1179107E+06,2000934E-03,0.1163E+03,-0.4313E+02,0.9915310,0.1237693,-0.0393375
T,183,2,0.1164718E+06,2000845E-03,0.7820E+01,0.2547E+02,0.9992778,-0.0250518,0.0285690
T,184,2,0.1175785E+06,2000541E-03,-0.1115E+03,0.2691E+01,0.9947165,-0.1021214,0.0104988
T,185,2,0.1193213E+06,2001014E-03,0.1269E+02,0.9364E+01,0.9989400,-0.0447442,0.0108072
T,186,2,0.1154636E+06,2000227E-03,0.2019E+02,0.4006E+02,0.9992309,0.0036285,0.0390447
T,187,2,0.1168259E+06,2000719E-03,-0.1448E+02,0.3307E+02,0.9998483,-0.0148741,0.0090584
T,188,2,0.1194439E+06,2002161E-03,-0.6242E+02,-0.4379E+02,0.9993897,-0.0171252,-0.0304474
T,189,2,0.1168521E+06,2000298E-03,0.1194E+02,0.4189E+02,0.9974430,0.0092499,0.0708650
T,190,2,0.1157978E+06,2000732E-03,0.3158E+02,-0.2211E+01,0.9986316,0.0518145,-0.0070882
T,191,2,0.1190945E+06,2001993E-03,-0.4508E+02,-0.4351E+02,0.9984376,-0.0459890,-0.0317400
T,192,2,0.1173758E+06,2001396E-03,-0.1021E+03,-0.1047E+03,0.9920243,-0.0840908,-0.0938965
T,193,2,0.1168207E+06,2000781E-03,-0.3791E+02,-0.2340E+01,0.9996741,-0.0218254,0.0132391
T,194,2,0.1180316E+06,2000713E-03,-0.9201E+02,0.4509E+02,0.9987666,-0.0391397,0.0305495
T,195,2,0.1160638E+06,2000786E-03,-0.2042E+01,-0.2039E+03,0.9898588,-0.0054226,-0.1419515
T,196,2,0.1174328E+06,2000137E-03,0.4388E+02,0.2013E+02,0.9984859,0.0545276,0.0072602
T,197,2,0.1179560E+06,2000093E-03,-0.5241E+02,-0.2135E+02,0.9996103,-0.0107424,-0.0257665
T,198,2,0.1178354E+06,2001221E-03,0.3406E+02,-0.6502E+02,0.9999467,-0.0098897,-0.0029613
T,199,2,0.1180033E+06,2001079E-03,0.4776E+02,-0.1095E+03,0.9960440,0.0373018,-0.0806534
T,200,2,0.1192400E+06,2000564E-03,0.1233E+02,-0.2336E+02,0.9990111,0.0311545,-0.0317215
T,201,2,0.1170187E+06,2000514E-03,0.8007E+02,-0.1247E+03,0.9847742,0.1145894,-0.1307254
T,202,2,0.1188530E+06,2000578E-03,-0.4341E+01,0.3094E+02,0.9994733,-0.0126539,0.0298828
T,203,2,0.1193184E+06,2000601E-03,-0.1133E+03,-0.6332E+02,0.9944245,-0.0929863,-0.0497335
T,204,2,0.1185500E+06,2000188E-03,-0.2020E+02,-0.1001E+02,0.9851679,-0.0477237,0.1648228
T,205,2,0.1211448E+06,2001425E-03,0.1020E+02,-0.1088E+03,0.9959944,0.0328419,-0.0831660
T,206,2,0.1174361E+06,2001457E-03,0.1788E+02,0.7232E+02,0.9997129,-0.0013179,0.0239250
T,207,2,0.1173408E+06,2000616E-03,-0.8139E+02,0.1330E+03,0.9926077,-0.0623795,0.1041090
T,208,2,0.1154202E+06,2000903E-03,-0.1135E+02,-0.3372E+02,0.9999821,-0.0026729,-0.0053615
T,209,2,0.1200559E+06,2000147E-03,0.4246E+02,0.1010E+02,0.9980068,0.0340339,-0.0531427
T,210,2,0.1167453E+06,2000512E-03,0.4125E+02,0.3142E+02,0.9994454,0.0272215,0.0191811
T,211,2,0.1178246E+06,2000904E-03,-0.5622E+00,0.2076E+02,0.9983666,0.0178881,0.0542593
T,212,2,0.1180514E+06,2001353E-03,-0.1340E+02,-0.8546E+02,0.9981329,-0.0007754,-0.0610747
T,213,2,0.1197145E+06,2000850E-03,-0.3105E+02,-0.5806E+01,0.9989173,-0.0377793,0.0271457
T,214,2,0.1177629E+06,2000346E-03,-0.4690E+02,-0.1780E+02,0.9991690,-0.0399072,-0.0082915
T,215,2,0.1187757E+06,2001088E-03,-0.3502E+02,0.7431E+02,0.9982707,-0.0093452,0.0580360
T,216,2,0.1201305E+06,2001613E-03,0.7751E+01,-0.1094E+03,0.9949989,0.0077164,-0.0995870
T,217,2,0.1172296E+06,2000797E-03,-0.3314E+01,-0.4026E+02,0.9998580,0.0095716,-0.0138683
T,218,2,0.1188474E+06,2000371E-03,-0.2886E+02,-0.8554E+01,0.9986648,-0.0422050,-0.0297886
T,219,2,0.1186108E+06,2001769E-03,-0.5812E+02,-0.3647E+02,0.9981119,-0.0338617,-0.0512441
T,220,2,0.1178355E+06,2000218E-03,-0.3647E+01,-0.4503E+02,0.9999965,-0.0026399,-0.0002324
T,221,2,0.1194394E+06,2002086E-03,0.2947E+01,-0.1068E+03,0.9956041,0.0024241,-0.0936300
T,222,2,0.1179464E+06,2000806E-03,-0.8203E+02,-0.1628E+02,0.9978351,-0.0482854,0.0446494
T,223,2,0.1184789E+06,2001135E-03,0.4410E+01,0.2063E+02,0.9996671,-0.0171610,0.0192639
T,224,2,0.1124850E+06,2001764E-03,0.7723E+02,0.2445E+03,0.9389365,0.0828681,0.3339627
T,225,2,0.1185823E+06,2001691E-03,-0.9815E+02,0.5584E+02,0.9963603,-0.0769948,0.0365769
T,226,2,0.1203277E+06,2001318E-03,0.6980E+02,-0.4685E+02,0.9969459,0.0652421,-0.0429231
T,227,2,0.1187141E+06,2000931E-03,0.2543E+02,0.3319E+01,0.9994163,0.0309326,0.0145008
T,228,2,0.1178881E+06,2001466E-03,0.4827E+02,-0.6895E+02,0.9988524,0.0059831,-0.0475183
T,229,2,0.1170041E+06,2000148E-03,0.4237E+02,-0.2203E+02,0.9972154,0.0580308,-0.0468379
T,230,2,0.1197060E+06,2000455E-03,-0.4685E+02,0.1010E+03,0.9971546,-0.0323418,0.0680938
T,231,2,0.1179830E+06,2000916E-03,0.8994E+01,-0.2149E+02,0.9999033,0.0045208,-0.0131507
T,232,2,0.1169553E+06,2001509E-03,0.1084E+01,-0.3739E+02,0.9874384,-0.1577050,-0.0097266
T,233,2,0.1160869E+06,2000602E-03,-0.1660E+02,0.9048E+02,0.9962186,-0.0128128,0.0859316
T,234,2,0.1195871E+06,2000064E-03,0.4639E+02,-0.6068E+02,0.9928595,0.1014446,-0.0627616
T,235,2,0.1199577E+06,2001240E-03,0.6879E+02,-0.6152E+02,0.9985331,0.0397097,-0.0368079
T,236,2,0.1177574E+06,2001869E-03,-0.5662E+01,-0.9689E+02,0.9964187,0.0016303,-0.0845406
T,237,2,0.1178730E+06,2000531E-03,0.2689E+01,0.9192E+02,0.9962140,0.0060588,0.0867234
T,238,2,0.1176175E+06,2002185E-03,-0.7454E+02,0.8193E+02,0.9977249,-0.0512029,0.0438562
T,239,2,0.1153657E+06,2000144E-03,-0.3032E+02,0.3714E+02,0.9965774,-0.0629389,0.0535927
T,240,2,0.1182460E+06,2001696E-03,0.6638E+01,-0.7917E+02,0.9992824,-0.0032329,-0.0377388
T,241,2,0.1195737E+06,2000188E-03,0.9739E+02,-0.3874E+02,0.9985517,0.0463258,-0.0273576
T,242,2,0.1170837E+06,2001587E-03,-0.6070E+02,-0.2631E+02,0.9962297,-0.0729903,-0.0468905
T,243,2,0.1163023E+06,2001173E-03,-0.1187E+03,-0.1003E+03,0.9824641,-0.1107861,-0.1499688
T,244,2,0.1161790E+06,2001142E-03,-0.6542E+01,-0.9099E+02,0.9982150,-0.0106942,-0.0587575
T,245,2,0.1203529E+06,2000133E-03,-0.2604E+02,-0.2869E+02,0.9978210,-0.0403303,-0.0522178
T,246,2,0.1185981E+06,2000642E-03,-0.7190E+02,0.9574E+02,0.9808512,-0.1856645,0.0588179
T,247,2,0.1182447E+06,2001939E-03,0.1675E+03,0.2999E+02,0.9974416,0.0550010,0.0456624
T,248,2,0.1181544E+06,2000365E-03,-0.1460E+03,-0.3720E+02,0.9862913,-0.1623869,-0.0293237
T,249,2,0.1162589E+06,2000775E-03,-0.1847E+02,0.2124E+02,0.9998455,0.0117824,0.0130466
T,250,2,0.1182001E+06,2000072E-03,-0.3426E+02,-0.9400E+02,0.9942340,-0.0067717,-0.1070183
T,251,2,0.1190712E+06,2001080E-03,-0.5044E+02,0.6161E+02,0.9978146,0.0119419,0.0649878
T,252,2,0.1183087E+06,2000848E-03,0.6927E+02,-0.5987E+02,0.9976105,0.0620913,-0.0302972
T,253,2,0.1182560E+06,2000549E-03,-0.3381E+02,0.3758E+01,0.9993214,-0.0314145,0.0192336
T,254,2,0.1194724E+06,2002073E-03,-0.4857E+02,0.2330E+02,0.9989227,-0.0242220,-0.0395826
T,255,2,0.1167848E+06,2001339E-03,0.8863E+02,-0.4855E+01,0.9964036,0.0824505,-0.0195383
T,256,2,0.1157479E+06,2000677E-03,-0.9146E+02,-0.3577E+02,0.9970972,-0.0733098,-0.0205643
T,257,2,0.1171853E+06,2000219E-03,0.8786E+02,0.2039E+03,0.9897303,0.0958848,0.1060187
T,258,2,0.1158991E+06,2000735E-03,-0.4829E+01,-0.2888E+02,0.9995822,-0.0042543,-0.0285886
T,259,2,0.1172099E+06,2000921E-03,0.1913E+02,-0.7482E+01,0.9996301,0.0023234,-0.0270979
T,260,2,0.1180042E+06,2000813E-03,0.1292E+03,0.6107E+02,0.9936664,0.0805620,0.0783378
T,261,2,0.1195718E+06,2000228E-03,-0.2699E+02,0.5040E+02,0.9997990,-0.0061099,0.0190965
T,262,2,0.1180205E+06,2001634E-03,-0.5873E+02,-0.4108E+02,0.9976350,-0.0663266,-0.0180348
T,263,2,0.1187409E+06,2000185E-03,-0.7027E+01,-0.4580E+02,0.9979632,0.0385188,-0.0508509
T,264,2,0.1190016E+06,2002068E-03,0.2768E+02,-0.4983E+02,0.9986411,0.0197922,-0.0482103
T,265,2,0.1173640E+06,2001456E-03,0.4547E+02,-0.1244E+03,0.9970055,0.0762578,-0.0128345
T,266,2,0.1177113E+06,2000470E-03,0.4389E+02,-0.2541E+02,0.9989250,0.0402333,-0.0230259
T,267,2,0.1202866E+06,2000054E-03,0.1071E+03,0.1669E+02,0.9995899,0.0270010,-0.0095421
T,268,2,0.1185547E+06,2001745E-03,-0.3259E+02,0.4009E+02,0.9988411,0.0296064,0.0379457
T,269,2,0.1182914E+06,2001247E-03,-0.3838E+02,0.8660E+02,0.9988783,-0.0218040,0.0420318
T,270,2,0.1160554E+06,2001111E-03,-0.1968E+02,0.2711E+01,0.9997849,-0.0195744,0.0068517
T,271,2,0.1181163E+06,2000942E-03,-0.1316E+03,-0.3394E+02,0.9933703,-0.1073940,-0.0410129
T,272,2,0.1164181E+06,2000740E-03,0.3205E+02,-0.2703E+02,0.9981895,0.0578845,-0.0163411
T,273,2,0.1174978E+06,2001322E-03,-0.1736E+03,0.4457E+02,0.9961720,-0.0874007,-0.0015466
T,274,2,0.1169627E+06,2000597E-03,-0.1053E+03,-0.1106E+03,0.9965412,-0.0706781,-0.0437070
T,275,2,0.1172851E+06,2000806E-03,0.1888E+02,-0.7441E+01,0.9983448,0.0525480,0.0233747
T,276,2,0.1188010E+06,2000905E-03,-0.9863E+01,0.9983E+01,0.9986311,-0.0313192,-0.0418938
T,277,2,0.1188524E+06,2000187E-03,0.9000E+02,0.3020E+02,0.9954417,0.0949240,0.0092297
T,278,2,0.1169803E+06,2000841E-03,0.5500E+01,0.8146E+01,0.9994313,0.0003970,-0.0337193
T,279,2,0.1175924E+06,2000929E-03,0.1673E+02,-0.2545E+02,0.9998110,0.0161449,-0.0108284
T,280,2,0.1165342E+06,2002121E-03,-0.4526E+02,0.2463E+02,0.9935853,-0.1087513,0.0310050
T,281,2,0.1165345E+06,2000789E-03,0.7680E+02,0.6806E+02,0.9996260,0.0226193,0.0153716
T,282,2,0.1161781E+06,2000105E-03,0.2004E+03,0.4580E+01,0.9962122,0.0860434,-0.0125590
T,283,2,0.1158607E+06,2001635E-03,0.6692E+02,0.4595E+02,0.9988168,0.0463540,0.0147048
T,284,2,0.1186286E+06,2002169E-03,0.2090E+02,0.5610E+02,0.9990581,-0.0379877,0.0209716
T,285,2,0.1160403E+06,2001572E-03,0.6956E+02,-0.3882E+03,0.9814272,0.0300544,-0.1894659
T,286,2,0.1175854E+06,2000161E-03,-0.2183E+02,-0.2144E+01,0.9985992,-0.0420432,0.0321253
T,287,2,0.1199477E+06,2000129E-03,0.3806E+02,-0.1214E+02,0.9967546,0.0747154,-0.0299633
T,288,2,0.1171591E+06,2000340E-03,-0.9110E+01,0.5354E+02,0.9992880,-0.0064370,0.0371755
T,289,2,0.1166264E+06,2000904E-03,-0.1255E+03,-0.8305E+01,0.9973397,-0.0713420,-0.0149638
T,290,2,0.1154809E+06,2001734E-03,-0.1028E+03,-0.6346E+02,0.9828212,-0.1725471,-0.0654978
T,291,2,0.1164331E+06,2001958E-03,0.7568E+01,0.1952E+03,0.9932022,0.0291928,0.1126818
T,292,2,0.1180804E+06,2001343E-03,-0.2328E+02,-0.3967E+02,0.9957196,0.0516338,-0.0766584
T,293,2,0.1179073E+06,2000438E-03,-0.4615E+02,-0.1376E+02,0.9992825,-0.0346059,-0.0153904
T,294,2,0.1154870E+06,2000862E-03,0.2684E+03,-0.5160E+03,0.9394796,0.1533687,-0.3063593
T,295,2,0.1183934E+06,2000147E-03,-0.2547E+02,-0.1597E+02,0.9970431,-0.0762556,-0.0094950
T,296,2,0.1161591E+06,2000003E-03,0.2761E+03,-0.5535E+02,0.9873420,0.1571212,-0.0216499
T,297,2,0.1209504E+06,2001454E-03,0.1308E+02,0.7254E+02,0.9971297,-0.0383192,0.0652994
T,298,2,0.1140822E+06,2001503E-03,-0.4068E+02,-0.2288E+03,0.9786695,-0.0240843,-0.2040246
T,299,2,0.1173774E+06,2000859E-03,-0.2895E+01,-0.1671E+02,0.9990836,0.0308536,-0.0296650
T,300,2,0.1178806E+06,2001186E-03,-0.1783E+01,0.3358E+01,0.9999830,-0.0044440,-0.0037875
T,301,2,0.1177577E+06,2000948E-03,-0.4392E+01,0.2311E+02,0.9995828,0.0288712,0.0007764
T,302,2,0.1180744E+06,2000730E-03,-0.2985E+02,-0.1640E+02,0.9986630,-0.0344001,-0.0385848
T,303,2,0.1163362E+06,2001546E-03,0.9986E+02,0.3082E+02,0.9977205,0.0626128,0.0251670
T,304,2,0.1212394E+06,2000406E-03,0.1363E+01,0.1265E+03,0.9951770,-0.0073033,0.0978228
T,305,2,0.1181269E+06,2000958E-03,0.1014E+02,-0.8426E+01,0.9995909,0.0194565,0.0209654
T,306,2,0.1174705E+06,2001351E-03,-0.6493E+02,-0.5506E+02,0.9991127,-0.0302180,-0.0293358
T,307,2,0.1188127E+06,2000103E-03,0.1897E+02,0.5165E+02,0.9983229,0.0030255,0.0578121
T,308,2,0.1179412E+06,2000797E-03,0.4649E+01,0.1072E+02,0.9990119,-0.0438458,0.0072686
T,309,2,0.1149829E+06,2000782E-03,-0.6871E+02,-0.6900E+02,0.9987728,-0.0329574,-0.0369700
T,310,2,0.1200234E+06,2001345E-03,0.1301E+01,-0.6507E+02,0.9976245,0.0369830,-0.0581180
T,311,2,0.1166229E+06,2001109E-03,0.4972E+02,0.7648E+02,0.9998266,0.0084059,-0.0166152
T,312,2,0.1178297E+06,2001146E-03,-0.8329E+02,-0.5299E+01,0.9984387,-0.0535640,-0.0158426
T,313,2,0.1198864E+06,2000230E-03,-0.4797E+02,-0.9002E+01,0.9983494,-0.0574276,0.0007704
T,314,2,0.1162275E+06,2000606E-03,0.3322E+02,0.1526E+02,0.9977242,0.0670701,-0.0069337
T,315,2,0.1172942E+06,2001668E-03,-0.8219E+01,0.5177E+02,0.9953603,0.0381110,0.0883488
T,316,2,0.1184730E+06,2000352E-03,-0.1655E+02,0.5245E+02,0.9989842,-0.0019130,0.0450206
T,317,2,0.1182598E+06,2000892E-03,0.2629E+01,0.2354E+02,0.9990181,0.0124496,0.0425182
T,318,2,0.1161172E+06,2001483E-03,0.6483E+02,-0.2673E+03,0.9885178,0.0542179,-0.1410425
T,319,2,0.1153173E+06,2001816E-03,-0.7819E+02,0.6757E+02,0.9741591,-0.1719061,0.1465002
T,320,2,0.1188239E+06,2001134E-03,-0.1591E+02,-0.3924E+01,0.9998935,0.0078983,0.0122694
T,321,2,0.1178469E+06,2001975E-03,0.5238E+02,0.4042E+02,0.9982643,0.0328325,0.0488924
T,322,2,0.1167070E+06,2001765E-03,-0.5297E+02,0.1513E+02,0.9983676,-0.0536624,0.0195590
T,323,2,0.1169020E+06,2001954E-03,0.9208E+02,-0.1342E+03,0.9963830,0.0268312,-0.0806294
T,324,2,0.1172953E+06,2001858E-03,-0.3275E+02,-0.5694E+02,0.9987777,-0.0220320,-0.0442468
T,325,2,0.1174639E+06,2000911E-03,-0.1099E+03,0.5719E+02,0.9965919,-0.0700249,0.0436016
T,326,2,0.1148366E+06,2000964E-03,-0.1420E+02,0.2341E+02,0.9993161,-0.0121369,0.0349303
T,327,2,0.1192695E+06,2002125E-03,0.3559E+02,0.4764E+02,0.9989092,0.0253582,0.0392081
T,328,2,0.1180559E+06,2000202E-03,-0.7257E+01,-0.5490E+02,0.9990073,0.0410110,-0.0173906
T,329,2,0.1142796E+06,2000405E-03,0.5223E+02,0.3109E+03,0.9506109,0.0945905,0.2956206
T,330,2,0.1149913E+06,2001448E-03,-0.2142E+02,0.1278E+03,0.9974062,-0.0201262,0.0691075
T,331,2,0.1171337E+06,2000963E-03,-0.5262E+02,0.7666E+02,0.9985358,-0.0375054,0.0389832
T,332,2,0.1190846E+06,2000141E-03,-0.4150E+02,-0.3578E+02,0.9999620,-0.0086241,0.0012401
T,333,2,0.1157977E+06,2001231E-03,0.1222E+03,0.1256E+02,0.9975550,0.0697675,0.0040638
T,334,2,0.1174052E+06,2001183E-03,-0.6024E+01,0.8871E+02,0.9983115,-0.0025014,0.0580341
T,335,2,0.1191523E+06,2000196E-03,0.4581E+02,0.2648E+02,0.9994179,0.0335471,0.0062091
T,336,2,0.1173258E+06,2000411E-03,0.1580E+03,0.1172E+03,0.9841017,0.1480862,0.0980523
T,337,2,0.1144917E+06,2000119E-03,0.2823E+03,0.2873E+02,0.9732261,0.2287215,0.0227458
T,338,2,0.1189913E+06,2001331E-03,-0.7412E+01,0.1598E+03,0.9931046,0.0034652,0.1171803
T,339,2,0.1167953E+06,2001062E-03,-0.2414E+01,0.1947E+02,0.9999677,0.0014220,-0.0079165
T,340,2,0.1167021E+06,2001694E-03,-0.3705E+02,0.5920E+02,0.9992848,0.0232986,0.0297827
T,341,2,0.1174294E+06,2000471E-03,-0.1748E+02,0.3169E+02,0.9990243,-0.0289879,0.0333179
T,342,2,0.1165633E+06,2000003E-03,0.2629E+02,-0.1411E+02,0.9988673,0.0458908,-0.0125721
T,343,2,0.1184095E+06,2000565E-03,0.1508E+02,0.3954E+02,0.9982498,0.0224833,0.0546968
T,344,2,0.1183803E+06,2000636E-03,0.6064E+02,-0.4580E+02,0.9944687,0.0871919,-0.0585627
T,345,2,0.1195401E+06,2001953E-03,0.1004E+02,0.6786E+02,0.9975566,0.0226867,0.0660771
T,346,2,0.1186380E+06,2001609E-03,0.8065E+01,0.6480E+02,0.9980597,0.0165646,0.0600202
T,347,2,0.1186712E+06,2002009E-03,-0.6637E+02,-0.8693E+00,0.9968601,-0.0780115,0.0135711
T,348,2,0.1194928E+06,2000404E-03,-0.5100E+02,0.2231E+02,0.9996136,-0.0253258,0.0114563
T,349,2,0.1175596E+06,2000782E-03,-0.3773E+02,0.1000E+02,0.9998369,-0.0180129,-0.0013308
T,350,2,0.1157373E+06,2002166E-03,-0.2342E+02,-0.3395E+02,0.9977376,-0.0333914,-0.0583489
T,351,2,0.1183773E+06,2002232E-03,0.2904E+02,0.5160E+02,0.9977706,0.0364824,0.0558819
T,352,2,0.1191015E+06,2000618E-03,-0.2357E+02,0.2124E+02,0.9998232,-0.0107729,0.0154137
T,353,2,0.1188365E+06,2000346E-03,-0.2835E+02,0.6129E+00,0.9986261,-0.0503364,0.0145651
T,354,2,0.1201420E+06,2000150E-03,0.7146E+01,0.4973E+02,0.9995762,0.0174317,0.0233136
T,355,2,0.1161709E+06,2001269E-03,0.5956E+02,-0.2279E+02,0.9966413,0.0461719,-0.0676327
T,356,2,0.1187071E+06,2000915E-03,-0.3285E+01,0.1207E+02,0.9998839,0.0093912,-0.0120010
T,357,2,0.1177626E+06,2000660E-03,-0.4166E+02,-0.5766E+02,0.9934874,-0.0695931,-0.0902192
T,358,2,0.1133838E+06,2000223E-03,-0.2606E+03,-0.2438E+03,0.9647017,-0.1845910,-0.1878213
T,359,2,0.1188271E+06,2001055E-03,0.8870E+01,-0.1934E+02,0.9997213,0.0033852,-0.0233641
T,360,2,0.1183520E+06,2000105E-03,-0.4976E+02,-0.3701E+02,0.9993104,-0.0192303,-0.0317638
T,361,2,0.1016134E+06,2001544E-03,0.7518E+03,-0.9543E+02,0.8451101,0.5295488,-0.0732597
T,362,2,0.1178047E+06,2000873E-03,0.3461E+02,0.1446E+01,0.9998163,0.0191640,-0.0002920
T,363,2,0.1191834E+06,2000187E-03,0.5104E+02,-0.6529E+01,0.9989593,0.0436802,0.0131295
T,364,2,0.1190583E+06,2000805E-03,0.2525E+02,-0.1998E+02,0.9989725,0.0246650,-0.0380219
T,365,2,0.1175316E+06,2001853E-03,-0.4247E+02,0.1514E+02,0.9974702,-0.0150649,0.0694706
T,366,2,0.1178324E+06,2000999E-03,-0.2141E+02,0.1564E+02,0.9995289,-0.0242267,0.0188410
T,367,2,0.1187866E+06,2001137E-03,0.8134E+01,-0.1578E+02,0.9999618,0.0086467,-0.0012444
T,368,2,0.1154580E+06,2000437E-03,0.4470E+01,-0.4956E+02,0.9989192,-0.0094985,-0.0455006
T,369,2,0.1179210E+06,2001883E-03,-0.6167E+02,-0.2437E+02,0.9978357,-0.0630803,-0.0185687
T,370,2,0.1185367E+06,2001976E-03,-0.6179E+02,0.2692E+02,0.9978891,-0.0466680,0.0451611
T,371,2,0.1158263E+06,2001121E-03,-0.7026E+01,0.2102E+02,0.9999563,-0.0077226,0.0052619
T,372,2,0.1173401E+06,2000690E-03,0.2288E+02,0.1547E+02,0.9986929,0.0462642,0.0217300
T,373,2,0.1170820E+06,2000100E-03,-0.6216E+02,-0.5628E+01,0.9993789,-0.0341019,-0.0088813
T,374,2,0.1188797E+06,2000203E-03,0.4680E+02,-0.1112E+02,0.9993091,0.0314123,0.0198619
T,375,2,0.1166316E+06,2000757E-03,0.2755E+02,-0.9950E+01,0.9995470,0.0125403,-0.0273604
T,376,2,0.1176358E+06,2002155E-03,-0.6599E+02,0.9937E+02,0.9979230,-0.0445773,0.0465025
T,377,2,0.1184667E+06,2001546E-03,0.2439E+01,0.7507E+02,0.9984566,0.0282402,0.0478219
T,378,2,0.1170793E+06,2002013E-03,-0.2790E+02,-0.1527E+03,0.9808983,-0.0634556,-0.1838800
T,379,2,0.1085672E+06,2000657E-03,0.1389E+03,0.6374E+03,0.8789314,0.0966101,0.4670610
T,380,2,0.1163767E+06,2000907E-03,-0.2613E+02,-0.1656E+02,0.9995903,-0.0243876,-0.0149832
T,381,2,0.1176541E+06,2000536E-03,0.1725E+03,0.6416E+02,0.9909369,0.1187438,0.0628010
T,382,2,0.1162060E+06,2000490E-03,0.9362E+02,-0.3814E+02,0.9983732,0.0566979,0.0060204
T,383,2,0.1185296E+06,2001651E-03,0.7810E+02,0.1620E+03,0.9925295,0.0413551,0.1147826
T,384,2,0.1189835E+06,2001292E-03,-0.7859E+02,0.3985E+01,0.9964883,-0.0830206,-0.0108933
T,385,2,0.1174574E+06,2000080E-03,-0.1726E+02,-0.5853E+02,0.9995035,0.0023498,-0.0314209
T,386,2,0.1144440E+06,2001232E-03,-0.5284E+03,-0.2584E+03,0.9479202,-0.3014306,-0.1028923
T,387,2,0.1169269E+06,2000366E-03,0.1479E+02,0.2879E+02,0.9984572,-0.0125746,0.0540842
T,388,2,0.1173423E+06,2001818E-03,0.2806E+02,0.5145E+02,0.9968503,0.0585801,0.0534597
T,389,2,0.1151514E+06,2000452E-03,0.6011E+01,0.5227E+02,0.9991300,0.0018896,0.0416606
T,390,2,0.1177281E+06,2000198E-03,0.2008E+02,-0.9220E+02,0.9982855,0.0567732,-0.0142430
T,391,2,0.1197159E+06,2000605E-03,0.3579E+02,0.1833E+02,0.9997301,0.0004757,0.0232284
T,392,2,0.1182529E+06,2002075E-03,0.6217E+02,-0.7798E+01,0.9997884,0.0201227,-0.0042740
T,393,2,0.1182977E+06,2000319E-03,-0.5688E+02,0.5381E+01,0.9993937,-0.0348003,-0.0010436
T,394,2,0.1184033E+06,2000905E-03,-0.3537E+02,0.1249E+03,0.9939926,-0.0274017,0.1059615
T,395,2,0.1182644E+06,2001451E-03,-0.1448E+03,-0.1407E+03,0.9926116,-0.0888723,-0.0826067
T,396,2,0.1159395E+06,2000733E-03,-0.5491E+02,-0.6327E+02,0.9885958,-0.0833358,-0.1254329
T,397,2,0.1184155E+06,2001007E-03,-0.2274E+00,0.2263E+02,0.9997975,-0.0201142,-0.0006699
T,398,2,0.1160379E+06,2001002E-03,-0.2096E+02,-0.1835E+02,0.9998174,-0.0051545,-0.0184011
T,399,2,0.1190232E+06,2001173E-03,-0.1449E+03,0.4277E+02,0.9958737,-0.0906417,-0.0044352
T,400,2,0.1157819E+06,2000878E-03,-0.2492E+02,0.2377E+02,0.9996590,-0.0134324,0.0223943
T,401,2,0.1180158E+06,2001617E-03,-0.7199E+02,-0.1627E+02,0.9972928,-0.0709730,-0.0192308
T,402,2,0.1164149E+06,2000489E-03,-0.1438E+03,-0.9425E+01,0.9970936,-0.0659067,0.0382175
T,403,2,0.1173914E+06,2001414E-03,-0.1606E+03,0.1368E+03,0.9810540,-0.1656768,0.1004203
T,404,2,0.1173448E+06,2001061E-03,0.2887E+01,0.1288E+02,0.9994987,0.0270730,0.0164115
T,405,2,0.1174581E+06,2001600E-03,-0.4069E+02,-0.1096E+03,0.9971876,-0.0205755,-0.0720661
T,406,2,0.1190446E+06,2002065E-03,-0.4865E+02,-0.4567E+02,0.9985136,-0.0294368,-0.0458693
T,407,2,0.1164548E+06,2000310E-03,-0.3103E+02,0.7699E+01,0.9806394,-0.0453832,0.1904905
T,408,2,0.1171846E+06,2000932E-03,-0.2848E+02,-0.1240E+02,0.9999706,0.0033884,-0.0068745
T,409,2,0.1174549E+06,2000940E-03,0.6695E+00,0.2635E+02,0.9993867,0.0051090,0.0346420
T,410,2,0.1189467E+06,2000831E-03,-0.1611E+02,0.6196E+01,0.9996338,0.0080728,0.0258275
T,411,2,0.1181236E+06,2000010E-03,0.5952E+02,-0.2550E+02,0.9996307,0.0243596,-0.0120446
T,412,2,0.1175378E+06,2000063E-03,0.1710E+02,0.5847E+02,0.9998425,0.0176750,0.0016174
T,413,2,0.1194186E+06,2001146E-03,-0.1395E+02,-0.7698E+01,0.9996126,0.0022005,-0.0277459
T,414,2,0.1154029E+06,2001331E-03,-0.4898E+02,0.1842E+03,0.9474962,-0.1814390,0.2633076
T,415,2,0.1188317E+06,2000056E-03,0.1010E+03,-0.5555E+02,0.9982153,0.0588953,-0.0098787
T,416,2,0.1174918E+06,2001130E-03,0.3180E+02,0.8405E+02,0.9981675,0.0180394,0.0577606
T,417,2,0.1176772E+06,2000324E-03,-0.3645E+02,0.8743E+01,0.9987091,-0.0502146,-0.0076567
T,418,2,0.1158879E+06,2001173E-03,-0.8943E+02,-0.2256E+02,0.9908995,-0.1344844,0.0056647
T,419,2,0.1141755E+06,2000164E-03,0.1034E+03,-0.7543E+02,0.9991148,-0.0181292,-0.0379596
T,420,2,0.1166016E+06,2000195E-03,0.6107E+02,-0.1055E+02,0.9995855,0.0260807,-0.0121887
T,421,2,0.1159887E+06,2000717E-03,0.6361E+01,-0.2972E+02,0.9999398,-0.0038901,0.0102581
T,422,2,0.1176324E+06,2001959E-03,0.1246E+02,-0.6794E+02,0.9982612,-0.0137266,-0.0573256
T,423,2,0.1182015E+06,2000513E-03,0.1425E+03,-0.1095E+03,0.9912849,0.1045294,-0.0801736
T,424,2,0.1187180E+06,2000839E-03,-0.3608E+02,0.7971E+01,0.9999074,-0.0123744,-0.0056542
T,425,2,0.1170383E+06,2000801E-03,0.2136E+02,-0.7074E+00,0.9998045,0.0156408,0.0120925
T,426,2,0.1173552E+06,2001923E-03,-0.2098E+02,0.6672E+02,0.9993691,-0.0042847,0.0352569
T,427,2,0.1173296E+06,2001445E-03,0.8080E+02,0.1295E+02,0.9986346,0.0522304,0.0009796
T,428,2,0.1179851E+06,2000846E-03,-0.3175E+02,0.7939E+01,0.9997332,0.0127482,0.0192634
T,429,2,0.1172736E+06,2001052E-03,-0.1046E+03,0.8840E+02,0.9884076,-0.1026836,0.1118321
T,430,2,0.1194760E+06,2000938E-03,-0.2291E+02,-0.5522E+01,0.9994432,-0.0321678,0.0088662
T,431,2,0.1176260E+06,2000328E-03,-0.3686E+02,0.3901E+02,0.9982303,-0.0560939,0.0197406
T,432,2,0.1166979E+06,2001110E-03,0.6815E+02,-0.7438E+02,0.9992063,0.0349887,-0.0190397
T,433,2,0.1195871E+06,2002008E-03,-0.2011E+02,-0.2055E+02,0.9996770,-0.0251106,0.0039297
T,434,2,0.1158817E+06,2001303E-03,-0.7748E+02,0.6447E+01,0.9963522,-0.0853055,-0.0022931
T,435,2,0.1178498E+06,2000737E-03,-0.1932E+02,-0.1979E+02,0.9997164,0.0150114,-0.0184883
T,436,2,0.1185038E+06,2001868E-03,-0.2089E+02,-0.7300E+02,0.9982987,-0.0082792,-0.0577155
T,437,2,0.1155049E+06,2000226E-03,-0.6342E+01,0.5367E+02,0.9986278,0.0009779,0.0523593
T,438,2,0.1174791E+06,2000692E-03,0.3494E+02,-0.1738E+02,0.9998294,0.0081020,-0.0165975
T,439,2,0.1188627E+06,2001966E-03,0.1527E+03,0.9225E+02,0.9894730,0.1139647,0.0891925
T,440,2,0.1192310E+06,2001904E-03,-0.7278E+01,-0.6894E+02,0.9986498,-0.0039607,-0.0517974
T,441,2,0.1163412E+06,2000677E-03,0.7762E+02,0.5006E+02,0.9983426,0.0254465,0.0516182
T,442,2,0.1175723E+06,2001004E-03,0.5062E+02,0.5160E+02,0.9923636,0.0658045,0.1043273
T,443,2,0.1178708E+06,2002168E-03,0.6804E+02,-0.7990E+01,0.9987921,0.0491304,-0.0007864
T,444,2,0.1174996E+06,2002156E-03,0.1136E+03,-0.1565E+03,0.9902527,0.0356348,-0.1346470
T,445,2,0.1168481E+06,2002058E-03,0.4204E+02,-0.5640E+02,0.9995101,0.0149903,-0.0274757
T,446,2,0.1179409E+06,2002042E-03,0.5250E+02,-0.4543E+02,0.9988659,0.0000623,-0.0476126
T,447,2,0.1163808E+06,2000834E-03,0.4936E+02,-0.2886E+02,0.9988326,-0.0130378,-0.0465139
T,448,2,0.1184636E+06,2000713E-03,0.7720E+01,0.5241E+01,0.9981066,0.0197309,0.0582567
T,449,2,0.1166377E+06,2001111E-03,0.1095E-01,0.1459E+02,0.9997291,-0.0132555,0.0191324
T,450,2,0.1197127E+06,2000502E-03,-0.4317E+02,-0.1238E+02,0.9991978,-0.0129751,-0.0378861
T,451,2,0.1157487E+06,2000698E-03,-0.8772E+02,-0.1939E+02,0.9966019,-0.0788904,-0.0236845
T,452,2,0.1183934E+06,2000023E-03,0.1140E+03,-0.8426E+02,0.9956398,0.0752028,-0.0551900
T,453,2,0.1200107E+06,2000516E-03,-0.2395E+02,0.2403E+02,0.9988006,-0.0443549,0.0207376
T,454,2,0.1169625E+06,2000900E-03,-0.3305E+02,-0.2845E+01,0.9996448,-0.0236148,-0.0123576
T,455,2,0.1177292E+06,2000886E-03,0.8856E+02,-0.3659E+02,0.9982089,0.0569920,-0.0181886
T,456,2,0.1167882E+06,2001331E-03,-0.1032E+02,0.7417E+02,0.9989463,0.0356122,0.0289482
T,457,2,0.1162774E+06,2000525E-03,-0.1548E+02,0.4236E+02,0.9981725,0.0071412,0.0600061
T,458,2,0.1174609E+06,2000577E-03,-0.9553E+01,0.2295E+02,0.9986842,-0.0045215,0.0510823
T,459,2,0.1142923E+06,2000579E-03,0.4707E+03,-0.7851E+02,0.9686728,0.2446226,-0.0428109
T,460,2,0.1157408E+06,2000317E-03,-0.2555E+02,0.7287E+01,0.9988682,-0.0414577,-0.0233137
T,461,2,0.1195453E+06,2000083E-03,0.5447E+01,-0.5951E+02,0.9980523,-0.0092982,-0.0616855
T,462,2,0.1187546E+06,2001047E-03,-0.8320E+02,0.2903E+02,0.9935114,-0.1093475,0.0312768
T,463,2,0.1163237E+06,2000368E-03,-0.5284E+02,-0.8790E+02,0.9978154,-0.0158817,-0.0641267
T,464,2,0.1153035E+06,2000251E-03,-0.1584E+01,-0.4740E+02,0.9991001,-0.0107828,-0.0410204
T,465,2,0.1184290E+06,2000388E-03,-0.2669E+02,-0.6168E+02,0.9969491,-0.0504183,-0.0595860
T,466,2,0.1160196E+06,2000748E-03,-0.3233E+02,-0.1939E+02,0.9991963,-0.0353143,-0.0189644
T,467,2,0.1170992E+06,2001048E-03,-0.7867E+01,0.2221E+02,0.9998447,-0.0067477,0.0162782
T,468,2,0.1175380E+06,2001577E-03,-0.1940E+02,-0.7892E+02,0.9983756,-0.0115832,-0.0557849
T,469,2,0.1176063E+06,2000392E-03,0.9465E+01,-0.4478E+02,0.9992873,0.0243586,-0.0288353
T,470,2,0.1202519E+06,2000145E-03,-0.7316E+01,-0.3114E+02,0.9996207,0.0039673,-0.0272523
T,471,2,0.1180334E+06,2001032E-03,-0.7588E+01,0.1699E+02,0.9998150,-0.0104815,0.0161305
T,472,2,0.1134339E+06,2000936E-03,-0.2951E+01,-0.3393E+02,0.9667528,-0.1597579,-0.1996657
T,473,2,0.1178096E+06,2001462E-03,0.3295E+02,-0.7836E+02,0.9992085,0.0110434,-0.0382163
T,474,2,0.1183069E+06,2000889E-03,0.1006E+03,0.9784E+01,0.9945850,0.1038631,0.0036187
T,475,2,0.1172358E+06,2000900E-03,-0.1637E+02,0.2013E+02,0.9991240,-0.0380765,0.0173628
T,476,2,0.1182268E+06,2000483E-03,0.2207E+02,0.1538E+02,0.9995683,0.0214930,-0.0200294
T,477,2,0.1162202E+06,2000574E-03,-0.2509E+02,-0.3604E+02,0.9993593,-0.0184863,-0.0306459
T,478,2,0.1167339E+06,2001322E-03,-0.2011E+02,0.2367E+02,0.9989267,0.0064379,0.0458697
T,479,2,0.1191663E+06,2000496E-03,0.1485E+02,-0.1393E+02,0.9979414,0.0622266,0.0155154
T,480,2,0.1164331E+06,2000296E-03,-0.6040E+02,-0.2551E+03,0.9905678,-0.0524131,-0.1266030
T,481,2,0.1175351E+06,2001194E-03,0.1069E+03,0.1428E+02,0.9939438,0.0983240,0.0490721
T,482,2,0.1153530E+06,2000844E-03,-0.1668E+03,-0.9186E+02,0.9692058,-0.2255152,-0.0989091
T,483,2,0.1175916E+06,2001321E-03,0.4714E+02,-0.6819E+02,0.9979375,0.0504542,-0.0396874
T,484,2,0.1166232E+06,2000238E-03,-0.1445E+02,-0.4346E+02,0.9998689,-0.0161115,-0.0016427
T,485,2,0.1172835E+06,2000916E-03,0.2304E+02,0.3090E+00,0.9999151,-0.0121674,0.0046736
T,486,2,0.1161575E+06,2000714E-03,0.7870E+02,0.9301E+02,0.9964967,0.0663782,0.0508750
T,487,2,0.1193532E+06,2000629E-03,-0.3452E+02,-0.3051E+02,0.9998650,-0.0135278,-0.0093238
T,488,2,0.1186568E+06,2002008E-03,-0.5395E+02,-0.3172E+02,0.9988904,-0.0469835,-0.0032518
T,489,2,0.1181071E+06,2001814E-03,-0.5548E+02,-0.4738E+02,0.9988865,-0.0412656,-0.0228673
T,490,2,0.1178218E+06,2000177E-03,-0.3068E+01,0.6098E+02,0.9981399,-0.0159200,0.0588494
T,491,2,0.1175572E+06,2001354E-03,0.7808E+02,-0.9089E+01,0.9977880,0.0653481,-0.0121990
T,492,2,0.1187174E+06,2000182E-03,-0.5078E+02,0.1502E+02,0.9995525,0.0298538,0.0018910
T,493,2,0.1178437E+06,2001347E-03,0.1177E+03,-0.3990E+01,0.9925660,0.1214116,0.0084854
T,494,2,0.1186042E+06,2001010E-03,0.1100E+02,-0.6083E+01,0.9995752,0.0088717,0.0277623
T,495,2,0.1162864E+06,2001267E-03,0.8238E+02,0.2399E+02,0.9988497,0.0448312,0.0170150
T,496,2,0.1180475E+06,2002073E-03,0.8322E+02,0.3827E+02,0.9950780,0.0383876,0.0913572
T,497,2,0.1180049E+06,2000887E-03,0.4690E+01,-0.9268E+01,0.9991987,-0.0327852,0.0229584
T,498,2,0.1190775E+06,2001458E-03,-0.2376E+02,-0.6671E+02,0.9983945,-0.0221988,-0.0521120
T,499,2,0.1074677E+06,2001392E-03,0.7912E+03,0.5672E+03,0.8812311,0.4382324,0.1771554
T,500,2,0.1182452E+06,2000919E-03,0.2131E+02,0.2199E+02,0.9997653,-0.0199962,0.0083400
T,501,2,0.1178041E+06,2000487E-03,-0.3499E+02,0.2295E+02,0.9999482,-0.0101695,0.0004520
T,502,2,0.1183953E+06,2000480E-03,-0.3059E+02,-0.1073E+02,0.9967510,-0.0371490,0.0714667
T,503,2,0.1181301E+06,2002147E-03,-0.1695E+03,0.1107E+02,0.9970340,-0.0747097,-0.0184866
T,504,2,0.1186309E+06,2001924E-03,-0.6270E+02,0.7959E+01,0.9930947,-0.1142548,-0.0266228
T,505,2,0.1195173E+06,2000141E-03,-0.8813E+01,-0.4961E+02,0.9987817,0.0011183,-0.0493340
T,506,2,0.1170976E+06,2000991E-03,0.1088E+03,0.1147E+03,0.9963679,0.0210709,0.0825043
T,507,2,0.1166978E+06,2000931E-03,0.1052E+03,-0.8966E+02,0.9862953,0.1339550,-0.0963202
T,508,2,0.1155472E+06,2000492E-03,0.2193E+02,0.4201E+02,0.9991474,-0.0001273,0.0412847
T,509,2,0.1181722E+06,2001458E-03,0.9058E+02,0.7590E+02,0.9945961,0.0879328,0.0551946
T,510,2,0.1164106E+06,2000875E-03,-0.7257E+01,-0.1579E+02,0.9995524,-0.0115211,-0.0276108
T,511,2,0.1169665E+06,2001674E-03,0.7099E+02,0.2345E+02,0.9976543,0.0682815,0.0048572
T,512,2,0.1197452E+06,2000405E-03,0.5024E+02,0.2285E+00,0.9990714,0.0430095,0.0025640
T,513,2,0.1152861E+06,2001666E-03,-0.1172E+03,0.8478E+01,0.9964522,-0.0834494,0.0109139
T,514,2,0.1169347E+06,2000817E-03,0.1643E+03,-0.4176E+02,0.9958063,0.0750884,-0.0522647
T,515,2,0.1180815E+06,2001309E-03,0.7132E+02,0.3451E+02,0.9981539,0.0556862,0.0242443
T,516,2,0.1172709E+06,2000213E-03,-0.2988E+02,-0.4678E+02,0.9996366,-0.0183965,-0.0197062
T,517,2,0.1192218E+06,2000985E-03,-0.2445E+02,-0.4972E-01,0.9996059,-0.0224157,0.0168968
T,518,2,0.1170327E+06,2000205E-03,0.1367E+02,-0.4874E+02,0.9988900,0.0341486,-0.0324437
T,519,2,0.1166407E+06,2001030E-03,-0.6384E+02,0.1045E+03,0.9940130,-0.0923759,0.0583515
T,520,2,0.1201049E+06,2001725E-03,0.5420E+02,-0.5617E+02,0.9989815,0.0291522,-0.0344394
T,521,2,0.1134523E+06,2000392E-03,0.1005E+02,0.3636E+03,0.9715889,-0.0134728,0.2362912
T,522,2,0.1177334E+06,2000980E-03,0.2429E+02,-0.9575E+01,0.9999904,-0.0033735,0.0028083
T,523,2,0.1165745E+06,2000149E-03,0.3809E+02,0.2294E+02,0.9983272,0.0395655,0.0421593
T,524,2,0.1158649E+06,2000276E-03,-0.1329E+03,0.5751E+02,0.9965336,-0.0720891,0.0415214
T,525,2,0.1177211E+06,2000679E-03,-0.2824E+02,-0.1450E+02,0.9994909,-0.0153840,-0.0279511
T,526,2,0.1171655E+06,2000890E-03,0.2088E+02,-0.2690E+02,0.9995622,0.0295738,0.0008897
T,527,2,0.1189105E+06,2000486E-03,0.2011E+01,0.2823E+02,0.9999848,0.0023692,-0.0049809
T,528,2,0.1138667E+06,2000863E-03,-0.5422E+01,-0.3173E+02,0.9679642,0.2199442,-0.1211195
T,529,2,0.1175220E+06,2002165E-03,-0.9873E+02,0.5140E+02,0.9906613,-0.1216178,0.0616379
T,530,2,0.1175629E+06,2002203E-03,0.2398E+02,-0.1171E+03,0.9987245,-0.0067129,-0.0500429
T,531,2,0.1167988E+06,2000274E-03,-0.2595E+02,-0.5312E+02,0.9993014,-0.0198224,-0.0316822
T,532,2,0.1163102E+06,2001885E-03,-0.2216E+03,-0.1316E+03,0.9935212,-0.0844192,-0.0760851
T,533,2,0.1191794E+06,2000756E-03,-0.1798E+02,-0.3268E+02,0.9994155,-0.0222250,-0.0259741
T,534,2,0.1184632E+06,2000584E-03,0.3259E+02,0.6507E+02,0.9962086,0.0398431,0.0773363
T,535,2,0.1181786E+06,2000839E-03,0.3394E+01,0.8117E+02,0.9978333,0.0246175,0.0610140
T,536,2,0.1184160E+06,2001037E-03,0.8908E+02,-0.2819E+02,0.9982836,0.0538203,-0.0230930
T,537,2,0.1180980E+06,2001169E-03,0.1076E+02,0.9519E+01,0.9999901,0.0029117,0.0033523
T,538,2,0.1167176E+06,2001431E-03,0.6604E+02,-0.5316E+02,0.9984513,0.0458990,-0.0314376
T,539,2,0.1175274E+06,2002128E-03,0.6906E+02,0.7530E+02,0.9957802,0.0423120,0.0814341
T,540,2,0.1143000E+06,2000597E-03,-0.1145E+02,0.1414E+03,0.9598098,0.0715437,0.2713793
T,541,2,0.1169966E+06,2001749E-03,-0.1405E+03,0.3809E+02,0.9948677,-0.0951591,0.0343937
T,542,2,0.1167363E+06,2001015E-03,0.1402E+02,0.1927E+02,0.9995808,0.0142071,0.0252273
T,543,2,0.1176775E+06,2002015E-03,0.5679E+02,0.1411E+02,0.9971992,0.0717252,0.0211961
T,544,2,0.1184764E+06,2001467E-03,-0.5937E+02,-0.6076E+02,0.9982052,-0.0083434,-0.0593022
T,545,2,0.1170187E+06,2000538E-03,0.3013E+02,-0.3674E+02,0.9993335,0.0092629,-0.0353096
T,546,2,0.1164473E+06,2000510E-03,-0.2858E+02,-0.3368E+02,0.9988872,-0.0125575,-0.0454601
T,547,2,0.1175851E+06,2002182E-03,-0.5488E+02,-0.3486E+02,0.9986304,-0.0498912,-0.0157567
T,548,2,0.1183939E+06,2002096E-03,0.1947E+02,-0.3077E+02,0.9970711,0.0700579,0.0306782
T,549,2,0.1143159E+06,2000202E-03,-0.4225E+02,-0.4484E+02,0.9997839,-0.0193527,-0.0075916
T,550,2,0.1179774E+06,2000536E-03,0.6000E+01,0.4891E+02,0.9988675,0.0215926,0.0423975
T,551,2,0.1177974E+06,2000985E-03,-0.1721E+02,-0.1711E+02,0.9992227,-0.0247799,-0.0306584
T,552,2,0.1193404E+06,2000220E-03,0.1065E+02,0.3006E+02,0.9969944,0.0180073,0.0753523
T,553,2,0.1174256E+06,2002015E-03,-0.3982E+02,0.5744E+02,0.9994029,-0.0005824,0.0345471
T,554,2,0.1195088E+06,2001720E-03,-0.2251E+02,-0.6974E+02,0.9979315,-0.0120495,-0.0631464
T,555,2,0.1175918E+06,2000745E-03,-0.9271E+01,0.2688E+02,0.9988732,-0.0005669,0.0474557
T,556,2,0.1158365E+06,2000845E-03,-0.4027E+02,0.7312E+02,0.9976854,-0.0300773,0.0609857
T,557,2,0.1180922E+06,2000050E-03,0.4438E+01,0.5985E+02,0.9987747,-0.0132350,0.0476862
T,558,2,0.1182653E+06,2000627E-03,-0.1763E+02,0.4418E+02,0.9942580,0.0520507,0.0934974
T,559,2,0.1177155E+06,2000712E-03,-0.2322E+02,0.9380E+02,0.9974417,-0.0206986,0.0684227
T,560,2,0.1161054E+06,2002113E-03,-0.1378E+03,-0.1988E+01,0.9962703,-0.0859152,-0.0080085
T,561,2,0.1180164E+06,2000751E-03,-0.3244E+02,-0.1751E+02,0.9998183,-0.0146616,0.0121830
T,562,2,0.1175842E+06,2002208E-03,-0.1351E+02,-0.6286E+02,0.9989974,-0.0155228,-0.0419904
T,563,2,0.1162711E+06,2000521E-03,0.2869E+02,-0.3088E+02,0.9988088,-0.0007056,-0.0487893
T,564,2,0.1175530E+06,2001908E-03,0.3929E+02,0.5506E+02,0.9995640,0.0199958,0.0217243
T,565,2,0.1185786E+06,2002200E-03,-0.2160E+02,0.5709E+02,0.9990076,0.0317361,0.0312525
T,566,2,0.1171938E+06,2000645E-03,-0.8770E+01,0.1050E+02,0.9993586,-0.0340150,-0.0111960
T,567,2,0.1193983E+06,2000236E-03,0.2823E+02,0.4769E+02,0.9998517,0.0169800,0.0028580
T,568,2,0.1191647E+06,2001192E-03,-0.1444E+03,0.9433E+02,0.9957156,-0.0886432,0.0263220
T,569,2,0.1152744E+06,2001912E-03,0.1771E+03,0.1409E+03,0.9935523,0.0972164,0.0583331
T,570,2,0.1165264E+06,2000278E-03,-0.1822E+02,0.4351E+02,0.9990478,-0.0205847,0.0384684
T,571,2,0.1181355E+06,2002095E-03,-0.4009E+02,-0.4629E+02,0.9982026,-0.0431416,-0.0415978
T,572,2,0.1184319E+06,2001848E-03,-0.5092E+02,-0.2312E+02,0.9987519,-0.0254836,0.0429569
T,573,2,0.1160779E+06,2001076E-03,0.8275E+01,-0.3818E+02,0.9957069,0.0871904,-0.0310729
T,574,2,0.1183994E+06,2000953E-03,0.2573E+02,0.1309E+02,0.9998301,-0.0006604,0.0184210
T,575,2,0.1166319E+06,2000156E-03,0.3685E+02,-0.3181E+02,0.9994740,0.0324317,0.0000586
T,576,2,0.1181338E+06,2001369E-03,-0.1315E+02,-0.7004E+02,0.9974633,0.0113303,-0.0702751
T,577,2,0.1182556E+06,2001929E-03,0.8009E+02,-0.9579E+02,0.9978991,0.0359610,-0.0538904
T,578,2,0.1177912E+06,2001262E-03,-0.4459E+02,0.7924E+02,0.9981206,-0.0350680,0.0502540
T,579,2,0.1190182E+06,2000886E-03,-0.1278E+02,0.4628E+01,0.9989686,0.0290837,0.0348692
T,580,2,0.1179086E+06,2002211E-03,-0.2626E+02,0.9161E+02,0.9944376,-0.0362242,0.0989028
T,581,2,0.1181729E+06,2000394E-03,0.3561E+02,0.3548E+02,0.9992366,0.0227359,0.0317683
T,582,2,0.1171883E+06,2000157E-03,-0.1956E+02,0.5591E+02,0.9994548,-0.0100316,0.0314554
T,583,2,0.1190728E+06,2001387E-03,-0.2238E+03,0.1096E+03,0.9941815,-0.0988057,0.0429020
T,584,2,0.1181677E+06,2001500E-03,0.1701E+02,-0.3161E+03,0.9843065,0.0050794,-0.1763939
T,585,2,0.1186874E+06,2001837E-03,0.7570E+02,0.1695E+02,0.9990041,0.0446189,0.0000069
T,586,2,0.1175325E+06,2002152E-03,0.3909E+02,-0.2787E+02,0.9931779,0.1159969,-0.0119279
T,587,2,0.1030564E+06,2000598E-03,-0.7185E+03,-0.1160E+04,0.8157682,-0.3159295,-0.4844695
T,588,2,0.1178251E+06,2001567E-03,0.4669E+02,-0.5003E+02,0.9969381,0.0511243,-0.0591676
T,589,2,0.1166860E+06,2000171E-03,-0.3682E+02,0.4412E+02,0.9993126,-0.0311383,-0.0201196
T,590,2,0.1163596E+06,2002032E-03,0.5385E+02,0.7943E+02,0.9746855,0.1641931,0.1517524
T,591,2,0.1178116E+06,2000493E-03,-0.3629E+02,0.1880E+02,0.9991901,0.0109840,0.0387114
T,592,2,0.1188213E+06,2000469E-03,-0.3232E+02,0.1983E+02,0.9997258,-0.0194270,-0.0130733
T,593,2,0.1188177E+06,2002150E-03,0.2194E+02,0.2593E+02,0.9958104,0.0901742,-0.0151729
T,594,2,0.1179851E+06,2001858E-03,0.8407E+00,0.6306E+02,0.9994898,0.0206411,0.0243737
T,595,2,0.1197603E+06,2000734E-03,-0.4166E+02,-0.4915E+01,0.9992312,-0.0323479,-0.0221500
T,596,2,0.1188448E+06,2000110E-03,-0.1089E+03,-0.1429E+02,0.9974528,-0.0713296,0.0000371
T,597,2,0.1199175E+06,2000157E-03,-0.2056E+02,0.9013E+02,0.9950163,-0.0676476,0.0732553
T,598,2,0.1159649E+06,2001521E-03,0.3061E+03,-0.1742E+03,0.9630409,0.2296684,-0.1407291
T,599,2,0.1172903E+06,2001006E-03,-0.9626E+01,-0.2163E+02,0.9994978,-0.0243497,-0.0202801
T,600,2,0.1179621E+06,2002205E-03,-0.4724E+02,0.1359E+03,0.9954724,-0.0258940,0.0914556
T,601,2,0.1198622E+06,2001343E-03,0.6771E+02,0.4757E+02,0.9971714,0.0523527,0.0539301
T,602,2,0.1199249E+06,2001847E-03,-0.6453E+02,-0.3526E+02,0.9977630,-0.0582281,-0.0328411
T,603,2,0.1172437E+06,2001070E-03,0.5082E+02,0.6631E+02,0.9978911,0.0646358,0.0059653
T,604,2,0.1172191E+06,2001630E-03,-0.4535E+02,-0.4969E+01,0.9976969,-0.0581358,-0.0349440
T,605,2,0.1165332E+06,2000583E-03,-0.3485E+02,0.1784E+02,0.9990368,-0.0167747,0.0405465
T,606,2,0.1180414E+06,2000710E-03,-0.3024E+02,-0.7776E+01,0.9997204,-0.0201023,-0.0124526
T,607,2,0.1165149E+06,2000197E-03,-0.7915E+02,-0.2718E+02,0.9967977,-0.0758276,0.0253870
T,608,2,0.1175038E+06,2000735E-03,-0.1626E+02,0.2131E+02,0.9989347,-0.0386545,0.0252055
T,609,2,0.1159317E+06,2000714E-03,-0.2912E+02,-0.8622E+01,0.9854049,-0.1602795,-0.0573391
T,610,2,0.1195605E+06,2000922E-03,-0.1686E+02,0.1617E+02,0.9997053,0.0125967,0.0207534
T,611,2,0.1171435E+06,2000720E-03,-0.1769E+02,0.1011E+02,0.9982661,0.0556937,0.0190513
T,612,2,0.1173055E+06,2000917E-03,-0.2025E+02,0.2323E+02,0.9997314,0.0224087,0.0059110
T,613,2,0.1172713E+06,2001122E-03,-0.9266E+01,-0.7920E+01,0.9997136,-0.0239253,0.0005599
T,614,2,0.1195388E+06,2000185E-03,0.1057E+03,-0.1631E+03,0.9949484,0.0498063,-0.0871613
T,615,2,0.1203111E+06,2001146E-03,0.7059E+02,-0.3616E+02,0.9967541,0.0613269,-0.0521566
T,616,2,0.1183765E+06,2000314E-03,0.3441E+02,-0.2536E+02,0.9995643,0.0161383,-0.0247140
T,617,2,0.1169162E+06,2001675E-03,0.4612E+02,0.1219E+03,0.9907309,0.0383259,0.1303206
T,618,2,0.1197998E+06,2000208E-03,-0.1975E+02,0.9933E+02,0.9969440,-0.0213067,0.0751578
T,619,2,0.1181626E+06,2000039E-03,0.4173E+02,0.7006E+02,0.9933334,0.0788200,0.0841196
T,620,2,0.1168896E+06,2000880E-03,0.1465E+02,0.2319E+02,0.9998766,-0.0097332,0.0123309
T,621,2,0.1173820E+06,2000637E-03,-0.1361E+02,-0.3956E+02,0.9994678,-0.0146920,-0.0291258
T,622,2,0.1136704E+06,2001630E-03,0.2721E+02,0.1623E+03,0.9947383,0.0109038,0.1018667
T,623,2,0.1155264E+06,2000541E-03,-0.3787E+02,-0.1145E+02,0.9979186,-0.0626790,-0.0151616
T,624,2,0.1173395E+06,2000507E-03,-0.1184E+03,-0.6378E+02,0.9966553,-0.0748471,0.0328049
T,625,2,0.1192276E+06,2000997E-03,-0.2136E+01,-0.2286E+02,0.9992535,0.0170159,-0.0346829
T,626,2,0.1177909E+06,2002125E-03,-0.2709E+02,0.4418E+02,0.9986780,-0.0161046,0.0488139
T,627,2,0.1188908E+06,2000231E-03,0.3954E+02,0.4332E+02,0.9986924,0.0416312,0.0296718
T,628,2,0.1174824E+06,2000126E-03,-0.5371E+02,-0.2872E+02,0.9983322,-0.0500056,-0.0288490
T,629,2,0.1182919E+06,2000084E-03,0.2739E+01,-0.4860E+02,0.9989003,0.0141431,-0.0447002
T,630,2,0.1188001E+06,2000430E-03,0.4810E+01,-0.4234E+02,0.9996572,-0.0148352,-0.0215747
T,631,2,0.1177795E+06,2001335E-03,-0.1815E+03,0.1445E+03,0.9906315,-0.1144938,0.0744336
T,632,2,0.1175224E+06,2000815E-03,0.1670E+02,-0.2840E+02,0.9998702,0.0159683,-0.0021214
T,633,2,0.1184464E+06,2000785E-03,-0.2833E+02,0.1186E+01,0.9999894,-0.0037598,-0.0026630
T,634,2,0.1183190E+06,2000140E-03,-0.4815E+02,-0.2328E+02,0.9987124,-0.0352779,-0.0364554
T,635,2,0.1203431E+06,2001110E-03,-0.1399E+03,-0.3450E+02,0.9928559,-0.1176444,-0.0199232
T,636,2,0.1204192E+06,2001255E-03,-0.7969E+02,-0.2800E+02,0.9980299,-0.0626404,0.0035476
T,637,2,0.1194611E+06,2002215E-03,0.8601E+02,0.1117E+03,0.9950316,0.0875976,0.0473147
T,638,2,0.1162892E+06,2000097E-03,0.1492E+03,0.1188E+02,0.9968623,0.0788172,-0.0073021
T,639,2,0.1171328E+06,2001416E-03,0.8241E+02,-0.5234E+00,0.9980101,0.0630509,-0.0005790
T,640,2,0.1172478E+06,2000613E-03,0.8659E+02,-0.4662E+02,0.9941596,0.1072529,-0.0119824
T,641,2,0.1184315E+06,2000379E-03,-0.5692E+02,-0.2834E+02,0.9988873,-0.0467820,-0.0059718
T,642,2,0.1180930E+06,2000681E-03,-0.4950E+02,-0.5364E+02,0.9955712,-0.0542264,-0.0767944
T,643,2,0.1175210E+06,2002217E-03,0.1262E+03,-0.1392E+02,0.9955963,0.0891920,-0.0288593
T,644,2,0.1191112E+06,2000996E-03,-0.9223E+01,-0.2636E+02,0.9999880,-0.0041815,0.0025435
T,645,2,0.1136854E+06,2001974E-03,-0.3058E+03,0.1950E+03,0.9687207,-0.1907086,0.1587777
T,646,2,0.1164527E+06,2001908E-03,-0.2394E+02,-0.5497E+01,0.9967238,-0.0140523,-0.0796499
T,647,2,0.1155772E+06,2002055E-03,0.2398E+01,0.2820E+03,0.9896379,0.0187204,0.1423597
T,648,2,0.1174030E+06,2000754E-03,-0.1549E+03,0.2695E+03,0.9836501,-0.0884006,0.1569005
T,649,2,0.1198609E+06,2000184E-03,0.1396E+03,0.2239E+02,0.9978413,0.0636667,0.0161003
T,650,2,0.1169476E+06,2000290E-03,-0.4661E+02,0.3283E+02,0.9995184,-0.0158215,0.0266950
T,651,2,0.1177909E+06,2001317E-03,-0.1102E+03,0.1022E+03,0.9963321,-0.0793823,0.0319510
T,652,2,0.1157543E+06,2000411E-03,-0.3718E+02,-0.4532E+01,0.9991710,-0.0383400,-0.0136871
T,653,2,0.1181993E+06,2000415E-03,0.1691E+03,-0.1140E+02,0.9939080,0.1101756,-0.0028665
T,654,2,0.1192116E+06,2001133E-03,0.1649E+02,0.9443E+01,0.9999541,0.0060018,0.0074678
T,655,2,0.1189038E+06,2000733E-03,-0.3590E+02,0.7070E+01,0.9995472,-0.0018262,0.0300354
T,656,2,0.1170504E+06,2000881E-03,-0.1102E+02,-0.1122E+02,0.9987901,-0.0459653,-0.0174800
T,657,2,0.1163029E+06,2001530E-03,0.4312E+02,-0.5427E+02,0.9974248,0.0434920,-0.0570284
T,658,2,0.1194679E+06,2001608E-03,-0.3136E+02,0.7338E+02,0.9989301,-0.0410275,0.0213420
T,659,2,0.1181311E+06,2000833E-03,-0.3004E+02,0.1179E+02,0.9997612,-0.0189671,0.0108499
T,660,2,0.1158816E+06,2000845E-03,0.2920E+02,0.7456E+02,0.9992286,0.0159691,0.0358766
T,661,2,0.1173336E+06,2002217E-03,0.1434E+02,0.6724E+02,0.9995034,0.0238433,0.0206026
T,662,2,0.1161393E+06,2001248E-03,0.4417E+02,0.1156E+03,0.9982990,0.0271397,0.0515991
T,663,2,0.1183695E+06,2002173E-03,-0.9175E+02,0.1007E+03,0.9943465,-0.0707216,0.0792060
T,664,2,0.1183835E+06,2001315E-03,-0.5017E+02,-0.6107E+02,0.9987755,-0.0467809,-0.0160961
T,665,2,0.1172506E+06,2000444E-03,0.1060E+01,-0.2859E+02,0.9990369,0.0070407,-0.0433090
T,666,2,0.1205541E+06,2000631E-03,-0.2075E+02,0.2153E+02,0.9999264,-0.0019057,0.0119822
T,667,2,0.1186611E+06,2001245E-03,-0.6597E+02,-0.1273E+02,0.9967574,-0.0803273,0.0047132
T,668,2,0.1170523E+06,2001518E-03,-0.7540E+02,0.3218E+02,0.9984654,-0.0406174,0.0376438
T,669,2,0.1169133E+06,2000835E-03,-0.7154E+01,-0.2263E+02,0.9983569,0.0005500,-0.0572997
T,670,2,0.1183254E+06,2000978E-03,0.2556E+02,-0.1410E+03,0.9902215,-0.0622208,-0.1248598
T,671,2,0.1193310E+06,2000638E-03,-0.2014E+02,0.3724E+02,0.9993975,-0.0066118,0.0340729
T,672,2,0.1196778E+06,2001024E-03,0.3710E+01,0.2482E+02,0.9995916,0.0174760,0.0226113
T,673,2,0.1154014E+06,2001054E-03,-0.1642E+02,-0.3428E+00,0.9994333,-0.0294149,0.0163635
T,674,2,0.1191681E+06,2000609E-03,0.6339E+01,-0.2073E+02,0.9998621,-0.0163828,-0.0027008
T,675,2,0.1172045E+06,2001145E-03,-0.7742E+01,-0.9647E+01,0.9998226,-0.0179455,-0.0057172
T,676,2,0.1177059E+06,2001718E-03,-0.2242E+02,0.7347E+02,0.9989381,-0.0289433,0.0358462
T,677,2,0.1161159E+06,2000880E-03,0.4824E+02,-0.1188E+03,0.9950196,0.0377735,-0.0922456
T,678,2,0.1169687E+06,2000490E-03,-0.5376E+01,0.4756E+02,0.9997299,-0.0093977,0.0212548
T,679,2,0.1198220E+06,2000941E-03,-0.1591E+02,-0.2513E+02,0.9996993,-0.0109854,-0.0219224
T,680,2,0.1171317E+06,2000754E-03,-0.3489E+01,0.1072E+02,0.9995303,0.0169440,-0.0255367
T,681,2,0.1185205E+06,2000377E-03,0.1662E+02,0.4597E+02,0.9994619,-0.0283806,0.0164424
T,682,2,0.1163479E+06,2000242E-03,-0.2230E+03,-0.7008E+02,0.9895676,-0.1395583,-0.0357702
T,683,2,0.1182455E+06,2000758E-03,-0.1183E+02,0.9814E+02,0.9962852,-0.0322184,0.0798614
T,684,2,0.1178486E+06,2000569E-03,0.1713E+02,-0.7094E+01,0.9996521,0.0174632,-0.0197675
T,685,2,0.1163645E+06,2000170E-03,0.3092E+02,-0.5052E+02,0.9997623,0.0133700,-0.0172229
T,686,2,0.1169370E+06,2001882E-03,0.5223E+02,0.2349E+02,0.9977561,0.0654615,-0.0140543
T,687,2,0.1176928E+06,2000794E-03,0.7752E+02,-0.5037E+02,0.9981885,0.0449375,-0.0400042
T,688,2,0.1185603E+06,2000873E-03,0.1135E+03,-0.7654E+02,0.9984541,0.0288535,-0.0475068
T,689,2,0.1159158E+06,2000920E-03,-0.1469E+03,-0.5725E+02,0.9957140,-0.0891307,-0.0246852
T,690,2,0.1174666E+06,2000909E-03,-0.2582E+02,-0.1971E+02,0.9998219,-0.0049040,-0.0182223
T,691,2,0.1180999E+06,2001618E-03,-0.3965E+02,0.1193E+03,0.9966072,-0.0384649,0.0727637
T,692,2,0.1164201E+06,2002121E-03,0.6569E+02,-0.8631E+02,0.9862437,0.1598754,-0.0419911
T,693,2,0.1169182E+06,2000122E-03,0.3618E+02,0.1310E+03,0.9967149,0.0013779,0.0809783
T,694,2,0.1181919E+06,2001789E-03,-0.3267E+02,-0.5888E+02,0.9977035,-0.0559313,-0.0382027
T,695,2,0.1176369E+06,2000351E-03,-0.2349E+02,0.3476E+02,0.9988151,-0.0274961,0.0401532
T,696,2,0.1157535E+06,2001699E-03,-0.1043E+02,0.7887E+02,0.9975259,0.0053184,0.0700982
T,697,2,0.1166382E+06,2000622E-03,0.3652E+02,-0.1958E+03,0.9898168,0.0153346,-0.1415187
T,698,2,0.1173068E+06,2002116E-03,0.1131E+03,0.1351E+02,0.9976529,0.0363075,0.0580559
T,699,2,0.1204961E+06,2001852E-03,-0.5145E+02,-0.4307E+02,0.9995281,-0.0254946,-0.0171330
T,700,2,0.1182873E+06,2001492E-03,-0.4860E+02,-0.2609E+02,0.9965172,-0.0720116,-0.0420455
T,701,2,0.1187127E+06,2000960E-03,0.5647E+01,0.1999E+02,0.9996828,-0.0025461,0.0250551
T,702,2,0.1179359E+06,2000885E-03,-0.1693E+02,0.1379E+02,0.9990458,-0.0240689,-0.0364442
T,703,2,0.1175204E+06,2000781E-03,-0.9471E+02,-0.2356E+01,0.9977694,-0.0667546,-0.0003810
T,704,2,0.1174251E+06,2000457E-03,-0.2784E+02,-0.3262E+02,0.9992478,-0.0387734,0.0006580
T,705,2,0.1184172E+06,2000495E-03,-0.1917E+02,0.4575E+02,0.9987343,-0.0271303,0.0423519
T,706,2,0.1151938E+06,2000926E-03,0.2252E+02,0.8740E+01,0.9998965,0.0058595,0.0131424
T,707,2,0.1180050E+06,2000887E-03,0.2845E+02,0.1353E+02,0.9995028,0.0303065,-0.0087020
T,708,2,0.1193486E+06,2000791E-03,-0.2853E+01,-0.1125E+02,0.9986258,0.0497572,-0.0164556
T,709,2,0.1184431E+06,2000312E-03,0.5257E+02,-0.1472E+02,0.9980754,0.0059709,-0.0617232
T,710,2,0.1180825E+06,2000860E-03,0.3802E+01,-0.3379E+02,0.9996098,0.0012947,-0.0279037
T,711,2,0.1185990E+06,2000886E-03,0.2000E+01,0.5779E+01,0.9994510,0.0019610,0.0330726
T,712,2,0.1187731E+06,2002041E-03,0.3737E+02,-0.5317E+02,0.9983650,0.0209018,-0.0532024
T,713,2,0.1162434E+06,2000348E-03,-0.4139E+02,-0.1161E+02,0.9985068,-0.0539317,0.0086876
T,714,2,0.1168545E+06,2001771E-03,-0.2574E+03,0.2504E+03,0.9720161,-0.1412576,0.1876991
T,715,2,0.1188964E+06,2002236E-03,0.9252E+01,0.6137E+02,0.9995097,-0.0000014,0.0313104
T,716,2,0.1189166E+06,2000724E-03,-0.2786E+02,0.2153E+03,0.9913216,-0.0225613,0.1295088
T,717,2,0.1202560E+06,2000945E-03,-0.1411E+02,-0.1094E+01,0.9992034,-0.0396010,0.0049423
T,718,2,0.1170137E+06,2001376E-03,-0.1610E+03,0.1755E+02,0.9939419,-0.1097102,-0.0065781
T,719,2,0.1184218E+06,2001462E-03,0.1824E+03,-0.4545E+02,0.9935921,0.1025807,-0.0474538
T,720,2,0.1170104E+06,2000683E-03,-0.3458E+02,-0.1903E+03,0.9933587,0.0177527,-0.1136810
T,721,2,0.1163896E+06,2000680E-03,0.2386E+02,-0.2151E+02,0.9992238,0.0330351,-0.0214569
T,722,2,0.1165183E+06,2000320E-03,-0.2576E+02,-0.2934E+02,0.9985809,0.0464264,-0.0260926
T,723,2,0.1160573E+06,2000353E-03,0.5795E+01,0.3180E+02,0.9905050,-0.1373806,-0.0051471
T,724,2,0.1184609E+06,2000844E-03,0.6968E+01,-0.1385E+02,0.9997080,-0.0214035,-0.0112206
T,725,2,0.1205497E+06,2000897E-03,0.3173E+02,-0.9035E+02,0.9982179,0.0231073,-0.0550190
T,726,2,0.1172882E+06,2002076E-03,0.5325E+02,0.9425E+02,0.9962982,0.0535505,0.0672480
T,727,2,0.1157283E+06,2001035E-03,-0.7923E+01,0.7506E+01,0.9977683,0.0622629,-0.0241202
T,728,2,0.1192756E+06,2001119E-03,-0.2817E+01,0.9580E+01,0.9996503,-0.0254054,0.0073364
T,729,2,0.1187000E+06,2002087E-03,0.1124E+03,0.1134E+02,0.9966223,0.0775939,0.0268908
T,730,2,0.1006383E+06,2001616E-03,0.2365E+03,0.5916E+03,0.8634894,0.1788855,0.4715782
T,731,2,0.1173217E+06,2002103E-03,-0.5706E+02,-0.5987E+01,0.9985866,-0.0375625,-0.0376021
T,732,2,0.1180722E+06,2001124E-03,0.4350E+01,0.1612E+02,0.9994952,0.0253759,0.0191176
T,733,2,0.1156472E+06,2001185E-03,0.1078E+03,0.1166E+03,0.9955870,0.0245736,0.0905680
T,734,2,0.1180357E+06,2000159E-03,0.4534E+02,-0.3036E+02,0.9977841,0.0558634,-0.0361398
T,735,2,0.1151335E+06,2001015E-03,0.6789E+01,0.1710E+02,0.9998250,0.0187022,0.0003178
T,736,2,0.1027567E+06,2001197E-03,-0.2783E+01,-0.2865E+03,0.7494865,0.0127906,-0.6618960
T,737,2,0.1193584E+06,2000387E-03,0.2286E+02,-0.4335E+02,0.9994215,0.0339550,-0.0019285
T,738,2,0.1159065E+06,2000196E-03,-0.5379E+02,-0.1201E+02,0.9994812,-0.0319323,-0.0041955
T,739,2,0.1187108E+06,2000311E-03,0.1015E+03,0.1006E+02,0.9968020,0.0793689,-0.0092883
T,740,2,0.1170096E+06,2000826E-03,0.3306E+02,-0.5581E-01,0.9996076,0.0269600,0.0076090
T,741,2,0.1163876E+06,2000733E-03,0.2039E+02,0.1658E+03,0.9961765,0.0188682,0.0853011
T,742,2,0.1176280E+06,2000570E-03,0.4565E+02,0.8353E+01,0.9990961,0.0419798,-0.0066904
T,743,2,0.1167890E+06,2001692E-03,0.9345E+02,-0.5365E+02,0.9956893,0.0882438,-0.0285640
T,744,2,0.1189318E+06,2001410E-03,-0.5526E+02,-0.4774E+02,0.9972668,-0.0664925,-0.0322119
T,745,2,0.1203110E+06,2001848E-03,-0.1063E+03,0.4958E+02,0.9966196,-0.0659659,0.0489684
T,746,2,0.1172818E+06,2001730E-03,-0.4000E+02,0.1056E+03,0.9991807,-0.0301395,0.0270097
T,747,2,0.1188117E+06,2001107E-03,-0.8361E+02,0.4129E+02,0.9951968,-0.0950579,0.0233934
T,748,2,0.1194633E+06,2001095E-03,0.1492E+02,-0.1271E+01,0.9998072,0.0191826,0.0041884
T,749,2,0.1173435E+06,2000769E-03,-0.1155E+02,0.3148E+02,0.9998060,-0.0054593,0.0189231
T,750,2,0.1179669E+06,2000274E-03,-0.6821E+02,0.8715E+02,0.9999554,0.0083124,0.0044838
T,751,2,0.1160559E+06,2000355E-03,-0.3146E+02,0.3292E+02,0.9989057,0.0281947,0.0373169
T,752,2,0.1164932E+06,2002248E-03,-0.3240E+02,0.2134E+02,0.9980266,-0.0583097,0.0233014
T,753,2,0.1191855E+06,2001834E-03,0.5474E+02,0.4707E+02,0.9978131,0.0627497,0.0207721
T,754,2,0.1164993E+06,2000751E-03,0.2011E+02,-0.3178E+02,0.9990427,0.0002348,-0.0437447
T,755,2,0.1181289E+06,2001793E-03,-0.4050E+02,-0.6531E+02,0.9984335,-0.0423862,-0.0365226
T,756,2,0.1164757E+06,2000383E-03,0.2449E+02,-0.2168E+02,0.9979117,0.0570982,-0.0301992
T,757,2,0.1189316E+06,2002128E-03,0.2197E+02,-0.5499E+02,0.9976951,0.0426646,-0.0527658
T,758,2,0.1149833E+06,2002191E-03,-0.3369E+02,-0.4704E+02,0.9996767,-0.0230431,-0.0107504
T,759,2,0.1177741E+06,2001157E-03,-0.5349E+02,-0.3742E+02,0.9986991,-0.0224536,-0.0457822
T,760,2,0.1166870E+06,2001439E-03,0.3552E+02,0.3451E+02,0.9947784,0.0560231,0.0853069
T,761,2,0.1188816E+06,2001774E-03,0.4166E+02,-0.3413E+02,0.9990395,-0.0342644,0.0273137
T,762,2,0.1177814E+06,2001573E-03,0.7443E+02,0.2405E+02,0.9978221,0.0646119,0.0132828
T,763,2,0.1195082E+06,2001061E-03,-0.1089E+01,0.1907E+02,0.9994507,0.0290567,0.0159351
T,764,2,0.1173318E+06,2001548E-03,0.1112E+03,0.1081E+03,0.9783373,0.1690359,0.1195116
T,765,2,0.1180668E+06,2002050E-03,-0.1575E+02,0.5989E+02,0.9983174,-0.0199424,0.0544483
T,766,2,0.1184484E+06,2000794E-03,-0.2975E+02,-0.1370E+02,0.9996342,-0.0269277,0.0025089
T,767,2,0.1198928E+06,2000900E-03,0.4984E+01,0.2502E+02,0.9998825,0.0021224,-0.0151788
T,768,2,0.1169405E+06,2000976E-03,0.1399E+02,-0.2252E+02,0.9998348,0.0132232,-0.0124676
T,769,2,0.1200675E+06,2000150E-03,-0.4365E+02,-0.2146E+03,0.9961451,-0.0072937,-0.0874174
T,770,2,0.1167036E+06,2001501E-03,0.2864E+02,0.8745E+02,0.9983316,0.0044299,0.0575712
T,771,2,0.1160433E+06,2000955E-03,0.1261E+03,-0.9091E+02,0.9913422,0.1229959,-0.0459634
T,772,2,0.1177645E+06,2000671E-03,0.2831E+02,-0.1123E+03,0.9927714,-0.0201507,-0.1183170
T,773,2,0.1176605E+06,2001859E-03,0.6981E+02,-0.1947E+01,0.9993280,0.0359146,-0.0073273
T,774,2,0.1162485E+06,2000857E-03,-0.1320E+02,-0.2271E+02,0.9994268,-0.0186605,-0.0282450
T,775,2,0.1176554E+06,2000938E-03,-0.3321E+02,0.9420E+02,0.9986134,-0.0085478,0.0519449
T,776,2,0.1188491E+06,2001123E-03,-0.1012E+02,0.1496E+02,0.9999770,0.0045630,0.0050274
T,777,2,0.1164420E+06,2000750E-03,-0.1236E+02,0.2017E+02,0.9998865,0.0149794,-0.0016086
T,778,2,0.1158632E+06,2000968E-03,0.9084E+02,0.3677E+02,0.9984627,0.0504800,0.0228896
T,779,2,0.1158034E+06,2000327E-03,-0.5552E+02,0.2335E+01,0.9995011,-0.0295071,0.0112599
T,780,2,0.1184110E+06,2002162E-03,0.2398E+02,0.1076E+03,0.9932959,0.0392834,0.1087197
T,781,2,0.1179414E+06,2000858E-03,0.3126E+02,0.8443E+01,0.9992081,0.0395562,0.0042900
T,782,2,0.1173853E+06,2001003E-03,-0.1332E+02,0.1279E+02,0.9991509,0.0138786,0.0387923
T,783,2,0.1176892E+06,2000840E-03,-0.1354E+02,0.9673E+02,0.9919838,0.0219703,0.1244406
T,784,2,0.1179595E+06,2001366E-03,-0.6608E+02,-0.3246E+02,0.9982594,-0.0400127,-0.0433255
T,785,2,0.1180902E+06,2000005E-03,-0.4195E+02,-0.2705E+02,0.9979353,-0.0635397,-0.0093768
T,786,2,0.1188269E+06,2001187E-03,0.1776E+01,-0.7571E+01,0.9998465,0.0055962,-0.0166019
T,787,2,0.1159425E+06,2002109E-03,-0.8197E+02,-0.6465E+02,0.9975597,-0.0437061,-0.0544458
T,788,2,0.1187301E+06,2001155E-03,0.6823E+02,0.3336E+02,0.9936010,0.1088648,-0.0300902
T,789,2,0.1174574E+06,2000744E-03,0.4001E+02,0.2544E+01,0.9998078,0.0172272,0.0093598
T,790,2,0.1174650E+06,2000520E-03,0.1769E+02,-0.1856E+02,0.9926233,-0.0079209,-0.1209806
T,791,2,0.1172339E+06,2000243E-03,-0.2856E+02,0.4681E+02,0.9983502,-0.0306796,0.0485340
T,792,2,0.1163125E+06,2000319E-03,0.1164E+02,0.5367E+02,0.9992698,0.0127498,0.0360190
T,793,2,0.1185288E+06,2002091E-03,-0.1136E+03,-0.6360E+02,0.9862345,-0.1337862,-0.0971739
T,794,2,0.1178537E+06,2000454E-03,-0.1382E+02,0.4480E+01,0.9965031,0.0162255,0.0819648
T,795,2,0.1194749E+06,2001747E-03,-0.2912E+01,0.7567E+02,0.9969348,0.0072613,0.0778987
T,796,2,0.1154821E+06,2001971E-03,0.6333E+02,-0.1821E+02,0.9988107,0.0477141,-0.0100235
T,797,2,0.1215880E+06,2000609E-03,-0.2396E+01,0.3612E+02,0.9999695,0.0077490,0.0010052
T,798,2,0.1195431E+06,2000791E-03,-0.3128E+02,-0.2007E+01,0.9991468,-0.0242147,0.0334569
T,799,2,0.1196363E+06,2001680E-03,-0.7504E+02,0.6936E+01,0.9991216,-0.0283406,-0.0308695
T,800,2,0.1174588E+06,2000206E-03,0.4751E+02,-0.3294E+02,0.9991817,0.0178721,-0.0362841
T,801,2,0.1163357E+06,2001111E-03,0.9771E+01,0.5119E+01,0.9999512,0.0098405,-0.0009282
T,802,2,0.1173872E+06,2001958E-03,0.3626E+02,0.1069E+03,0.9987362,0.0228186,0.0447817
T,803,2,0.1190541E+06,2000542E-03,-0.4818E+02,0.2609E+02,0.9997934,-0.0097276,0.0178480
T,804,2,0.1186739E+06,2001825E-03,0.4340E+02,-0.1315E+03,0.9943087,0.0695685,-0.0806878
T,805,2,0.1179053E+06,2001184E-03,0.7346E+02,-0.5416E+02,0.9969395,0.0707235,-0.0333136
T,806,2,0.1172585E+06,2000583E-03,0.2615E+02,0.3621E+02,0.9989388,-0.0108347,0.0447650
T,807,2,0.1185041E+06,2002064E-03,0.5947E+02,-0.1376E+02,0.9975216,0.0485881,-0.0508911
T,808,2,0.1167384E+06,2000201E-03,0.2818E+03,-0.3505E+03,0.9675616,0.1605003,-0.1951004
T,809,2,0.1197781E+06,2000325E-03,-0.1258E+02,0.5142E+02,0.9994786,-0.0191967,0.0259635
T,810,2,0.1175434E+06,2000462E-03,-0.1970E+01,-0.5292E+02,0.9995074,-0.0104162,-0.0296051
T,811,2,0.1190229E+06,2002196E-03,0.1485E+03,0.3697E+02,0.9961222,0.0829310,0.0293767
T,812,2,0.1154300E+06,2001602E-03,0.6561E+02,0.1153E+03,0.9968203,0.0363423,0.0709115
T,813,2,0.1172088E+06,2001084E-03,0.1716E+02,-0.3710E+01,0.9999039,0.0096969,-0.0099122
T,814,2,0.1178305E+06,2001748E-03,-0.6601E+02,-0.1249E+03,0.9981330,-0.0274680,-0.0545533
T,815,2,0.1189659E+06,2000122E-03,0.3627E+02,-0.4058E+02,0.9987604,0.0495192,0.0050453
T,816,2,0.1170550E+06,2000102E-03,0.5629E+02,0.1370E+03,0.9954734,0.0874050,0.0373231
T,817,2,0.1179411E+06,2000614E-03,0.6516E+02,0.1562E+03,0.9907909,0.0580905,0.1223062
T,818,2,0.1169350E+06,2000712E-03,0.2047E+02,-0.1572E+03,0.9961916,-0.0043230,-0.0870837
T,819,2,0.1185785E+06,2001290E-03,0.1289E+03,0.3314E+02,0.9981588,0.0527236,0.0299882
T,820,2,0.1189597E+06,2000811E-03,0.8870E+01,-0.2591E+02,0.9977415,-0.0109959,-0.0662651
T,821,2,0.1176905E+06,2000778E-03,0.1581E+02,0.2002E+02,0.9997236,-0.0226779,0.0061996
T,822,2,0.1155038E+06,2001669E-03,0.4586E+01,-0.7145E+02,0.9979002,0.0077849,-0.0643006
T,823,2,0.1174075E+06,2000593E-03,-0.3322E+02,0.2830E+02,0.9993575,-0.0283253,0.0219611
T,824,2,0.1173419E+06,2000354E-03,-0.1163E+02,0.9100E+02,0.9978215,-0.0349331,0.0559640
T,825,2,0.1162266E+06,2000036E-03,0.4528E+02,-0.1943E+03,0.9947176,0.0251309,-0.0995252
T,826,2,0.1179581E+06,2001121E-03,0.1198E+02,-0.1058E+02,0.9998148,0.0138076,-0.0134073
T,827,2,0.1205060E+06,2000106E-03,0.1008E+02,-0.5322E+02,0.9984341,-0.0005374,-0.0559382
T,828,2,0.1180925E+06,2000628E-03,0.2992E+00,0.3197E+00,0.9990221,0.0377394,-0.0230342
T,829,2,0.1197038E+06,2000817E-03,-0.7890E+01,-0.2564E+02,0.9993454,-0.0320462,0.0167857
T,830,2,0.1167051E+06,2001593E-03,0.6923E+02,-0.9282E+00,0.9969694,0.0702869,0.0333429
T,831,2,0.1180858E+06,2001879E-03,-0.8202E+00,-0.6623E+02,0.9987409,-0.0143365,-0.0480737
T,832,2,0.1179947E+06,2000791E-03,-0.5050E+02,-0.7189E+02,0.9979347,-0.0427671,-0.0479292
T,833,2,0.1196688E+06,2000583E-03,-0.9132E+02,-0.1190E+00,0.9966694,-0.0804730,0.0131954
T,834,2,0.1185208E+06,2000139E-03,-0.5747E+02,-0.1066E+02,0.9990010,-0.0430718,-0.0119113
T,835,2,0.1158456E+06,2000297E-03,0.7463E+02,0.1460E+03,0.9869222,0.0718334,0.1443069
T,836,2,0.9966730E+05,2000522E-03,0.2402E+02,0.5863E+02,0.7493921,0.3821648,0.5407047
T,837,2,0.1139604E+06,2002073E-03,0.2175E+02,0.1139E+03,0.9948080,0.0296494,0.0973552
T,838,2,0.1181824E+06,2001444E-03,0.4832E+02,-0.1087E+03,0.9951611,0.0615092,-0.0766230
T,839,2,0.1185237E+06,2001121E-03,-0.8403E+01,-0.1808E+02,0.9999879,-0.0031891,0.0037548
T,840,2,0.1178149E+06,2001217E-03,-0.1042E+02,-0.4518E+01,0.9999694,-0.0046510,-0.0062920
T,841,2,0.1185801E+06,2000026E-03,-0.4920E+02,0.3447E+02,0.9997833,-0.0190003,0.0085046
T,842,2,0.1167335E+06,2002242E-03,-0.8092E+02,0.6650E+02,0.9978853,-0.0567607,0.0316736
T,843,2,0.1171497E+06,2002236E-03,-0.3006E+02,-0.4656E+01,0.9978848,-0.0278200,-0.0587534
T,844,2,0.1170882E+06,2001204E-03,-0.2112E+01,0.6468E+01,0.9998593,0.0165657,0.0026506
T,845,2,0.1182460E+06,2000778E-03,0.3329E+02,-0.1034E+01,0.9998257,0.0156024,0.0102565
T,846,2,0.1161197E+06,2001243E-03,0.2200E+02,-0.7704E+02,0.9981654,0.0281059,-0.0536268
T,847,2,0.1186118E+06,2001436E-03,-0.3057E+02,-0.9556E+02,0.9889074,0.0058355,-0.1484187
T,848,2,0.1171211E+06,2000685E-03,-0.3181E+02,0.9662E+01,0.9999742,0.0009441,0.0071220
T,849,2,0.1173561E+06,2000679E-03,0.2464E+02,0.8135E+02,0.9920913,0.0690742,0.1048027
T,850,2,0.1161397E+06,2000430E-03,0.7802E+02,-0.2521E+02,0.9961791,-0.0072679,-0.0870311
T,851,2,0.1189508E+06,2001080E-03,-0.1796E+02,-0.4430E+01,0.9998383,-0.0076935,-0.0162535
T,852,2,0.1135445E+06,2000040E-03,-0.3370E+02,-0.5583E+02,0.9993184,-0.0312680,-0.0196243
T,853,2,0.1181252E+06,2001135E-03,0.1079E+02,-0.7020E+01,0.9999445,-0.0101119,0.0029591
T,854,2,0.1187047E+06,2000919E-03,0.3027E+02,-0.7873E+00,0.9997480,0.0218871,0.0049920
T,855,2,0.1190728E+06,2000487E-03,0.1975E+02,0.4026E+02,0.9994748,-0.0131107,0.0296357
T,856,2,0.1161687E+06,2002168E-03,-0.1947E+03,0.2196E+03,0.9870990,-0.0861154,0.1349802
T,857,2,0.1182285E+06,2000975E-03,0.2013E+02,0.1858E+02,0.9999935,0.0033601,-0.0012953
T,858,2,0.1163186E+06,2000748E-03,0.2540E+02,0.2441E+02,0.9992613,0.0226850,0.0310194
T,859,2,0.1198630E+06,2000814E-03,-0.2028E+00,0.2044E+02,0.9993869,0.0089184,0.0338581
T,860,2,0.1172830E+06,2000252E-03,0.4288E+02,-0.3431E+02,0.9995402,0.0276581,0.0124291
T,861,2,0.1162650E+06,2001125E-03,-0.5343E+02,-0.9626E+02,0.9959571,-0.0599624,-0.0668885
T,862,2,0.1175318E+06,2001842E-03,-0.5018E+02,0.1175E+03,0.9965241,-0.0187709,0.0811627
T,863,2,0.1181812E+06,2001174E-03,0.1183E+02,0.7471E+01,0.9998948,0.0076037,0.0123499
T,864,2,0.1161397E+06,2001971E-03,0.6797E+02,0.2463E+02,0.9991659,0.0404082,0.0058862
T,865,2,0.1177938E+06,2000353E-03,-0.3681E+02,0.3701E+00,0.9993921,-0.0206763,0.0280714
T,866,2,0.1176403E+06,2000648E-03,0.1963E+03,0.1589E+03,0.9866616,0.1222715,0.1074642
T,867,2,0.1197181E+06,2001383E-03,-0.7197E+02,-0.6135E+02,0.9971485,-0.0457512,-0.0600137
T,868,2,0.1171337E+06,2000131E-03,-0.7481E+02,-0.1075E+03,0.9921381,-0.0651011,-0.1068820
T,869,2,0.1171913E+06,2000500E-03,0.3153E+02,0.4138E+02,0.9988125,0.0182528,0.0451721
T,870,2,0.1180424E+06,2000385E-03,0.2598E+02,-0.3943E+02,0.9997744,0.0086219,-0.0194130
T,871,2,0.1174381E+06,2000317E-03,-0.5843E+02,0.1223E+03,0.9968912,-0.0494642,0.0613288
T,872,2,0.1210272E+06,2000164E-03,0.1420E+01,-0.3731E+02,0.9998556,0.0167277,-0.0029990
T,873,2,0.1169865E+06,2001153E-03,0.5118E+01,-0.1065E+02,0.9998820,0.0101759,-0.0115114
T,874,2,0.1175010E+06,2000794E-03,-0.4939E+01,0.2851E+02,0.9996049,-0.0276861,0.0048599
T,875,2,0.1181852E+06,2001255E-03,0.1372E+03,0.5660E+02,0.9982917,0.0494878,0.0310575
T,876,2,0.1182233E+06,2001222E-03,0.9715E+01,0.2735E+01,0.9998644,-0.0023307,0.0163005
T,877,2,0.1170269E+06,2001295E-03,-0.7634E+02,0.5303E+02,0.9999811,-0.0060421,0.0011005
T,878,2,0.1169978E+06,2001819E-03,-0.6610E+02,-0.1856E+02,0.9988806,-0.0452491,0.0137886
T,879,2,0.1194320E+06,2000717E-03,-0.2193E+00,-0.3966E+02,0.9996644,-0.0193271,-0.0172506
T,880,2,0.1172359E+06,2001513E-03,-0.6010E+02,0.4573E+02,0.9984242,-0.0238932,0.0507767
T,881,2,0.1186536E+06,2000873E-03,-0.3132E+02,-0.1599E+02,0.9995478,-0.0231743,-0.0191599
T,882,2,0.1183085E+06,2000736E-03,0.2778E+02,-0.2941E+01,0.9996810,0.0078949,-0.0239929
T,883,2,0.1194759E+06,2001161E-03,-0.2198E+02,-0.7522E+02,0.9954540,0.0479556,-0.0822901
T,884,2,0.1177319E+06,2000878E-03,-0.1372E+01,-0.2063E+02,0.9999003,0.0086355,0.0111678
T,885,2,0.1190245E+06,2001442E-03,0.5305E+02,0.1131E+03,0.9974790,0.0286968,0.0649014
T,886,2,0.1190978E+06,2001648E-03,-0.7220E+02,-0.1672E+01,0.9976057,-0.0512674,-0.0464170
T,887,2,0.1180750E+06,2001415E-03,-0.1468E+02,0.7200E+02,0.9979033,0.0374427,0.0527925
T,888,2,0.1174018E+06,2001412E-03,-0.6704E+02,0.4250E+02,0.9977110,-0.0460551,0.0495147
T,889,2,0.1168374E+06,2000908E-03,0.6303E+01,-0.2108E+02,0.9997076,0.0156647,-0.0184199
T,890,2,0.1181233E+06,2000238E-03,0.1257E+03,0.5427E+02,0.9945368,0.0916509,0.0499658
T,891,2,0.1175209E+06,2000010E-03,-0.2076E+02,0.4567E+02,0.9994671,-0.0246133,0.0214418
T,892,2,0.1173766E+06,2000530E-03,0.4150E+02,0.2976E+01,0.9995400,0.0175669,0.0247237
T,893,2,0.1177993E+06,2001701E-03,0.7259E+02,-0.4057E+02,0.9978658,0.0633349,-0.0158901
T,894,2,0.1179648E+06,2000846E-03,-0.2249E+02,-0.3061E+02,0.9994718,-0.0092489,-0.0311548
T,895,2,0.1180187E+06,2000717E-03,-0.9490E+02,0.8835E+02,0.9960443,-0.0574420,0.0677948
T,896,2,0.1175811E+06,2002226E-03,-0.4757E+02,0.4687E+02,0.9993223,-0.0189589,0.0315520
T,897,2,0.1194826E+06,2000784E-03,0.3429E+02,-0.1658E+02,0.9998665,0.0092605,-0.0134649
T,898,2,0.1176815E+06,2000680E-03,0.1156E+03,-0.5063E+02,0.9970006,0.0731580,-0.0252539
T,899,2,0.1172187E+06,2001053E-03,0.2750E+02,0.3541E+01,0.9999170,0.0126326,-0.0025161
T,900,2,0.1179683E+06,2002061E-03,0.3213E+02,0.1624E+03,0.9915569,0.0191630,0.1282487
T,901,2,0.1173519E+06,2002163E-03,-0.8942E+01,-0.9888E+02,0.9935604,-0.0120659,-0.1126592
T,902,2,0.1180874E+06,2000527E-03,0.2119E+02,0.9888E+02,0.9978489,0.0002194,0.0655555
T,903,2,0.1182031E+06,2000362E-03,-0.2361E+02,-0.4715E+02,0.9981489,-0.0465149,-0.0391800
T,904,2,0.1193506E+06,2000146E-03,-0.3627E+02,0.7980E+02,0.9980020,-0.0289359,0.0561662
T,905,2,0.1173626E+06,2000625E-03,-0.9717E+01,-0.1831E+03,0.9989048,0.0190298,-0.0427443
T,906,2,0.1167835E+06,2000550E-03,-0.2013E+02,0.4123E+02,0.9990476,-0.0231119,0.0370092
T,907,2,0.1171378E+06,2000890E-03,0.2303E+02,0.2447E+02,0.9989055,0.0402545,0.0238189
T,908,2,0.1168696E+06,2000956E-03,-0.2220E+02,0.1577E+02,0.9998156,-0.0136607,-0.0134984
T,909,2,0.1163557E+06,2001158E-03,-0.6615E+01,0.5208E+01,0.9994626,-0.0251410,0.0210329
T,910,2,0.1190203E+06,2000427E-03,0.3757E+02,0.2952E+02,0.9993377,0.0130728,0.0339595
T,911,2,0.1178776E+06,2002229E-03,0.3785E+02,0.1015E+03,0.9966103,0.0452196,0.0687248
T,912,2,0.1181832E+06,2001250E-03,-0.3687E+01,-0.3408E+01,0.9997559,-0.0196529,-0.0100993
T,913,2,0.1196931E+06,2001092E-03,0.6400E+01,0.9164E+01,0.9998456,0.0169044,0.0047899
T,914,2,0.1191478E+06,2001860E-03,0.7065E+02,-0.1361E+03,0.9965217,0.0459817,-0.0694991
T,915,2,0.1183803E+06,2001456E-03,-0.8468E+02,-0.7826E+01,0.9982768,-0.0522541,-0.0267007
T,916,2,0.1190838E+06,2001070E-03,0.1723E+02,-0.1458E+02,0.9998874,-0.0012545,-0.0149512
T,917,2,0.1171359E+06,2000535E-03,-0.2339E+02,-0.9630E+02,0.9974163,-0.0034142,-0.0717566
T,918,2,0.1177326E+06,2001673E-03,0.3271E+01,0.1784E+03,0.9968179,-0.0271581,0.0749435
T,919,2,0.1178819E+06,2000811E-03,0.8647E+02,-0.4485E+02,0.9988139,0.0450699,-0.0184254
T,920,2,0.1154877E+06,2000821E-03,0.2392E+02,-0.7547E+01,0.9999694,0.0056091,0.0054534
T,921,2,0.1172501E+06,2002240E-03,-0.2338E+02,0.4620E+02,0.9989969,-0.0311316,0.0321881
T,922,2,0.1175330E+06,2000216E-03,0.1546E+02,0.3628E+02,0.9984558,-0.0062998,0.0551939
T,923,2,0.1176753E+06,2000200E-03,-0.1355E+02,-0.5946E+02,0.9989017,0.0112910,-0.0454752
T,924,2,0.1165367E+06,2001653E-03,0.1174E+02,-0.8531E+02,0.9742548,0.1386508,-0.1777739
T,925,2,0.1181596E+06,2002223E-03,-0.4516E+02,-0.1606E+03,0.9951332,-0.0075271,-0.0982512
T,926,2,0.1169726E+06,2000553E-03,-0.2901E+02,0.1020E+03,0.9969459,-0.0382098,0.0681088
T,927,2,0.1182829E+06,2000298E-03,-0.4798E+02,-0.1947E+02,0.9978318,-0.0654058,-0.0073286
T,928,2,0.1184481E+06,2000829E-03,0.1512E+02,0.9945E+01,0.9993105,0.0096339,-0.0358563
T,929,2,0.1182511E+06,2001095E-03,0.1305E+02,-0.1701E+02,0.9998785,0.0109489,-0.0110974
T,930,2,0.1174561E+06,2001175E-03,-0.1187E+01,0.2491E+01,0.9999279,0.0093129,-0.0075749
T,931,2,0.1162800E+06,2000991E-03,0.1044E+03,-0.1029E+03,0.9821952,0.1377144,-0.1277785
T,932,2,0.1184236E+06,2001667E-03,-0.6158E+02,0.3150E+02,0.9975551,-0.0694323,0.0079367
T,933,2,0.1190571E+06,2001984E-03,-0.5131E+02,-0.1172E+02,0.9988588,-0.0477382,0.0014683
T,934,2,0.1168216E+06,2000464E-03,0.1942E+02,0.3460E+02,0.9995813,0.0185410,0.0222144
T,935,2,0.1171194E+06,2000733E-03,-0.1151E+03,0.7524E+02,0.9992146,-0.0332593,0.0215429
T,936,2,0.1185808E+06,2001914E-03,0.5685E+02,-0.4063E+02,0.9984063,0.0366402,-0.0429227
T,937,2,0.1192207E+06,2001236E-03,0.9194E+01,-0.2918E+01,0.9999813,0.0060754,0.0006270
T,938,2,0.1169700E+06,2001711E-03,0.6680E+02,-0.2958E+02,0.9982090,0.0573613,-0.0169861
T,939,2,0.1169439E+06,2000986E-03,0.1062E+02,0.2601E+02,0.9998273,0.0171803,0.0070864
T,940,2,0.1182315E+06,2001056E-03,-0.5402E+02,-0.5708E+02,0.9960114,-0.0651599,-0.0609550
T,941,2,0.1188271E+06,2000866E-03,-0.2154E+02,0.1853E+02,0.9992923,-0.0333391,0.0174183
T,942,2,0.1180549E+06,2000567E-03,-0.4486E+02,0.7416E+02,0.9984487,0.0191955,0.0522663
T,943,2,0.1177502E+06,2001687E-03,-0.2180E+03,0.1267E+03,0.9920350,-0.1140577,0.0534549
T,944,2,0.1183092E+06,2000619E-03,-0.2372E+02,0.3374E+02,0.9997454,-0.0128419,0.0185542
T,945,2,0.1182224E+06,2000612E-03,0.3365E+02,0.1213E+03,0.9925706,0.0417948,0.1142664
T,946,2,0.1187885E+06,2000526E-03,-0.2903E+02,0.9778E+02,0.9973780,-0.0170068,0.0703411
T,947,2,0.1177480E+06,2000378E-03,-0.2061E+02,0.1078E+03,0.9949169,-0.0297477,0.0962048
T,948,2,0.1184657E+06,2000074E-03,0.6198E+02,-0.6045E+01,0.9986091,0.0524431,-0.0054324
T,949,2,0.1168735E+06,2001074E-03,-0.4162E+02,-0.7710E+02,0.9989544,0.0047812,-0.0454679
T,950,2,0.1181949E+06,2001977E-03,-0.1678E+02,-0.8147E+02,0.9985641,-0.0253950,-0.0471692
T,951,2,0.1164113E+06,2001650E-03,-0.2818E+03,-0.3798E+02,0.9837762,-0.1771885,0.0280839
T,952,2,0.1177172E+06,2000664E-03,-0.8846E+02,-0.3633E+02,0.9975735,-0.0639978,-0.0274102
T,953,2,0.1185828E+06,2000985E-03,0.9506E+01,0.1325E+02,0.9993409,0.0145075,0.0332747
T,954,2,0.1161476E+06,2000538E-03,-0.2940E+02,0.4183E+02,0.9998523,0.0045847,0.0165625
T,955,2,0.1184875E+06,2001063E-03,0.1598E+02,0.9482E+01,0.9994609,-0.0024949,0.0327373
T,956,2,0.1178516E+06,2001741E-03,0.1069E+03,0.3049E+02,0.9952285,0.0945706,0.0240140
T,957,2,0.1173409E+06,2000481E-03,-0.3024E+02,0.3933E+02,0.9991691,-0.0266258,0.0308590
T,958,2,0.1165975E+06,2001889E-03,0.7329E+02,0.1895E+02,0.9984415,0.0554989,0.0058723
T,959,2,0.1182762E+06,2000269E-03,-0.2699E+02,0.1263E+03,0.9947818,0.0119834,0.1013188
T,960,2,0.1197893E+06,2001177E-03,-0.3526E+01,0.7634E+01,0.9998118,-0.0189771,0.0040257
T,961,2,0.1172613E+06,2000546E-03,-0.1774E+02,-0.4079E+02,0.9996965,-0.0188309,-0.0158813
T,962,2,0.1159182E+06,2001663E-03,0.1577E+02,0.6515E+02,0.9955202,-0.0164427,0.0931088
T,963,2,0.1183385E+06,2000462E-03,0.3215E+02,-0.3585E+02,0.9990436,0.0413272,-0.0142832
T,964,2,0.1201849E+06,2001022E-03,0.7924E+02,-0.2036E+02,0.9955499,0.0925632,-0.0176769
T,965,2,0.1221692E+06,2001114E-03,0.6088E+01,0.5350E+00,0.9999888,0.0010257,-0.0046102
T,966,2,0.1171280E+06,2000690E-03,-0.2772E+01,0.3906E+02,0.9998286,-0.0169237,0.0075072
T,967,2,0.1179619E+06,2000309E-03,0.5050E+02,0.1395E+02,0.9992527,0.0281845,0.0264500
T,968,2,0.1173106E+06,2001405E-03,0.9354E+01,-0.1606E+03,0.9941102,0.0230442,-0.1058957
T,969,2,0.1185722E+06,2000083E-03,-0.6162E+02,-0.7663E+02,0.9961018,-0.0759399,-0.0448819
T,970,2,0.1173366E+06,2001066E-03,0.3183E+01,-0.9084E+01,0.9995263,-0.0296441,-0.0082671
T,971,2,0.1183042E+06,2000628E-03,-0.2010E+02,-0.3085E+02,0.9999958,-0.0017655,0.0023198
T,972,2,0.1176825E+06,2002043E-03,-0.5922E+02,0.3242E+02,0.9987933,-0.0489664,0.0037631
T,973,2,0.1190828E+06,2001301E-03,0.8111E+02,0.1112E+02,0.9969437,0.0776034,0.0090001
T,974,2,0.1228044E+06,2000827E-03,0.1010E+02,-0.1168E+02,0.9999681,0.0052059,-0.0060630
T,975,2,0.1194503E+06,2000593E-03,0.6360E+01,-0.1389E+03,0.9960092,-0.0312698,-0.0835932
T,976,2,0.1161359E+06,2000736E-03,-0.1968E+01,0.3228E+02,0.9991793,-0.0292820,0.0279871
T,977,2,0.1196308E+06,2002075E-03,-0.5097E+02,0.4776E+02,0.9992186,-0.0172511,0.0355619
T,978,2,0.1166240E+06,2001627E-03,-0.8374E+02,0.9764E+01,0.9993650,-0.0339260,0.0108928
T,979,2,0.1183501E+06,2002116E-03,0.6337E+02,0.1345E+02,0.9978475,0.0640696,0.0139836
T,980,2,0.1169563E+06,2000782E-03,-0.6064E+01,0.2057E+02,0.9995082,0.0227644,0.0215670
T,981,2,0.1173214E+06,2001176E-03,-0.2804E+01,0.4908E+00,0.9996484,-0.0117770,-0.0237571
T,982,2,0.1193840E+06,2000683E-03,0.9376E+02,-0.1852E+02,0.9978930,0.0637197,-0.0122222
T,983,2,0.1185805E+06,2000867E-03,0.6750E+01,-0.1336E+02,0.9997299,-0.0017835,-0.0231739
T,984,2,0.1190121E+06,2001851E-03,-0.1027E+02,-0.6358E+02,0.9992347,0.0093246,-0.0379873
T,985,2,0.1162924E+06,2001465E-03,-0.5201E+02,0.6429E+02,0.9985050,-0.0526683,0.0146199
T,986,2,0.1157484E+06,2000946E-03,0.8705E+02,-0.1662E+02,0.9993503,0.0200174,-0.0299698
T,987,2,0.1141210E+06,2000665E-03,0.3811E+03,-0.2846E+03,0.9244072,0.3002101,-0.2352555
T,988,2,0.1171605E+06,2000860E-03,-0.3142E+02,0.8604E+01,0.9994453,-0.0198635,0.0267326
T,989,2,0.1166712E+06,2001412E-03,-0.2808E+02,0.8196E+02,0.9991996,-0.0163350,0.0365143
T,990,2,0.1165263E+06,2001702E-03,0.5736E+02,-0.8953E+02,0.9952649,0.0419391,-0.0876869
T,991,2,0.1194197E+06,2000957E-03,-0.2465E+02,-0.5591E+01,0.9998403,-0.0143757,0.0106130
T,992,2,0.1176919E+06,2001092E-03,-0.5785E+01,-0.1355E+02,0.9999201,-0.0099441,-0.0078046
T,993,2,0.1176158E+06,2000412E-03,0.2556E+02,-0.4885E+01,0.9991316,0.0220274,0.0353677
T,994,2,0.1195319E+06,2001996E-03,-0.1915E+01,0.6570E+02,0.9988966,0.0042860,0.0467667
T,995,2,0.1168673E+06,2001156E-03,0.8808E+02,0.9609E+02,0.9962425,0.0423559,0.0755438
T,996,2,0.1172519E+06,2001687E-03,-0.7745E+02,0.6133E+02,0.9967223,-0.0359130,0.0724902
T,997,2,0.1169495E+06,2001287E-03,0.8673E+02,-0.1152E+01,0.9972975,0.0732191,-0.0060508
T,998,2,0.1188912E+06,2000067E-03,-0.6413E+02,0.1297E+02,0.9995177,-0.0267341,0.0157980
T,999,2,0.1172016E+06,2000699E-03,-0.2186E+02,0.8647E+01,0.9995420,-0.0177204,0.0245327
T,1000,2,0.1183978E+06,2000432E-03,0.2889E+02,-0.3838E+02,0.9987048,0.0217545,-0.0459932
