T,1,2,0.4422213E+05,5750142E-03,0.3853E+03,-0.9887E+02,0.8808537,0.4559546,-0.1272876
T,2,2,0.4470086E+05,5752899E-03,0.2316E+03,-0.8115E+02,0.9943834,0.0812306,-0.0678471
T,3,2,0.4434976E+05,5751481E-03,-0.1606E+03,0.1779E+03,0.9891168,0.0808889,-0.1229019
T,4,2,0.4393198E+05,5752413E-03,-0.4038E+02,-0.4296E+03,0.9364152,0.1034692,-0.3352919
T,5,2,0.4314656E+05,5751751E-03,0.4954E+03,-0.8671E+03,0.8335345,0.1277254,-0.5375001
T,6,2,0.4260718E+05,5751761E-03,0.1065E+03,-0.1500E+03,0.9402531,0.3376870,0.0434921
T,7,2,0.4553181E+05,5751135E-03,0.6025E+03,0.3279E+03,0.9912793,-0.0105315,0.1313560
T,8,2,0.4148223E+05,5752697E-03,-0.5979E+03,0.7776E+03,0.9688121,0.1519943,-0.1957061
T,9,2,0.4417014E+05,5750160E-03,0.4975E+01,0.3722E+03,0.9640684,-0.0927677,0.2489302
T,10,2,0.4388942E+05,5750416E-03,0.1332E+03,0.7657E+01,0.9708349,0.0201927,0.2388973
T,11,2,0.4161798E+05,5751343E-03,-0.1426E+03,0.1088E+03,0.9439269,-0.2977243,-0.1426966
T,12,2,0.4302862E+05,5751084E-03,-0.1579E+03,0.2422E+03,0.9595352,-0.2107904,0.1867072
T,13,2,0.4515904E+05,5751692E-03,-0.2581E+02,-0.1943E+03,0.9890560,-0.1433567,0.0348878
T,14,2,0.4571373E+05,5750388E-03,-0.7162E+03,-0.2892E+03,0.9568055,-0.2823416,0.0693291
T,15,2,0.4386375E+05,5751172E-03,-0.6768E+02,0.2275E+03,0.9907290,-0.0706370,0.1160450
T,16,2,0.4566406E+05,5752873E-03,-0.5676E+03,-0.1799E+03,0.9976499,0.0534310,0.0428924
T,17,2,0.4349677E+05,5750494E-03,0.4651E+03,-0.2725E+03,0.9948303,0.0953177,-0.0350327
T,18,2,0.4606017E+05,5751930E-03,-0.2494E+02,0.8199E+02,0.9959224,0.0778608,0.0455657
T,20,2,0.4592337E+05,5751204E-03,-0.2988E+03,-0.1358E+03,0.9613718,-0.2752422,-0.0024305
T,21,2,0.3908123E+05,5750959E-03,-0.3799E+03,0.8177E+03,0.5444776,-0.3879608,0.7436602
T,22,2,0.4414137E+05,5751564E-03,-0.1498E+03,-0.6505E+02,0.7653386,-0.5907513,0.2554796
T,23,2,0.4330738E+05,5751331E-03,0.2255E+03,0.4483E+02,0.9881306,0.1429078,-0.0563493
T,24,2,0.4456902E+05,5751876E-03,-0.8501E+02,-0.2593E+03,0.9602464,-0.1960958,-0.1986789
T,25,2,0.4271254E+05,5752793E-03,-0.4028E+03,0.9034E+03,0.9957902,0.0698767,0.0593231
T,26,2,0.4550360E+05,5750465E-03,0.5507E+03,-0.1524E+03,0.9250111,0.0868289,0.3698854
T,27,2,0.3919036E+05,5750057E-03,0.5107E+03,-0.7522E+03,0.8330296,0.5508016,-0.0517615
T,28,2,0.4518087E+05,5752688E-03,0.6437E+03,-0.7566E+02,0.9892851,-0.0503686,0.1370326
T,29,2,0.4268813E+05,5750451E-03,-0.6379E+03,-0.1397E+03,0.9860073,-0.1546180,-0.0623128
T,30,2,0.4479446E+05,5751182E-03,0.2348E+03,0.9016E+02,0.9722684,-0.1652472,0.1654920
T,31,2,0.4364994E+05,5752214E-03,0.2629E+02,0.3111E+03,0.8460852,0.5303882,0.0531809
T,32,2,0.3639244E+05,5750356E-03,0.3685E+03,0.2098E+04,0.8195683,0.3311278,0.4676133
T,33,2,0.4236300E+05,5752411E-03,0.1832E+03,0.9074E+02,0.9410361,0.0853136,0.3273725
T,34,2,0.4523662E+05,5751159E-03,-0.3371E+03,0.7306E+03,0.9230509,-0.0259859,0.3837991
T,35,2,0.4319655E+05,5750922E-03,0.3529E+03,-0.1925E+03,0.9278865,0.2639856,-0.2633216
T,36,2,0.4300557E+05,5750784E-03,-0.5830E+02,0.7083E+03,0.9957459,-0.0327229,-0.0861350
T,37,2,0.4261452E+05,5751465E-03,0.1492E+03,-0.3797E+03,0.9890880,-0.0326688,-0.1436582
T,38,2,0.4518222E+05,5751965E-03,-0.5004E+03,-0.5937E+03,0.9315791,-0.3130082,0.1848952
T,39,2,0.4523285E+05,5752886E-03,-0.5595E+03,-0.5050E+03,0.9915293,-0.0908069,-0.0928638
T,40,2,0.4391461E+05,5752553E-03,-0.7487E+02,-0.1639E+03,0.9835621,-0.1215482,-0.1335350
T,41,2,0.2702609E+05,5750405E-03,0.1735E+04,-0.2742E+03,0.2254829,0.8568606,-0.4636241
T,42,2,0.4481128E+05,5752589E-03,-0.1524E+03,-0.4245E+03,0.9427952,-0.1084570,-0.3152369
T,43,2,0.4471132E+05,5750989E-03,0.2317E+03,-0.3830E+03,0.9937702,0.1094011,-0.0212666
T,44,2,0.4025292E+05,5752633E-03,-0.4582E+03,-0.7633E+02,0.9552348,-0.2949276,0.0233264
T,46,2,0.4530349E+05,5750436E-03,-0.1125E+03,0.1132E+03,0.9842163,0.1262331,0.1240300
T,47,2,0.4591881E+05,5752352E-03,0.3933E+03,0.1406E+03,0.9991006,0.0055022,-0.0420445
T,48,2,0.4404920E+05,5750213E-03,0.9578E+02,0.6946E+03,0.9797639,-0.0184881,0.1993010
T,49,2,0.4148284E+05,5751796E-03,-0.2046E+03,-0.8002E+03,0.9607316,-0.0890602,-0.2627984
T,50,2,0.4509167E+05,5750783E-03,0.4294E+03,-0.9988E+02,0.9806217,0.0404484,-0.1916900
T,51,2,0.4531689E+05,5750210E-03,0.8005E+02,0.3222E+03,0.9912482,0.0366535,-0.1268206
T,52,2,0.4437112E+05,5751497E-03,-0.2820E+03,0.7139E+03,0.9193095,-0.2378835,0.3134986
T,53,2,0.4300651E+05,5751007E-03,0.5388E+03,-0.2732E+03,0.9890920,0.1459529,-0.0198683
T,54,2,0.4278206E+05,5751952E-03,0.4067E+03,0.1019E+04,0.9610676,0.1037954,0.2560774
T,55,2,0.4408758E+05,5751421E-03,0.4551E+02,0.1324E+03,0.9900769,0.1175675,0.0769784
T,56,2,0.4333303E+05,5751169E-03,0.9096E+03,0.3263E+03,0.9638911,0.2589520,0.0621104
T,57,2,0.4168796E+05,5750540E-03,-0.1581E+03,-0.4338E+03,0.9989281,-0.0432587,0.0164731
T,58,2,0.3566773E+05,5750997E-03,-0.7856E+03,0.8694E+02,0.4996644,-0.8659596,0.0212006
T,59,2,0.4517324E+05,5752591E-03,0.5178E+03,0.1218E+03,0.9539318,0.2506381,-0.1649080
T,60,2,0.4176206E+05,5750655E-03,-0.2070E+03,-0.3211E+02,0.7793827,-0.4262077,0.4592489
T,61,2,0.4246059E+05,5751251E-03,0.3793E+03,0.1498E+03,0.9222970,0.2865739,0.2593137
T,62,2,0.4641888E+05,5750283E-03,-0.9219E+02,0.2701E+03,0.9764141,-0.1801087,0.1190645
T,63,2,0.4577543E+05,5750717E-03,0.1891E+03,0.9992E+02,0.9922029,-0.0094133,0.1242773
T,64,2,0.4432961E+05,5752743E-03,0.6038E+03,0.4044E+03,0.9670438,0.2308241,0.1074542
T,65,2,0.4313868E+05,5751103E-03,0.4969E+02,0.7369E+03,0.9880708,-0.0732367,0.1354712
T,66,2,0.4564791E+05,5750048E-03,-0.6527E+02,0.2921E+03,0.9509001,0.3025808,0.0650683
T,67,2,0.4105663E+05,5750208E-03,-0.6960E+03,0.9013E+03,0.8894385,-0.2769458,0.3635935
T,68,2,0.4418712E+05,5752747E-03,-0.1811E+03,-0.3139E+03,0.9682910,0.1560275,-0.1951101
T,69,2,0.4442008E+05,5750109E-03,0.1852E+03,-0.3365E+03,0.9804380,0.1377245,0.1406175
T,70,2,0.4271400E+05,5751131E-03,0.8848E+02,0.2940E+03,0.8581213,0.1981341,0.4736779
T,71,2,0.4535482E+05,5750926E-03,-0.1477E+03,-0.1321E+03,0.9672473,-0.2423581,-0.0754665
T,72,2,0.4580508E+05,5751840E-03,0.1838E+03,-0.4446E+02,0.9006757,-0.4336127,-0.0276293
T,73,2,0.4235337E+05,5751353E-03,0.1108E+03,-0.1544E+02,0.9902467,-0.1313215,0.0465412
T,74,2,0.4081385E+05,5752374E-03,-0.7790E+02,-0.2950E+03,0.9970743,-0.0686004,-0.0337159
T,75,2,0.4548184E+05,5750659E-03,0.2436E+03,0.2282E+03,0.9907899,-0.1352935,0.0055695
T,76,2,0.4320596E+05,5752185E-03,-0.1044E+03,0.6262E+02,0.9793049,0.2019546,-0.0132748
T,77,2,0.4321957E+05,5750510E-03,-0.4125E+03,-0.5839E+03,0.9728300,-0.2313061,0.0099600
T,78,2,0.4360144E+05,5750366E-03,-0.1362E+03,-0.1721E+03,0.9943681,-0.0555448,-0.0902599
T,79,2,0.4235140E+05,5751735E-03,0.3467E+03,0.4629E+02,0.9896549,0.1434109,0.0040589
T,80,2,0.4326874E+05,5750361E-03,0.2158E+03,0.2884E+03,0.9732093,0.2263498,0.0403668
T,81,2,0.4440624E+05,5752023E-03,-0.2065E+03,0.5125E+03,0.9688037,-0.1599976,0.1892622
T,82,2,0.4444470E+05,5752791E-03,-0.4577E+03,-0.8361E+02,0.9749249,-0.1356583,0.1764035
T,83,2,0.3654106E+05,5752149E-03,0.1488E+04,0.9635E+03,0.7439517,0.6165215,0.2577539
T,84,2,0.4536017E+05,5750578E-03,0.5619E+03,-0.6698E+03,0.9379691,-0.0570246,-0.3419974
T,85,2,0.4283607E+05,5752685E-03,-0.2829E+03,0.3842E+03,0.9868480,-0.0062989,0.1615280
T,86,2,0.4211784E+05,5751029E-03,0.3901E+03,-0.2608E+02,0.5001337,0.8566130,0.1268084
T,87,2,0.4358068E+05,5752029E-03,-0.1254E+02,0.2026E+03,0.9694150,-0.0303078,-0.2435486
T,88,2,0.4324232E+05,5752189E-03,-0.6006E+03,0.9382E+03,0.9606798,-0.2717010,0.0572093
T,89,2,0.4308113E+05,5752410E-03,0.3688E+03,-0.6858E+03,0.9121724,-0.3761380,-0.1626707
T,90,2,0.4270101E+05,5750881E-03,-0.1474E+03,-0.4312E+03,0.9610055,-0.0736616,-0.2665376
T,91,2,0.4314862E+05,5750442E-03,0.1151E+03,0.6011E+01,0.9095739,-0.1228315,-0.3969732
T,92,2,0.4333654E+05,5751591E-03,-0.7035E+03,0.2144E+02,0.9695779,-0.2442837,0.0156247
T,93,2,0.4688923E+05,5752255E-03,0.5498E+03,0.4011E+03,0.9564964,0.2151083,0.1970866
T,94,2,0.4498449E+05,5750074E-03,-0.2075E+03,0.7819E+02,0.9945495,0.0563545,0.0877233
T,95,2,0.4195305E+05,5751614E-03,0.9650E+03,-0.2006E+02,0.9522838,0.2664349,-0.1488894
T,96,2,0.4380414E+05,5750412E-03,-0.6317E+03,0.1175E+03,0.8099060,-0.5862494,-0.0190768
T,97,2,0.4547368E+05,5750298E-03,-0.1412E+02,0.6850E+03,0.9838266,0.0511049,0.1716787
T,98,2,0.4169851E+05,5750774E-03,-0.6710E+03,0.7781E+01,0.8882858,-0.4098036,0.2073868
T,99,2,0.4635753E+05,5750192E-03,0.2348E+03,-0.3284E+03,0.9797677,0.1796165,-0.0882789
T,100,2,0.4416798E+05,5752355E-03,-0.2191E+03,0.1200E+03,0.9968930,-0.0786485,-0.0043430
T,101,2,0.4381013E+05,5752536E-03,0.1514E+03,-0.4595E+03,0.9627473,0.1403797,-0.2311084
T,102,2,0.4350164E+05,5751410E-03,0.2693E+03,0.1420E+03,0.8450897,0.4608559,0.2709896
T,103,2,0.4558523E+05,5751746E-03,-0.5715E+03,-0.1927E+03,0.9803242,-0.1493329,-0.1290900
T,104,2,0.4241597E+05,5751403E-03,0.7186E+02,0.6930E+03,0.9700127,0.0006782,0.2430535
T,105,2,0.4213321E+05,5752482E-03,0.1154E+04,0.1168E+03,0.9040425,0.2105005,0.3720171
T,106,2,0.4455140E+05,5750129E-03,0.5366E+03,-0.3294E+02,0.9406491,0.3366144,0.0432448
T,107,2,0.4540392E+05,5751637E-03,-0.1363E+03,0.1881E+03,0.9536224,0.1288951,0.2720117
T,108,2,0.4071439E+05,5751013E-03,0.1067E+04,-0.4630E+03,0.9354353,0.3328142,-0.1191449
T,109,2,0.4702202E+05,5750357E-03,-0.2018E+03,-0.2838E+03,0.9784271,-0.1441218,-0.1480176
T,110,2,0.4400725E+05,5750171E-03,-0.4981E+03,-0.2589E+03,0.9983500,0.0031009,0.0573389
T,111,2,0.4291965E+05,5752511E-03,-0.3430E+02,-0.1034E+02,0.8582765,0.0658142,0.5089499
T,112,2,0.4527947E+05,5752839E-03,0.9527E+02,-0.1603E+03,0.9889544,0.0964955,0.1125071
T,113,2,0.4436660E+05,5750439E-03,-0.1934E+03,0.2727E+02,0.9936471,0.1034678,0.0442696
T,114,2,0.4245475E+05,5752431E-03,-0.1062E+03,-0.3126E+03,0.9704701,0.1137761,-0.2127036
T,115,2,0.4519118E+05,5750844E-03,0.2688E+03,-0.1901E+03,0.9866028,-0.0360192,-0.1591150
T,116,2,0.4415311E+05,5752514E-03,-0.2076E+03,-0.6940E+02,0.9809792,0.0913444,-0.1712777
T,117,2,0.4375556E+05,5750090E-03,0.4609E+03,0.2638E+03,0.8984910,0.2762300,0.3411903
T,118,2,0.3723564E+05,5751835E-03,0.4953E+03,0.1070E+04,0.6394457,0.3506750,0.6842048
T,119,2,0.3832108E+05,5752447E-03,-0.1471E+04,-0.1395E+04,0.9904440,-0.0629905,-0.1226904
T,120,2,0.4482646E+05,5752469E-03,0.1035E+03,0.2787E+03,0.9894345,-0.1448365,0.0064600
T,121,2,0.4425198E+05,5752613E-03,-0.4566E+03,-0.1643E+03,0.9812524,-0.1302101,-0.1420885
T,122,2,0.4010639E+05,5752788E-03,0.2149E+03,0.1074E+03,0.9752980,-0.1042632,-0.1947381
T,123,2,0.4497825E+05,5752769E-03,0.4220E+03,-0.2755E+03,0.9856729,0.1203966,-0.1181251
T,124,2,0.4313079E+05,5752546E-03,-0.1407E+03,-0.1338E+02,0.9946655,0.0760652,-0.0696752
T,125,2,0.3169051E+05,5750611E-03,-0.7993E+03,-0.9921E+03,0.8952110,-0.4301093,-0.1166332
T,126,2,0.4121828E+05,5752563E-03,-0.7059E+03,-0.2383E+02,0.9933464,0.0064498,0.1149840
T,127,2,0.4244484E+05,5751465E-03,0.6861E+03,0.1594E+03,0.8627949,0.4226749,0.2773643
T,128,2,0.4248239E+05,5751493E-03,0.4910E+03,-0.1118E+03,0.8854812,0.3574606,0.2968921
T,129,2,0.4650296E+05,5752515E-03,-0.5274E+03,-0.2284E+03,0.9481144,-0.2416821,-0.2065644
T,130,2,0.4424475E+05,5750541E-03,0.8720E+03,-0.3378E+03,0.8577594,0.5025354,-0.1081985
T,131,2,0.3530487E+05,5752220E-03,0.1194E+04,-0.9430E+03,0.9042735,-0.3128223,-0.2905711
T,132,2,0.4224774E+05,5750016E-03,0.4071E+03,-0.5122E+02,0.8112324,0.4947300,0.3116796
T,133,2,0.4368889E+05,5752547E-03,-0.8660E+02,-0.9357E+02,0.9993514,0.0107471,-0.0343708
T,134,2,0.4396075E+05,5750602E-03,-0.4391E+03,-0.2820E+03,0.9950915,-0.0110014,-0.0983462
T,135,2,0.4401252E+05,5752864E-03,0.6564E+03,0.8012E+02,0.9591798,-0.0427573,0.2795458
T,136,2,0.4239402E+05,5751769E-03,0.5855E+02,-0.1522E+04,0.9019553,0.0045139,-0.4318058
T,137,2,0.4428007E+05,5752628E-03,0.5821E+03,0.2870E+02,0.9628184,0.1628389,-0.2155554
T,138,2,0.4418216E+05,5752181E-03,0.3602E+03,0.1292E+03,0.9897836,0.0345304,-0.1383333
T,139,2,0.4414998E+05,5750945E-03,-0.3438E+03,0.6823E+03,0.9359178,0.0446040,0.3493827
T,140,2,0.4347765E+05,5751506E-03,-0.8231E+03,0.3444E+02,0.8901289,-0.4556924,0.0038748
T,141,2,0.3776316E+05,5750029E-03,0.1595E+03,0.2661E+04,0.9597506,-0.0258707,0.2796596
T,142,2,0.4143451E+05,5750349E-03,-0.4746E+03,-0.2969E+02,0.9896874,-0.1431938,-0.0037843
T,143,2,0.4458991E+05,5750316E-03,0.4754E+03,0.1176E+03,0.9564709,0.2412998,-0.1641275
T,144,2,0.4135170E+05,5751550E-03,-0.5082E+03,0.2336E+03,0.9434319,-0.3310468,-0.0185523
T,145,2,0.4624281E+05,5751789E-03,-0.2412E+03,0.9010E+02,0.9707939,-0.1768096,0.1621655
T,146,2,0.4669867E+05,5751181E-03,-0.3484E+02,-0.7853E+02,0.9905030,0.1347518,0.0273078
T,147,2,0.4407291E+05,5750605E-03,0.3564E+02,0.1943E+03,0.9792665,-0.0798032,0.1861949
T,148,2,0.4554336E+05,5750158E-03,0.2471E+03,-0.2105E+03,0.9963921,0.0499496,-0.0686141
T,149,2,0.4102025E+05,5750354E-03,-0.3919E+03,0.7466E+01,0.9351869,-0.2816029,0.2147681
T,150,2,0.4493461E+05,5751876E-03,-0.4951E+03,0.1021E+03,0.8675205,-0.3399131,0.3631352
T,151,2,0.4436751E+05,5752404E-03,0.4805E+02,0.1827E+03,0.9978715,-0.0319066,0.0568713
T,152,2,0.4570329E+05,5750210E-03,0.3685E+03,-0.3223E+03,0.9816244,-0.1869667,-0.0381700
T,153,2,0.4429970E+05,5752019E-03,0.1608E+03,0.2202E+03,0.9847439,0.0488322,-0.1670173
T,154,2,0.4360604E+05,5751746E-03,0.8260E+02,0.2297E+03,0.9841970,0.1760302,-0.0192273
T,155,2,0.4161928E+05,5751444E-03,-0.2404E+03,0.2426E+03,0.9728492,-0.1278653,0.1929118
T,156,2,0.4604597E+05,5751050E-03,0.1057E+03,-0.1896E+03,0.9801611,0.1965129,-0.0258260
T,157,2,0.2925898E+05,5750757E-03,0.4265E+03,-0.1836E+03,0.9277654,0.0606413,0.3682037
T,158,2,0.4642640E+05,5752061E-03,-0.6559E+01,-0.5069E+03,0.9623923,0.0980976,-0.2533337
T,159,2,0.4473288E+05,5751844E-03,-0.1954E+03,0.6275E+02,0.9971626,-0.0564463,0.0498043
T,160,2,0.4543841E+05,5750652E-03,-0.1401E+03,0.4207E+03,0.9689397,-0.1840892,0.1651275
T,161,2,0.4520086E+05,5751719E-03,0.1741E+03,0.4194E+03,0.9948339,0.0301371,0.0969398
T,162,2,0.3940505E+05,5750140E-03,0.1165E+04,-0.8744E+01,0.9964371,-0.0079036,0.0839682
T,163,2,0.4381591E+05,5752211E-03,0.1768E+03,0.2762E+03,0.9815914,0.0281299,0.1889100
T,164,2,0.4346673E+05,5751358E-03,0.5961E+03,0.1764E+03,0.9932833,0.1111927,-0.0320087
T,165,2,0.4484185E+05,5752621E-03,-0.1676E+03,-0.1688E+03,0.9904870,-0.0696913,-0.1186534
T,166,2,0.4563949E+05,5751423E-03,-0.1576E+03,-0.3251E+02,0.9828759,0.0282933,0.1820839
T,167,2,0.2701443E+05,5750169E-03,0.9186E+03,0.1306E+04,0.1013170,0.5968655,0.7959186
T,168,2,0.4407115E+05,5750524E-03,-0.2584E+03,0.3141E+03,0.9024629,-0.0228507,0.4301610
T,169,2,0.1067353E+05,5751120E-03,-0.3429E+03,-0.2366E+04,0.7994380,-0.6007486,0.0000777
T,170,2,0.4334615E+05,5752436E-03,0.2720E+03,-0.4325E+03,0.9294790,0.2690525,-0.2523482
T,171,2,0.4368575E+05,5750128E-03,-0.1662E+03,0.6800E+02,0.9581488,0.0292247,-0.2847750
T,173,2,0.4056259E+05,5752945E-03,0.1176E+04,0.4653E+02,0.9812274,0.1890948,0.0378941
T,174,2,0.4648838E+05,5751471E-03,0.4406E+02,-0.1424E+03,0.9870233,0.1332816,-0.0895600
T,175,2,0.4324544E+05,5750219E-03,0.6034E+03,0.6198E+02,0.9864029,-0.1247823,-0.1069522
T,176,2,0.4349796E+05,5752344E-03,-0.6692E+02,0.1869E+03,0.9150215,-0.1209713,-0.3848397
T,177,2,0.4638506E+05,5751105E-03,0.7456E+02,-0.1808E+03,0.9472695,0.1749300,-0.2684771
T,178,2,0.4457662E+05,5750739E-03,0.1833E+03,-0.7228E+02,0.9974656,0.0711052,-0.0025348
T,179,2,0.4218179E+05,5751924E-03,0.2489E+03,0.2501E+03,0.9716016,0.0511126,0.2310363
T,180,2,0.4508028E+05,5751787E-03,-0.3896E+03,0.4968E+01,0.9795329,-0.1968487,-0.0420221
T,181,2,0.4556468E+05,5752065E-03,0.1776E+03,0.8017E+02,0.9632800,0.2681738,0.0132061
T,182,2,0.4244665E+05,5750917E-03,-0.3294E+02,0.7019E+02,0.9969175,0.0201952,0.0758138
T,183,2,0.4634619E+05,5752221E-03,-0.4155E+02,0.8156E+02,0.9961758,-0.0859556,0.0156661
T,184,2,0.4526502E+05,5752607E-03,-0.1369E+01,-0.1725E+03,0.9027867,-0.4279888,0.0424465
T,185,2,0.4357436E+05,5750573E-03,-0.3134E+02,-0.2161E+03,0.9932592,0.1129121,-0.0262107
T,186,2,0.4195632E+05,5752080E-03,0.9172E+03,0.7426E+02,0.9712172,-0.2336487,0.0463196
T,187,2,0.3804058E+05,5750807E-03,-0.5348E+01,-0.3171E+03,0.9766933,0.2065049,0.0585311
T,188,2,0.4473735E+05,5750475E-03,-0.1441E+02,0.1410E+03,0.9563796,0.0889969,0.2782402
T,189,2,0.4614007E+05,5751210E-03,0.7872E+02,0.3799E+03,0.8714961,-0.4900201,-0.0193597
T,190,2,0.4344861E+05,5750250E-03,0.3001E+03,-0.1360E+03,0.9581301,0.0685300,-0.2780113
T,191,2,0.4331908E+05,5750547E-03,0.5612E+03,0.2269E+03,0.9249202,0.3584719,0.1265723
T,192,2,0.4438101E+05,5752490E-03,-0.3754E+03,-0.1850E+03,0.9970050,0.0236364,0.0736366
T,193,2,0.4481543E+05,5752542E-03,-0.1051E+03,-0.7978E+03,0.9017798,-0.4308082,0.0346054
T,194,2,0.4048611E+05,5751998E-03,0.3583E+03,0.2344E+03,0.7853709,0.5588384,0.2662560
T,195,2,0.4534668E+05,5752334E-03,0.4055E+03,-0.1001E+04,0.9973945,-0.0663985,-0.0282040
T,196,2,0.4162545E+05,5750035E-03,0.1116E+03,-0.6615E+03,0.8065443,0.5180898,-0.2847265
T,197,2,0.3633364E+05,5750281E-03,0.6346E+03,-0.1496E+04,0.9626142,0.1532374,-0.2233655
T,198,2,0.4037388E+05,5751453E-03,0.1206E+03,0.1067E+04,0.8861679,0.2763513,-0.3719360
T,199,2,0.4412224E+05,5752635E-03,-0.3974E+02,-0.4631E+03,0.9836217,0.1241504,-0.1306718
T,200,2,0.4397298E+05,5751183E-03,0.5100E+02,0.3840E+02,0.9965409,-0.0730664,0.0395916
T,201,2,0.4430433E+05,5752530E-03,0.1594E+03,-0.1436E+03,0.9692682,-0.2392034,-0.0574536
T,202,2,0.4294104E+05,5751152E-03,-0.4338E+03,-0.1824E+03,0.8719645,0.4841775,-0.0724575
T,203,2,0.4224861E+05,5752762E-03,0.6755E+03,-0.8724E+02,0.9921089,0.1197097,-0.0372768
T,204,2,0.4492898E+05,5752448E-03,0.2762E+03,0.1013E+03,0.9880216,0.1275383,-0.0868754
T,205,2,0.3948842E+05,5751544E-03,-0.5435E+03,-0.7906E+03,0.7939775,-0.2330465,-0.5615061
T,206,2,0.3759108E+05,5750896E-03,-0.3728E+03,0.7727E+03,0.4584641,-0.6468538,0.6094185
T,207,2,0.4479127E+05,5751448E-03,-0.2143E+02,0.2663E+03,0.9749708,0.2016721,0.0935964
T,208,2,0.4455373E+05,5750920E-03,-0.1207E+03,0.4662E+02,0.9990235,0.0406275,0.0173610
T,209,2,0.4164221E+05,5752594E-03,-0.3327E+03,-0.8354E+03,0.9980289,0.0009483,-0.0627482
T,210,2,0.4763155E+05,5751784E-03,0.1062E+03,0.1808E+03,0.9891674,-0.1451214,-0.0220843
T,211,2,0.1746515E+05,5750025E-03,-0.2876E+04,-0.2865E+04,0.2659675,-0.8536511,-0.4478182
T,212,2,0.4316114E+05,5751873E-03,-0.2261E+03,-0.1869E+03,0.9876029,-0.0288131,-0.1543062
T,213,2,0.4502342E+05,5751354E-03,-0.1540E+03,0.7556E+02,0.9825667,-0.1604172,0.0939632
T,214,2,0.4307575E+05,5751424E-03,0.1442E+03,0.1356E+03,0.9020271,-0.4227529,-0.0873334
T,215,2,0.4309226E+05,5752026E-03,0.3271E+02,-0.3016E+02,0.9825480,0.1171043,0.1445203
T,216,2,0.4329457E+05,5751713E-03,0.2110E+03,-0.2716E+03,0.9974104,0.0709717,-0.0116392
T,217,2,0.4444647E+05,5752080E-03,0.1017E+03,-0.6527E+02,0.9976210,-0.0333960,-0.0603075
T,218,2,0.3846106E+05,5751439E-03,0.3057E+03,0.3031E+03,0.6688939,0.6856400,0.2871912
T,219,2,0.4355781E+05,5750701E-03,-0.2469E+03,0.4770E+02,0.9713896,0.1480026,-0.1857351
T,220,2,0.4538018E+05,5752444E-03,-0.9386E+02,0.5648E+03,0.9488150,-0.1090073,-0.2964245
T,221,2,0.4258243E+05,5752042E-03,0.2540E+03,-0.4004E+02,0.7098204,0.4064078,-0.5753153
T,222,2,0.4435993E+05,5751023E-03,-0.2914E+03,0.7717E+02,0.9881180,-0.1523830,0.0200566
T,223,2,0.4462848E+05,5751483E-03,-0.1112E+03,0.2971E+03,0.9947969,0.0700315,-0.0739909
T,224,2,0.4343055E+05,5750632E-03,0.1592E+02,-0.2457E+03,0.6712063,-0.1758523,0.7201097
T,225,2,0.4158360E+05,5750117E-03,-0.2140E+03,0.1513E+03,0.9764517,0.2115102,-0.0424920
T,226,2,0.4465982E+05,5752644E-03,0.1993E+03,0.1586E+03,0.9739940,0.2006799,-0.1051820
T,227,2,0.4456972E+05,5751958E-03,0.1754E+03,0.5107E+03,0.9887990,-0.1362135,0.0610113
T,228,2,0.4170000E+05,5751007E-03,0.3259E+03,0.9241E+03,0.9725162,-0.2205986,-0.0744877
T,230,2,0.4102352E+05,5752435E-03,0.1944E+03,0.6761E+03,0.8549799,0.1775084,0.4873398
T,231,2,0.4605536E+05,5750379E-03,0.1085E+03,0.1983E+03,0.9833419,-0.1718910,-0.0590948
T,232,2,0.4313544E+05,5752723E-03,0.3391E+02,-0.1615E+03,0.9692526,0.2369250,-0.0664530
T,233,2,0.4368610E+05,5752610E-03,-0.1663E+03,0.3626E+02,0.9655244,0.0832034,-0.2466572
T,234,2,0.4591329E+05,5752290E-03,-0.1449E+03,0.3835E+02,0.9963947,-0.0257948,0.0808218
T,235,2,0.4408082E+05,5751413E-03,0.2089E+01,-0.2110E+03,0.9740909,-0.1080274,-0.1986884
T,236,2,0.4673630E+05,5752565E-03,0.2495E+02,0.3269E+03,0.9568270,0.0042544,0.2906269
T,237,2,0.4360990E+05,5750302E-03,-0.3240E+03,0.6407E+03,0.4961614,-0.0044947,0.8682187
T,238,2,0.4393269E+05,5752735E-03,0.1423E+03,0.2843E+03,0.9822841,0.0692239,-0.1741438
T,239,2,0.4008193E+05,5750299E-03,0.2563E+03,-0.6689E+02,0.6161167,0.7281700,0.3002809
T,240,2,0.4486042E+05,5752194E-03,-0.1113E+03,-0.6154E+03,0.9275074,-0.0331029,-0.3723363
T,241,2,0.4533376E+05,5750117E-03,0.1180E+03,-0.3815E+03,0.9951632,-0.0701079,-0.0688116
T,242,2,0.4249766E+05,5751422E-03,-0.3364E+03,-0.4232E+03,0.9683904,-0.2350073,0.0836153
T,243,2,0.4211212E+05,5752951E-03,-0.1227E+03,0.2535E+03,0.9839937,-0.1449981,0.1035955
T,244,2,0.8181341E+04,5752310E-03,0.5702E+04,0.2772E+04,0.8803251,-0.3374744,-0.3333747
T,245,2,0.4521892E+05,5750247E-03,-0.6093E+02,-0.1878E+01,0.9944857,-0.0204316,-0.1028631
T,246,2,0.4350385E+05,5752809E-03,0.3951E+03,0.8889E+02,0.9574591,0.2826750,0.0580259
T,247,2,0.4392274E+05,5751791E-03,0.6270E+03,0.3274E+03,0.8994973,0.3843234,0.2078464
T,248,2,0.4189152E+05,5750630E-03,-0.5841E+03,0.5216E+03,0.9680663,-0.1354723,0.2109382
T,249,2,0.4294457E+05,5751378E-03,0.2612E+03,0.1010E+03,0.9958959,-0.0901064,0.0084922
T,250,2,0.4162334E+05,5751968E-03,0.1756E+03,-0.3893E+03,0.9733199,-0.1114051,-0.2005924
T,251,2,0.4459912E+05,5750759E-03,0.5038E+03,-0.7755E+03,0.9715967,-0.0287222,-0.2348935
T,252,2,0.4107929E+05,5750143E-03,-0.4874E+03,-0.6184E+03,0.8292572,-0.3303499,-0.4507787
T,253,2,0.4122956E+05,5750010E-03,0.1752E+03,0.2719E+03,0.7974197,-0.2802156,-0.5344165
T,254,2,0.4328184E+05,5751574E-03,-0.3708E+03,0.7818E+03,0.9950023,-0.0436875,0.0897880
T,255,2,0.4448996E+05,5752132E-03,-0.2762E+03,-0.6801E+01,0.9907850,0.0921639,-0.0992520
T,256,2,0.4398224E+05,5750715E-03,0.3194E+01,0.2581E+03,0.9904253,-0.0407904,0.1318860
T,257,2,0.4329338E+05,5750884E-03,0.2167E+03,0.4971E+02,0.9534997,0.0330735,0.2995738
T,258,2,0.4243820E+05,5751076E-03,0.3029E+03,-0.1781E+03,0.9754804,-0.2139903,0.0514417
T,259,2,0.4130211E+05,5751949E-03,-0.1073E+04,0.9649E+03,0.9295695,0.1656509,0.3293331
T,260,2,0.4286762E+05,5750262E-03,-0.3779E+03,0.7374E+02,0.8885713,-0.4573519,-0.0356417
T,261,2,0.4308234E+05,5750864E-03,-0.4541E+03,0.3667E+03,0.9939005,-0.0060286,0.1101156
T,262,2,0.3930879E+05,5752536E-03,0.5265E+03,0.1298E+04,0.8740876,0.3611653,0.3248547
T,263,2,0.4409643E+05,5751451E-03,-0.3266E+03,-0.1229E+03,0.9824043,0.1272001,0.1367552
T,264,2,0.4444719E+05,5752536E-03,-0.1949E+03,-0.4376E+02,0.9826335,0.0945097,0.1596849
T,265,2,0.4384671E+05,5750651E-03,-0.6982E+03,-0.3212E+03,0.9675064,-0.2320302,-0.1004655
T,266,2,0.4488961E+05,5752784E-03,0.3412E+03,-0.4526E+03,0.9880262,0.1323250,-0.0793372
T,267,2,0.4482980E+05,5751044E-03,-0.4178E+03,-0.3989E+03,0.9998713,0.0136001,-0.0085145
T,268,2,0.3933193E+05,5750680E-03,0.1960E+03,-0.1293E+04,0.9304223,0.1701877,0.3245773
T,269,2,0.4585765E+05,5750204E-03,0.2727E+03,0.7136E+02,0.9812869,0.0703300,-0.1792477
T,270,2,0.4370877E+05,5752630E-03,0.9598E+02,0.8130E+03,0.9073526,-0.0444991,0.4180084
T,271,2,0.4089247E+05,5750386E-03,-0.6795E+03,0.3457E+03,0.8197342,-0.4978452,0.2831714
T,272,2,0.4478937E+05,5750593E-03,-0.2630E+03,-0.1799E+03,0.9906594,-0.0683315,-0.1180034
T,273,2,0.4275453E+05,5752048E-03,-0.1604E+03,0.1804E+03,0.9993556,0.0357928,0.0026764
T,274,2,0.4379103E+05,5752539E-03,-0.7832E+03,0.1194E+03,0.9719428,-0.2144794,-0.0965699
T,275,2,0.4444310E+05,5752463E-03,0.3750E+03,-0.1388E+03,0.9664804,0.2194695,-0.1332242
T,277,2,0.4263622E+05,5750180E-03,0.8938E+02,-0.2521E+03,0.9964383,0.0597073,-0.0595461
T,278,2,0.4253034E+05,5752547E-03,-0.4621E+03,-0.8545E+02,0.9542886,0.0126246,-0.2986201
T,279,2,0.4088224E+05,5750854E-03,0.3859E+03,0.3191E+03,0.9158072,-0.2723958,-0.2951232
T,280,2,0.4403957E+05,5751500E-03,-0.4456E+03,0.4039E+03,0.9788341,-0.2045265,0.0072553
T,281,2,0.4440335E+05,5751833E-03,0.1844E+03,-0.7370E+02,0.9937081,0.0927911,0.0627221
T,282,2,0.4430566E+05,5751001E-03,0.2260E+03,0.6307E+03,0.9109235,0.1651763,0.3780677
T,283,2,0.4179000E+05,5752103E-03,0.3463E+03,-0.4453E+03,0.9566625,0.2835639,0.0662446
T,284,2,0.4191162E+05,5751097E-03,0.1519E+03,-0.6260E+02,0.9700135,0.2384151,-0.0472454
T,285,2,0.4397676E+05,5750622E-03,-0.2802E+03,0.6223E+03,0.6892020,-0.2388770,0.6840603
T,286,2,0.4751549E+05,5752192E-03,-0.1250E+03,-0.4739E+02,0.9674163,-0.0206164,-0.2523504
T,287,2,0.4460247E+05,5750676E-03,-0.2934E+03,-0.2414E+03,0.9158724,0.1020274,-0.3882887
T,288,2,0.4551800E+05,5750749E-03,0.3194E+03,0.2295E+03,0.9699805,-0.1408886,0.1982128
T,289,2,0.4277152E+05,5752039E-03,0.2049E+03,-0.1012E+03,0.8378556,-0.0459778,-0.5439522
T,290,2,0.4603562E+05,5751757E-03,-0.9172E+02,-0.5008E+03,0.8114666,-0.2967642,-0.5034412
T,291,2,0.4410714E+05,5750690E-03,-0.3702E+03,-0.1641E+03,0.9965742,-0.0362285,-0.0743459
T,292,2,0.4466823E+05,5750034E-03,0.9116E+02,0.3485E+03,0.9996616,-0.0219502,0.0139600
T,293,2,0.4384441E+05,5751657E-03,-0.1650E+03,-0.1203E+03,0.9695975,-0.1402395,-0.2005330
T,294,2,0.4261920E+05,5751489E-03,0.1021E+04,0.2585E+03,0.9929251,0.1187031,0.0030420
T,295,2,0.4239071E+05,5750769E-03,0.2364E+03,0.2243E+03,0.9987499,0.0356446,0.0350456
T,296,2,0.4244723E+05,5751341E-03,0.2356E+03,-0.1895E+03,0.9306470,0.3460420,0.1189582
T,297,2,0.4027748E+05,5752575E-03,-0.3543E+03,-0.6539E+03,0.9610409,-0.1690158,-0.2187098
T,298,2,0.4300660E+05,5752802E-03,0.5013E+03,0.2746E+03,0.9494476,0.2585052,-0.1781135
T,299,2,0.4447999E+05,5750548E-03,0.3601E+02,0.1725E+03,0.9300029,0.1562983,-0.3326642
T,300,2,0.4035386E+05,5751628E-03,-0.3802E+02,-0.7507E+02,0.7499264,-0.5774871,0.3226749
T,301,2,0.4441968E+05,5750384E-03,-0.6065E+02,-0.3126E+03,0.9652840,-0.2078053,-0.1582522
T,302,2,0.4320642E+05,5751715E-03,0.7186E+03,0.2811E+03,0.9759486,0.1941528,0.0991413
T,303,2,0.4211395E+05,5752659E-03,-0.1818E+03,-0.7205E+02,0.9998859,0.0078704,-0.0128944
T,304,2,0.4418040E+05,5750869E-03,0.1981E+03,0.1618E+03,0.9989418,-0.0110705,0.0446394
T,305,2,0.4376090E+05,5750496E-03,0.1617E+03,0.1343E+03,0.9387443,0.3136167,-0.1428417
T,306,2,0.4401507E+05,5751931E-03,0.5238E+02,0.3570E+03,0.9968726,-0.0439526,0.0656743
T,307,2,0.4088688E+05,5751989E-03,0.7226E+03,-0.4332E+03,0.7092172,0.0948363,-0.6985821
T,308,2,0.4372065E+05,5750014E-03,-0.5839E+03,0.2204E+03,0.9792600,-0.1760869,0.1002162
T,309,2,0.4461252E+05,5750591E-03,0.2646E+03,0.4721E+03,0.8752957,0.2230813,0.4290596
T,310,2,0.4286912E+05,5751172E-03,-0.2277E+03,0.2153E+03,0.9478470,-0.3002217,0.1070189
T,311,2,0.4190779E+05,5750358E-03,-0.1942E+03,0.4398E+02,0.6749748,0.2993565,0.6743847
T,312,2,0.4417801E+05,5751133E-03,-0.3719E+03,0.1155E+03,0.9759534,-0.1238623,0.1793684
T,313,2,0.4524089E+05,5751798E-03,-0.1525E+03,-0.5414E+02,0.9950800,0.0195938,-0.0971175
T,314,2,0.4404262E+05,5750719E-03,0.3109E+03,0.2151E+03,0.9986544,-0.0479392,0.0197814
T,315,2,0.4470283E+05,5752291E-03,-0.2183E+03,-0.1791E+03,0.9833621,-0.1388642,-0.1171143
T,316,2,0.4318495E+05,5751685E-03,-0.1082E+03,-0.1011E+03,0.9845586,-0.0326526,-0.1719833
T,317,2,0.4413052E+05,5752350E-03,0.4005E+03,0.3866E+03,0.9933263,0.1142679,0.0156759
T,318,2,0.4414159E+05,5751637E-03,-0.1849E+03,0.9333E+01,0.8974448,-0.4088066,-0.1657408
T,319,2,0.4116056E+05,5751609E-03,-0.6739E+03,0.3739E+03,0.9336721,-0.2686279,-0.2368447
T,320,2,0.4381311E+05,5752614E-03,-0.9422E+02,-0.3028E+03,0.9641417,-0.0887199,-0.2501189
T,321,2,0.4124489E+05,5752698E-03,0.3363E+03,0.9272E+03,0.9014055,-0.1011662,0.4209912
T,322,2,0.4340861E+05,5751134E-03,-0.3244E+03,-0.1669E+02,0.9896520,0.0764443,-0.1214294
T,323,2,0.4026930E+05,5750797E-03,-0.6736E+02,-0.4664E+03,0.7905784,0.5406470,-0.2875528
T,324,2,0.4354999E+05,5750718E-03,0.5359E+02,0.3523E+03,0.9133293,0.0486081,0.4043104
T,325,2,0.4247637E+05,5752476E-03,-0.3879E+03,-0.3856E+03,0.9113769,-0.2130362,-0.3521474
T,326,2,0.3906073E+05,5751620E-03,0.1252E+04,-0.1104E+04,0.9779689,-0.0204775,-0.2077438
T,327,2,0.4368320E+05,5752444E-03,-0.5762E+02,0.4816E+03,0.9547525,0.1545538,-0.2540883
T,328,2,0.4592952E+05,5751199E-03,-0.2782E+03,0.8328E+01,0.9895884,0.0455621,-0.1365242
T,329,2,0.4547950E+05,5751241E-03,-0.1096E+03,-0.5518E+02,0.8906520,-0.2371057,-0.3879690
T,330,2,0.4210617E+05,5752322E-03,0.3687E+03,-0.1910E+03,0.9205806,0.3313077,-0.2068008
T,331,2,0.3135816E+05,5750425E-03,-0.8969E+03,-0.7463E+03,0.5035898,-0.5461564,-0.6694106
T,332,2,0.4558232E+05,5750381E-03,0.1224E+03,0.2105E+03,0.9345982,0.0268265,0.3546923
T,333,2,0.4214616E+05,5750271E-03,0.5165E+03,0.2991E+03,0.8993494,0.3195429,0.2984341
T,334,2,0.4375506E+05,5750285E-03,-0.1770E+03,0.1426E+03,0.9934687,-0.0126987,0.1133964
T,335,2,0.4278217E+05,5751481E-03,0.5821E+03,0.3562E+03,0.9830777,-0.0220004,0.1818630
T,336,2,0.4204848E+05,5752260E-03,-0.3775E+03,0.9915E+02,0.9834195,-0.1501827,0.1016429
T,337,2,0.4239066E+05,5750861E-03,0.3379E+03,0.1898E+03,0.8422197,0.5383540,-0.0289970
T,338,2,0.4150833E+05,5751695E-03,0.4810E+01,0.7704E+03,0.9923652,-0.0274716,0.1202356
T,339,2,0.4366399E+05,5751624E-03,-0.8215E+02,-0.9123E+02,0.9762079,-0.1516142,0.1550201
T,340,2,0.4254188E+05,5750849E-03,0.6644E+03,0.3087E+02,0.9391730,0.3389840,-0.0551712
T,341,2,0.4448694E+05,5751455E-03,0.6586E+03,0.2179E+03,0.9532985,-0.0165837,-0.3015741
T,342,2,0.4599604E+05,5750808E-03,0.3421E+02,-0.1227E+03,0.9888614,0.1323910,-0.0680128
T,343,2,0.4188945E+05,5750110E-03,-0.5987E+02,-0.4553E+03,0.9900925,-0.1402795,0.0062085
T,344,2,0.4416163E+05,5752768E-03,-0.2304E+03,0.1568E+03,0.9969518,0.0364305,0.0689929
T,345,2,0.4176896E+05,5750610E-03,0.7641E+03,0.2659E+02,0.9035055,0.4038357,-0.1435080
T,346,2,0.4409213E+05,5752696E-03,0.1217E+02,-0.5746E+03,0.9405933,0.3040887,-0.1510443
T,347,2,0.4458288E+05,5750775E-03,-0.2537E+03,0.5602E+03,0.9988139,-0.0454659,0.0174244
T,348,2,0.4381681E+05,5750261E-03,0.9815E+02,0.3263E+03,0.9692183,-0.0702917,0.2359553
T,349,2,0.4568242E+05,5750659E-03,-0.2900E+03,0.7875E+02,0.9246889,-0.2359137,0.2988230
T,350,2,0.4396674E+05,5750480E-03,0.2627E+02,0.3732E+03,0.9962240,0.0684382,0.0534227
T,351,2,0.4362458E+05,5752401E-03,-0.1854E+03,0.6072E+03,0.9583853,-0.0948038,0.2692764
T,352,2,0.4369217E+05,5752363E-03,-0.2830E+03,-0.5284E+03,0.9889864,0.1006980,-0.1084700
T,353,2,0.4299737E+05,5752637E-03,-0.3582E+03,0.7776E+03,0.8919915,0.1556496,0.4244107
T,354,2,0.4310506E+05,5751785E-03,-0.3469E+03,-0.2792E+03,0.7483093,-0.5990624,-0.2848815
T,355,2,0.4188584E+05,5752426E-03,0.1297E+03,-0.4077E+02,0.9953448,-0.0522829,-0.0809649
T,356,2,0.4080946E+05,5750602E-03,-0.1261E+04,-0.1830E+03,0.9242159,-0.3603075,-0.1265048
T,357,2,0.4454118E+05,5751211E-03,-0.4467E+03,0.1696E+03,0.9691131,-0.2010492,0.1428255
T,358,2,0.4648555E+05,5751328E-03,0.4229E+03,-0.5983E+02,0.9982665,0.0320294,0.0493777
T,359,2,0.4404873E+05,5752722E-03,-0.9961E+02,-0.5904E+03,0.9716595,-0.1265055,-0.1996854
T,360,2,0.4541141E+05,5751893E-03,0.2529E+03,0.1255E+04,0.9264884,0.0420502,0.3739665
T,361,2,0.4521698E+05,5752547E-03,-0.1582E+03,-0.5606E+02,0.9703667,-0.0294296,-0.2398384
T,362,2,0.4519149E+05,5752263E-03,-0.2722E+03,-0.1812E+02,0.9785178,-0.1333415,-0.1572355
T,363,2,0.4664264E+05,5752365E-03,-0.1409E+03,0.1790E+02,0.9056577,0.0028381,0.4240002
T,364,2,0.4216328E+05,5750205E-03,0.2240E+03,-0.2607E+03,0.9979870,0.0558380,-0.0300673
T,365,2,0.4269254E+05,5750251E-03,0.8104E+02,0.8876E+02,0.9388024,-0.3370484,-0.0710520
T,366,2,0.4474961E+05,5752224E-03,-0.4119E+03,-0.1917E+03,0.8662728,-0.3362049,-0.3695101
T,367,2,0.4515288E+05,5752877E-03,0.4132E+02,-0.4940E+02,0.9988930,0.0207772,-0.0422032
T,368,2,0.4298421E+05,5751523E-03,-0.6514E+02,-0.1073E+03,0.9216875,-0.1802833,0.3434968
T,369,2,0.4429068E+05,5751161E-03,-0.1454E+03,-0.7310E+02,0.9641464,-0.2645904,0.0203390
T,370,2,0.4585095E+05,5750094E-03,0.4982E+02,-0.7403E+02,0.9955407,-0.0899666,-0.0283665
T,371,2,0.4606657E+05,5751477E-03,-0.6705E+02,0.4174E+02,0.9947318,-0.0182392,0.1008762
T,372,2,0.4387961E+05,5752361E-03,0.3425E+03,-0.2711E+03,0.9985279,-0.0076040,-0.0537046
T,373,2,0.4584500E+05,5752762E-03,0.1821E+03,-0.1702E+03,0.9860234,-0.1027323,-0.1311639
T,374,2,0.4345974E+05,5750436E-03,-0.6729E+03,0.3910E+03,0.8783161,-0.4422040,0.1817042
T,375,2,0.4580546E+05,5751057E-03,0.3751E+03,0.7150E+03,0.9394103,0.0595747,0.3375783
T,376,2,0.4099553E+05,5751921E-03,-0.7249E+03,-0.1292E+04,0.8398431,-0.3711383,-0.3961312
T,377,2,0.4366822E+05,5750723E-03,0.2642E+02,0.6881E+03,0.9879104,0.1509418,-0.0353499
T,378,2,0.4523475E+05,5751282E-03,-0.2142E+03,0.2479E+02,0.9796027,-0.1823597,-0.0844009
T,379,2,0.4512360E+05,5750799E-03,-0.2934E+03,0.1883E+03,0.9729994,0.0757946,0.2180077
T,380,2,0.4251621E+05,5752879E-03,0.1583E+03,-0.1084E+02,0.9905952,0.0780046,0.1124117
T,381,2,0.4610207E+05,5752639E-03,-0.2852E+03,0.7362E+02,0.9704740,-0.1522106,0.1871151
T,382,2,0.4621289E+05,5751779E-03,0.1575E+03,-0.1227E+03,0.9750588,0.0003304,-0.2219465
T,383,2,0.3738300E+05,5751134E-03,0.1590E+04,-0.1386E+04,0.7777418,0.4889556,-0.3950192
T,384,2,0.4374993E+05,5750564E-03,-0.1131E+02,-0.4127E+03,0.9890312,0.0094874,-0.1474018
T,385,2,0.4471602E+05,5751857E-03,-0.1146E+04,-0.6924E+02,0.9818912,0.0040973,0.1894012
T,386,2,0.4245638E+05,5750354E-03,-0.1603E+03,0.1522E+03,0.9852134,-0.1622292,0.0551013
T,387,2,0.4226762E+05,5751100E-03,0.3396E+03,-0.3620E+03,0.9261886,0.3742054,0.0463144
T,388,2,0.4433467E+05,5751127E-03,0.1151E+03,-0.6228E+03,0.9915339,0.1150819,-0.0601387
T,389,2,0.4048320E+05,5752929E-03,-0.5267E+03,-0.2467E+03,0.9880534,0.0563068,-0.1434577
T,390,2,0.4465487E+05,5752222E-03,0.1311E+03,-0.6970E+02,0.7757000,0.2728403,-0.5690762
T,391,2,0.4319353E+05,5750452E-03,-0.1408E+03,0.2945E+03,0.9724291,-0.0380634,0.2300713
T,392,2,0.4329636E+05,5751823E-03,-0.6577E+03,-0.7931E+02,0.9981295,-0.0335013,0.0511388
T,393,2,0.4110692E+05,5750296E-03,-0.2289E+03,0.3696E+02,0.9593244,-0.1032476,0.2627482
T,394,2,0.4135034E+05,5751658E-03,-0.7233E+03,0.1493E+04,0.8359776,-0.2848832,0.4690234
T,395,2,0.4074803E+05,5751975E-03,-0.6192E+03,0.2344E+03,0.7342576,-0.4553263,0.5035312
T,396,2,0.4264662E+05,5751028E-03,0.5264E+03,-0.4854E+03,0.7172733,0.5833902,-0.3810182
T,397,2,0.4535447E+05,5752880E-03,-0.1452E+03,0.3544E+02,0.9713211,-0.0749641,0.2256450
T,398,2,0.4311153E+05,5750850E-03,-0.8018E+03,0.2708E+03,0.9819860,-0.0772109,0.1724585
T,399,2,0.4500402E+05,5752867E-03,-0.4640E+03,0.2405E+03,0.9989134,-0.0432089,0.0174671
T,400,2,0.4280658E+05,5751607E-03,-0.2412E+03,0.3289E+03,0.9687209,-0.2099467,0.1322962
T,401,2,0.4458202E+05,5750562E-03,0.1198E+03,0.2123E+03,0.9833985,0.1813819,0.0052949
T,402,2,0.4329075E+05,5750854E-03,-0.4083E+03,-0.2553E+03,0.9888835,-0.1471537,0.0213348
T,403,2,0.4264453E+05,5750171E-03,-0.3544E+03,0.1097E+03,0.9361158,-0.0682253,-0.3450108
T,404,2,0.4675947E+05,5751798E-03,-0.3147E+03,0.1283E+03,0.9978803,0.0015019,-0.0650594
T,405,2,0.4309275E+05,5751587E-03,-0.3763E+03,0.2984E+03,0.9849898,-0.1394491,0.1017304
T,406,2,0.4537488E+05,5752625E-03,0.5049E+02,0.3599E+02,0.9270815,0.1124950,0.3575819
T,407,2,0.3620484E+05,5751546E-03,-0.7435E+03,0.1906E+04,0.8084600,-0.3645933,0.4620218
T,408,2,0.4459364E+05,5751437E-03,-0.1378E+03,-0.4218E+02,0.9977671,0.0185671,0.0641570
T,409,2,0.4526591E+05,5751566E-03,0.7752E+02,-0.3886E+03,0.9995651,-0.0291970,0.0041487
T,410,2,0.4473569E+05,5750198E-03,0.5265E+01,-0.1713E+03,0.9860171,-0.1138608,-0.1216800
T,411,2,0.4621970E+05,5750016E-03,0.1174E+03,-0.4370E+02,0.9914952,0.1234707,0.0411360
T,412,2,0.4583552E+05,5751187E-03,-0.6172E+02,-0.2967E+03,0.9608458,0.1589276,-0.2269742
T,413,2,0.4374587E+05,5751458E-03,0.4737E+03,-0.4785E+03,0.9368660,0.2834393,-0.2048030
T,414,2,0.4468495E+05,5751397E-03,-0.4404E+03,0.2346E+03,0.9998321,0.0027663,0.0181150
T,415,2,0.4209420E+05,5751139E-03,0.3130E+03,-0.1949E+03,0.9104188,0.2960678,-0.2889317
T,416,2,0.4363701E+05,5751680E-03,0.5373E+03,-0.4764E+03,0.9622071,0.2687780,-0.0437706
T,417,2,0.4216964E+05,5752044E-03,-0.6004E+03,0.3640E+03,0.9899068,-0.1259177,0.0650327
T,418,2,0.3158311E+05,5752374E-03,-0.1535E+04,-0.4806E+03,0.8603789,-0.5030140,-0.0820068
T,419,2,0.4660072E+05,5752295E-03,-0.1761E+03,-0.7611E+01,0.9973985,0.0699671,0.0173423
T,420,2,0.4190734E+05,5751914E-03,0.1411E+03,-0.5316E+03,0.9590749,0.0277032,-0.2817941
T,421,2,0.4155382E+05,5751231E-03,-0.5331E+03,0.1112E+04,0.9120910,0.0020998,0.4099824
T,422,2,0.4411687E+05,5751924E-03,-0.3491E+03,0.7311E+03,0.9063612,-0.2803513,0.3160895
T,423,2,0.3934246E+05,5752489E-03,0.8182E+03,-0.3230E+03,0.9854720,0.0667853,-0.1561558
T,424,2,0.4362105E+05,5750415E-03,0.1067E+02,-0.6020E+02,0.9773988,-0.0964754,0.1881064
T,425,2,0.4441151E+05,5752281E-03,0.1527E+03,-0.1709E+03,0.9820996,0.1652476,-0.0904078
T,426,2,0.3809894E+05,5751803E-03,0.1860E+03,0.8658E+03,0.6703780,0.3909627,0.6306675
T,427,2,0.4076200E+05,5751128E-03,0.3506E+03,-0.3018E+03,0.8943585,0.3979372,-0.2043742
T,428,2,0.4505077E+05,5750068E-03,0.5052E+03,-0.1675E+03,0.9938527,-0.0911884,0.0627817
T,429,2,0.4499765E+05,5751307E-03,0.3470E+03,0.6421E+03,0.9905074,0.1080740,0.0849412
T,430,2,0.4250253E+05,5752141E-03,-0.1716E+03,0.3821E+03,0.9849719,-0.1398488,0.1013545
T,431,2,0.4185709E+05,5750279E-03,0.1182E+03,-0.2354E+03,0.9729061,0.1463231,-0.1790064
T,432,2,0.4363273E+05,5752241E-03,0.7873E+02,0.2387E+02,0.9595086,-0.2715894,-0.0747161
T,433,2,0.4463340E+05,5751680E-03,0.1994E+03,0.3151E+03,0.9741940,0.0737069,0.2133387
T,434,2,0.4338749E+05,5750804E-03,-0.4241E+03,0.6767E+02,0.7617857,-0.3667830,0.5339970
T,435,2,0.4487554E+05,5751370E-03,0.2214E+03,0.3928E+03,0.9968908,-0.0323147,0.0718649
T,436,2,0.4235246E+05,5751208E-03,-0.2171E+03,0.1941E+03,0.9656726,-0.1354605,0.2216458
T,437,2,0.4026884E+05,5751522E-03,0.1615E+03,0.7454E+02,0.9545160,0.1038959,0.2794724
T,438,2,0.4420956E+05,5751305E-03,0.3342E+03,-0.6130E+02,0.9100287,0.4141916,-0.0171207
T,439,2,0.4186735E+05,5752265E-03,0.2356E+03,0.1166E+04,0.9577926,-0.0462185,0.2837204
T,440,2,0.4209221E+05,5751521E-03,0.2608E+03,-0.9378E+03,0.8307972,0.5564559,0.0115213
T,441,2,0.4322274E+05,5750818E-03,0.1396E+03,-0.3798E+03,0.9971922,-0.0177036,0.0727622
T,442,2,0.4362630E+05,5751638E-03,-0.5806E+01,-0.5720E+02,0.8936765,-0.1817352,0.4102617
T,443,2,0.3990320E+05,5751006E-03,0.7899E+03,0.1597E+04,0.3425493,0.8504200,0.3993066
T,444,2,0.4176905E+05,5752629E-03,0.1116E+03,-0.4059E+03,0.9283382,0.3483324,-0.1298179
T,445,2,0.4381358E+05,5752054E-03,0.4079E+03,-0.8120E+02,0.9605897,-0.2736900,-0.0485923
T,446,2,0.4316065E+05,5752870E-03,0.1094E+03,0.3941E+03,0.9879207,0.0391723,-0.1499277
T,447,2,0.4586187E+05,5752074E-03,-0.2913E+03,-0.1254E+03,0.9959949,-0.0816511,0.0364303
T,448,2,0.4528472E+05,5752743E-03,0.9361E+02,-0.1587E+03,0.9825379,0.0375104,0.1822425
T,449,2,0.3716923E+05,5752232E-03,0.1075E+04,-0.1640E+04,0.9365463,0.2721700,-0.2209174
T,450,2,0.3721916E+05,5751081E-03,0.3889E+03,0.1091E+04,0.9687008,0.2244770,0.1059667
T,451,2,0.4452576E+05,5752157E-03,0.3002E+03,-0.4758E+02,0.9757693,-0.0324499,0.2163823
T,452,2,0.4470107E+05,5751138E-03,0.4233E+03,0.2418E+03,0.9853407,0.1554438,0.0702916
T,453,2,0.4706010E+05,5752369E-03,0.1183E+03,0.4822E+03,0.9917783,-0.0040006,0.1279056
T,454,2,0.4155372E+05,5751849E-03,0.2264E+03,0.3688E+03,0.9542706,-0.2917764,-0.0650704
T,455,2,0.4530258E+05,5750714E-03,-0.2939E+03,0.3641E+03,0.9616472,-0.1447237,0.2330013
T,456,2,0.4482470E+05,5750812E-03,0.3266E+03,0.2054E+03,0.9906210,0.0769315,0.1129229
T,457,2,0.4224762E+05,5750631E-03,0.1961E+03,-0.6496E+02,0.9253788,0.3008632,0.2305545
T,458,2,0.4429724E+05,5751011E-03,0.1501E+03,-0.8019E+03,0.9817801,0.1880031,-0.0276148
T,459,2,0.4245097E+05,5751225E-03,0.5324E+03,0.3756E+03,0.9794138,0.1997706,0.0289872
T,460,2,0.4591340E+05,5750486E-03,-0.2709E+01,0.5956E+03,0.9818374,-0.0563615,0.1811593
T,461,2,0.4406088E+05,5750410E-03,-0.1612E+03,0.3777E+02,0.9352434,0.3158643,-0.1598423
T,462,2,0.4112116E+05,5751047E-03,0.5025E+03,0.3535E+03,0.9011639,0.3654977,-0.2330560
T,463,2,0.4666378E+05,5750262E-03,-0.2359E+03,-0.1732E+03,0.9330417,0.1104986,-0.3423789
T,464,2,0.4530528E+05,5751543E-03,0.3920E+03,-0.7250E+02,0.9784409,0.1347715,-0.1564932
T,465,2,0.4386683E+05,5751971E-03,0.2733E+03,-0.1293E+04,0.9330982,0.1644355,-0.3198261
T,466,2,0.3640737E+05,5751417E-03,0.7184E+03,0.5141E+03,0.5274029,0.0668274,0.8469831
T,467,2,0.4588612E+05,5752096E-03,-0.1699E+03,-0.2481E+02,0.9993303,0.0179350,0.0318946
T,468,2,0.4436239E+05,5751514E-03,-0.2392E+02,0.4602E+02,0.9960010,-0.0891252,-0.0062219
T,469,2,0.4009557E+05,5750955E-03,0.7086E+03,-0.4326E+03,0.5417490,0.8339486,-0.1050604
T,470,2,0.4331346E+05,5751730E-03,0.7629E+02,0.2960E+02,0.9822885,0.1815111,-0.0465092
T,471,2,0.4082789E+05,5750289E-03,-0.1643E+04,0.5945E+03,0.8836687,-0.4627043,-0.0709534
T,472,2,0.4758950E+05,5750255E-03,-0.1613E+03,-0.5261E+02,0.9933207,-0.1140716,0.0173705
T,473,2,0.4142081E+05,5750355E-03,-0.2507E+03,0.7261E+03,0.9321865,-0.2381576,0.2725975
T,474,2,0.4291244E+05,5752673E-03,-0.1154E+03,0.1574E+03,0.9694497,0.0134516,0.2449212
T,475,2,0.4437952E+05,5751747E-03,0.9525E+02,0.3816E+03,0.9876714,0.1216978,0.0984619
T,476,2,0.4319654E+05,5752669E-03,0.1338E+03,0.6766E+03,0.9546508,-0.1993729,0.2211159
T,477,2,0.4379641E+05,5751772E-03,-0.7233E+02,0.2481E+03,0.9902260,-0.0745568,-0.1178721
T,478,2,0.4287716E+05,5750211E-03,0.7217E+03,-0.7100E+02,0.8502804,0.5216595,0.0699621
T,479,2,0.4406993E+05,5751687E-03,0.1358E+02,-0.4369E+03,0.9064375,0.0396513,-0.4204744
T,480,2,0.4519876E+05,5751125E-03,-0.4821E+02,-0.2017E+02,0.9780865,-0.2081983,0.0005580
T,481,2,0.4324893E+05,5750053E-03,-0.3158E+02,0.1580E+02,0.8691678,0.2317969,0.4368267
T,482,2,0.4471447E+05,5750051E-03,-0.1482E+03,0.5528E+03,0.9611847,-0.0732672,0.2659997
T,483,2,0.4207739E+05,5752493E-03,0.2217E+03,-0.1207E+03,0.9507253,0.2826643,-0.1273668
T,484,2,0.3161853E+05,5752181E-03,-0.2741E+04,0.1291E+04,0.9203551,-0.3573810,0.1588245
T,485,2,0.4527219E+05,5750625E-03,-0.4785E+03,0.3393E+03,0.9959838,-0.0684801,-0.0576770
T,486,2,0.4374627E+05,5751654E-03,0.1372E+03,0.4202E+02,0.9726011,-0.1100971,-0.2047579
T,487,2,0.4318156E+05,5750912E-03,-0.2114E+02,-0.2216E+03,0.9436302,-0.2102785,-0.2556266
T,488,2,0.4455441E+05,5751085E-03,0.4301E+03,0.4321E+03,0.9446244,0.1306368,0.3010295
T,489,2,0.4230962E+05,5750486E-03,-0.2220E+03,0.6022E+02,0.2318063,-0.2739930,0.9333776
T,490,2,0.4580302E+05,5752150E-03,0.7137E+02,-0.2944E+03,0.9951673,0.0626609,-0.0756023
T,491,2,0.4302610E+05,5751401E-03,0.1594E+03,0.8028E+02,0.9980871,-0.0251402,-0.0564806
T,492,2,0.4438176E+05,5751337E-03,0.1226E+03,0.2330E+03,0.9961948,0.0473619,0.0731627
T,493,2,0.4187572E+05,5752816E-03,0.1788E+03,-0.5775E+03,0.9872218,-0.0267475,-0.1570912
T,494,2,0.4516509E+05,5750163E-03,0.4420E+02,0.2503E+03,0.9615860,0.1559480,0.2259037
T,495,2,0.4379652E+05,5750849E-03,0.1633E+03,-0.5141E+03,0.9900459,-0.0636701,-0.1255195
T,496,2,0.4445094E+05,5751076E-03,0.1072E+03,-0.2036E+03,0.9888879,0.1416234,-0.0452062
T,497,2,0.4081352E+05,5752837E-03,-0.6994E+02,-0.1277E+04,0.9687591,-0.1411269,-0.2039337
T,498,2,0.4415081E+05,5751587E-03,0.9209E+03,0.8834E+02,0.9922886,0.1121826,-0.0527099
T,499,2,0.4398710E+05,5752581E-03,-0.6129E+03,-0.2325E+02,0.9884411,0.0453071,0.1446769
T,500,2,0.3538855E+05,5751254E-03,0.2938E+03,0.2669E+03,0.7003738,0.6823450,-0.2094799
T,501,2,0.4562623E+05,5750284E-03,0.4232E+02,-0.3770E+02,0.9941350,-0.0445248,-0.0985549
T,502,2,0.4133653E+05,5750344E-03,-0.3025E+02,0.6734E+03,0.3473520,0.1390110,0.9273740
T,503,2,0.4412848E+05,5751037E-03,-0.5463E+03,-0.3962E+03,0.9428833,-0.2085591,-0.2597579
T,504,2,0.4344616E+05,5750956E-03,0.6371E+03,-0.1079E+03,0.9765289,0.1632255,-0.1405298
T,505,2,0.4207206E+05,5751086E-03,-0.4486E+03,-0.5192E+02,0.8685429,-0.4490691,-0.2096908
T,506,2,0.2127852E+05,5750359E-03,-0.9898E+03,-0.1883E+04,0.5503950,-0.3914951,-0.7374259
T,507,2,0.4394721E+05,5752006E-03,-0.5286E+03,0.1044E+03,0.9198874,-0.3388462,0.1974600
T,508,2,0.4237361E+05,5752100E-03,-0.5926E+01,-0.1986E+03,0.9678616,-0.2069114,-0.1429390
T,509,2,0.4499682E+05,5750150E-03,0.8893E+03,0.1593E+03,0.9861864,0.1571130,0.0524585
T,510,2,0.4659377E+05,5751463E-03,0.2711E+03,0.2556E+02,0.9848492,0.1572667,0.0730706
T,511,2,0.4468188E+05,5752362E-03,0.1239E+03,0.6830E+02,0.9798859,0.0129227,-0.1991395
T,512,2,0.4438356E+05,5751261E-03,-0.5037E+03,0.3802E+03,0.9710842,-0.1879822,0.1471669
T,513,2,0.4695022E+05,5752086E-03,0.6856E+02,0.1358E+03,0.9879695,-0.0122713,0.1541614
T,514,2,0.4412797E+05,5752184E-03,-0.1674E+03,-0.2277E+03,0.9871080,-0.1317250,-0.0909190
T,515,2,0.4288559E+05,5751721E-03,-0.2444E+03,-0.1794E+03,0.9693123,0.2398824,-0.0537595
T,516,2,0.4176800E+05,5752899E-03,0.2419E+03,0.3252E+03,0.9967595,0.0019185,-0.0804164
T,517,2,0.4476444E+05,5751711E-03,-0.4271E+03,0.1358E+03,0.9742674,-0.1510109,0.1673281
T,518,2,0.4227703E+05,5752797E-03,0.6219E+03,0.6355E+03,0.9913949,0.1186635,0.0552741
T,519,2,0.4273170E+05,5752734E-03,0.1101E+03,0.2657E+03,0.9997804,0.0174842,-0.0115551
T,520,2,0.3201791E+05,5751566E-03,0.3823E+03,0.5035E+03,0.5584719,0.7778557,0.2881835
T,521,2,0.4463486E+05,5750793E-03,-0.2589E+03,-0.9021E+02,0.9916204,-0.0183270,-0.1278796
T,522,2,0.4486142E+05,5751719E-03,-0.1959E+03,0.2913E+03,0.9816106,-0.1906603,0.0094444
T,523,2,0.4446381E+05,5752811E-03,0.1239E+03,-0.3701E+03,0.9870793,0.1255683,-0.0995344
T,524,2,0.4341231E+05,5752562E-03,0.1376E+03,0.5432E+03,0.9913181,-0.0659095,0.1137733
T,525,2,0.4235775E+05,5752093E-03,-0.4217E+02,-0.9462E+03,0.8847488,-0.4141056,-0.2138600
T,526,2,0.4360352E+05,5751935E-03,0.7621E+02,0.2731E+02,0.9775692,-0.0953266,-0.1878067
T,527,2,0.4359396E+05,5751461E-03,-0.2698E+03,-0.4264E+03,0.9837233,-0.0297317,-0.1772132
T,528,2,0.4479200E+05,5752391E-03,0.2734E+03,-0.7223E+02,0.9870114,0.1597048,0.0174029
T,529,2,0.4485810E+05,5751514E-03,0.3017E+03,-0.1920E+03,0.9890049,0.1155610,-0.0922768
T,530,2,0.4076794E+05,5751157E-03,-0.6434E+03,-0.4047E+03,0.9891544,-0.0893656,-0.1165646
T,531,2,0.4215821E+05,5751739E-03,-0.2469E+03,-0.1925E+02,0.9937186,-0.1059325,-0.0360774
T,532,2,0.4298031E+05,5752368E-03,-0.2610E+03,0.6497E+02,0.9797883,-0.1474330,0.1351976
T,533,2,0.4348526E+05,5752165E-03,0.2781E+03,0.1664E+03,0.9984435,0.0047628,0.0555688
T,534,2,0.4311110E+05,5751613E-03,0.6739E+02,0.3533E+03,0.9406505,-0.0031779,0.3393620
T,535,2,0.4356332E+05,5750683E-03,0.1016E+03,0.2375E+03,0.9927610,-0.1145871,-0.0359911
T,536,2,0.4280119E+05,5752092E-03,-0.2969E+03,0.2568E+03,0.9278706,-0.2468300,0.2795192
T,537,2,0.4333793E+05,5750233E-03,-0.2907E+03,-0.6529E+03,0.8458904,0.1797380,-0.5021591
T,538,2,0.4373157E+05,5750383E-03,-0.1674E+03,-0.5681E+03,0.9873861,0.0874917,-0.1319619
T,539,2,0.4375542E+05,5751926E-03,0.3632E+03,0.9452E+03,0.9762787,0.1297523,0.1733325
T,540,2,0.4015214E+05,5750748E-03,0.7196E+03,-0.2528E+03,0.9411789,0.2880505,-0.1766610
T,541,2,0.4257661E+05,5750425E-03,-0.1906E+03,-0.6593E+03,0.9305341,-0.0967644,-0.3531898
T,542,2,0.4302706E+05,5752700E-03,-0.1487E+02,0.1776E+03,0.9376415,-0.3439844,0.0500323
T,543,2,0.4044510E+05,5751328E-03,0.1067E+04,-0.1441E+03,0.9119414,0.3670183,0.1834680
T,544,2,0.4417878E+05,5750185E-03,0.1392E+03,-0.1405E+03,0.9489478,-0.2969669,0.1063423
T,545,2,0.4317349E+05,5751498E-03,-0.4062E+03,0.7530E+03,0.7641425,-0.3492732,0.5423047
T,546,2,0.4584112E+05,5752064E-03,-0.2215E+03,0.3446E+03,0.9942584,0.0981300,0.0426692
T,547,2,0.4391868E+05,5750996E-03,-0.3439E+03,0.5613E+02,0.9779842,-0.1963552,-0.0706502
T,548,2,0.4049904E+05,5751273E-03,-0.3155E+03,-0.8431E+03,0.8602272,0.0777263,-0.5039521
T,549,2,0.4293890E+05,5751799E-03,-0.9372E+02,-0.2799E+03,0.9966871,0.0423969,0.0694070
T,550,2,0.4147248E+05,5750344E-03,-0.3337E+03,0.4885E+03,0.9920384,0.1156010,-0.0499629
T,551,2,0.4099189E+05,5752546E-03,-0.4691E+03,-0.4168E+03,0.8654384,-0.1478200,-0.4787124
T,552,2,0.4637355E+05,5751331E-03,0.4130E+02,-0.2003E+03,0.9977857,0.0287899,-0.0599564
T,553,2,0.4259793E+05,5751227E-03,0.2401E+03,-0.4970E+03,0.9878338,-0.0694398,0.1391494
T,554,2,0.4351915E+05,5752011E-03,0.6011E+03,0.2607E+02,0.9948645,0.0856630,0.0539120
T,555,2,0.4347634E+05,5751709E-03,0.8807E+02,0.3569E+03,0.9989591,0.0132299,0.0436530
T,556,2,0.4373462E+05,5751949E-03,-0.4228E+03,0.3532E+03,0.9939698,0.0573195,0.0934798
T,557,2,0.4604587E+05,5751490E-03,-0.1741E+02,-0.3132E+02,0.9938797,-0.1077627,0.0242979
T,558,2,0.4589776E+05,5751951E-03,0.1660E+03,-0.4424E+02,0.9980319,-0.0173690,0.0602549
T,559,2,0.4614934E+05,5752076E-03,-0.3017E+03,0.1120E+03,0.9929202,-0.1146398,-0.0311009
T,560,2,0.4277421E+05,5750324E-03,0.3235E+03,-0.1994E+03,0.9910250,0.1261647,-0.0441797
T,561,2,0.3856641E+05,5751666E-03,-0.2473E+03,0.7176E+03,0.8321400,0.1855677,0.5225970
T,562,2,0.4564667E+05,5750333E-03,0.1446E+03,0.3522E+03,0.7000912,0.2288370,0.6763919
T,563,2,0.4149576E+05,5751642E-03,-0.1575E+03,0.6490E+03,0.8860294,0.2952942,0.3574260
T,564,2,0.4378268E+05,5751633E-03,-0.5514E+03,-0.9430E+03,0.7935975,0.2334457,-0.5618774
T,565,2,0.4609074E+05,5750791E-03,0.3001E+03,-0.8058E+02,0.9794933,0.0772203,0.1860911
T,566,2,0.4194354E+05,5752163E-03,0.4381E+03,0.9356E+03,0.9573900,0.1634121,0.2381195
T,567,2,0.4187080E+05,5752545E-03,-0.1533E+03,-0.1581E+03,0.9706774,-0.0657887,-0.2312081
T,568,2,0.4409647E+05,5750393E-03,-0.6211E+02,0.1559E+03,0.8773129,-0.4172295,0.2371532
T,569,2,0.4497285E+05,5752473E-03,0.4056E+01,-0.1572E+03,0.9904494,-0.0857843,0.1079398
T,570,2,0.4646839E+05,5750617E-03,0.4589E+03,-0.4156E+02,0.9146077,0.2395900,-0.3257136
T,571,2,0.4300779E+05,5750286E-03,-0.5114E+02,-0.1238E+03,0.9978190,0.0281255,0.0597185
T,572,2,0.4268542E+05,5750723E-03,-0.1868E+03,0.1316E+03,0.9859385,-0.1315836,-0.1030098
T,573,2,0.4569934E+05,5752062E-03,-0.3656E+03,0.1530E+03,0.9536096,-0.2935296,-0.0668515
T,574,2,0.3830039E+05,5750368E-03,0.2828E+03,0.1501E+03,0.9702515,-0.1658395,-0.1763782
T,575,2,0.4644543E+05,5750020E-03,0.3416E+03,0.2411E+01,0.9633217,0.2672463,-0.0243036
T,576,2,0.4181716E+05,5751151E-03,0.1018E+03,-0.1073E+03,0.9957895,-0.0069145,0.0914082
T,577,2,0.4460409E+05,5751535E-03,0.4892E+03,-0.1591E+01,0.8321526,0.5223431,-0.1862249
T,578,2,0.4418276E+05,5750269E-03,-0.1742E+03,-0.4998E+03,0.6048895,0.7601937,0.2370954
T,579,2,0.4334442E+05,5752564E-03,0.1399E+03,-0.2188E+02,0.9977820,-0.0025747,0.0665165
T,580,2,0.4185424E+05,5751462E-03,0.2941E+03,-0.1215E+03,0.9845669,0.1020814,-0.1421530
T,581,2,0.3997327E+05,5750658E-03,0.9088E+03,0.3498E+03,0.7454075,0.6184602,0.2487461
T,582,2,0.4188599E+05,5752739E-03,-0.3973E+03,0.2718E+03,0.9209490,0.0459486,0.3869647
T,583,2,0.4586836E+05,5752028E-03,-0.1480E+03,0.5449E+02,0.9667437,-0.1488650,-0.2079562
T,584,2,0.4148807E+05,5751394E-03,0.4579E+03,-0.4154E+02,0.8533533,0.3947173,-0.3405678
T,585,2,0.4619576E+05,5751467E-03,-0.7291E+02,0.3393E+02,0.9858989,-0.1665361,-0.0164039
T,586,2,0.4549551E+05,5751760E-03,-0.4794E+03,-0.7263E+03,0.7915944,-0.1384503,-0.5951553
T,587,2,0.3966468E+05,5750647E-03,-0.1504E+03,0.9229E+03,0.9458958,-0.2765693,0.1696780
T,588,2,0.4723500E+05,5750721E-03,-0.8322E+02,-0.2663E+03,0.9964062,-0.0719145,-0.0447548
T,589,2,0.3948993E+05,5751648E-03,0.2615E+03,0.4484E+02,0.9536317,0.1890085,0.2342271
T,590,2,0.4174770E+05,5751082E-03,-0.3097E+03,0.4255E+03,0.9671653,0.0176197,0.2535368
T,591,2,0.4434813E+05,5750459E-03,-0.1937E+03,0.5693E+03,0.9709402,-0.0419243,0.2356213
T,592,2,0.4486395E+05,5752586E-03,0.1645E+02,-0.1429E+03,0.9744382,-0.1676739,-0.1495180
T,593,2,0.4431649E+05,5751230E-03,-0.4379E+03,0.2023E+03,0.9503621,-0.2877700,0.1183227
T,594,2,0.4358135E+05,5750310E-03,0.1215E+03,0.8623E+03,0.9725954,-0.0265688,0.2309810
T,595,2,0.4413246E+05,5750101E-03,0.4118E+02,0.4170E+03,0.9977605,-0.0406359,-0.0531301
T,596,2,0.4434681E+05,5750617E-03,-0.1571E+03,0.3180E+03,0.9970129,-0.0598570,0.0488099
T,597,2,0.4105482E+05,5750027E-03,-0.3978E+03,-0.3385E+02,0.8531992,-0.1514125,0.4991245
T,598,2,0.4476154E+05,5752314E-03,0.1497E+03,0.1713E+03,0.9771506,0.1786387,0.1151734
T,599,2,0.4256248E+05,5752492E-03,-0.1926E+03,-0.8076E+03,0.9177737,0.1143007,-0.3802984
T,600,2,0.4514144E+05,5750222E-03,0.2680E+03,0.2815E+03,0.9595490,0.1862986,0.2110891
T,601,2,0.4443646E+05,5752644E-03,-0.3696E+03,-0.9805E+03,0.9747368,-0.1646170,-0.1509619
T,602,2,0.4271964E+05,5751812E-03,0.3111E+03,0.7480E+03,0.9879924,0.1072523,-0.1112111
T,603,2,0.4567818E+05,5752825E-03,-0.3007E+03,0.1106E+03,0.9725327,-0.0661558,0.2231669
T,604,2,0.4310367E+05,5752333E-03,-0.1999E+03,-0.2017E+03,0.9946314,0.0096907,-0.1030263
T,605,2,0.4430891E+05,5751370E-03,-0.4764E+03,-0.2365E+03,0.8901079,-0.3595568,-0.2800479
T,606,2,0.4608664E+05,5750822E-03,-0.6291E+02,0.5117E+02,0.9975619,-0.0373169,-0.0589720
T,607,2,0.4414151E+05,5752741E-03,0.6836E+03,0.9444E+03,0.9893602,0.0416739,0.1393905
T,608,2,0.3761248E+05,5752805E-03,-0.1857E+04,-0.1541E+04,0.9510985,-0.2661300,-0.1568009
T,609,2,0.4426928E+05,5751135E-03,-0.2277E+03,0.4406E+03,0.8553589,0.0601562,0.5145312
T,610,2,0.4366809E+05,5750712E-03,0.2136E+03,-0.6912E+02,0.9818735,-0.1870160,-0.0308144
T,611,2,0.4278834E+05,5750667E-03,0.1365E+03,0.2638E+03,0.9987236,-0.0427740,0.0268622
T,612,2,0.4412704E+05,5751119E-03,0.2064E+03,-0.5497E+02,0.9829182,-0.0610865,-0.1736095
T,613,2,0.4373785E+05,5750501E-03,-0.4075E+03,-0.3222E+03,0.9593481,-0.1843703,-0.2136792
T,614,2,0.4288949E+05,5750696E-03,0.3488E+02,-0.2500E+03,0.9117267,-0.0560567,0.4069546
T,615,2,0.4401124E+05,5750172E-03,0.4068E+03,0.4057E+03,0.8869724,0.3108186,0.3415725
T,616,2,0.3246270E+05,5752635E-03,-0.1115E+04,0.6427E+03,0.9298036,-0.3652943,0.0450031
T,617,2,0.4417878E+05,5750498E-03,-0.2680E+02,0.4529E+02,0.9823327,0.0217255,-0.1858777
T,618,2,0.4438705E+05,5750058E-03,0.1444E+02,0.6045E+03,0.9008488,-0.0979548,0.4229377
T,619,2,0.4145988E+05,5750147E-03,0.1042E+03,-0.4499E+02,0.4291421,-0.5677560,-0.7024886
T,620,2,0.4507086E+05,5751209E-03,0.3522E+03,-0.1873E+03,0.9844676,0.1755661,-0.0001977
T,621,2,0.2609353E+05,5751745E-03,0.1472E+03,-0.8588E+03,0.6703748,-0.2597800,-0.6950625
T,622,2,0.4247646E+05,5751306E-03,0.2423E+03,-0.4632E+03,0.9873037,0.1571111,-0.0234006
T,623,2,0.4471670E+05,5752493E-03,0.2677E+03,0.2494E+03,0.9897308,-0.1228269,-0.0731202
T,624,2,0.4120653E+05,5751266E-03,-0.2487E+03,-0.6909E+02,0.9867333,0.1480081,0.0667158
T,625,2,0.4338255E+05,5750621E-03,0.2856E+03,-0.2936E+02,0.6150412,0.7688762,-0.1747963
T,626,2,0.3710770E+05,5751535E-03,-0.2002E+03,0.1236E+04,0.7112948,-0.0603805,0.7002956
T,627,2,0.4251734E+05,5751069E-03,0.1471E+03,0.3029E+03,0.9997967,0.0201557,-0.0006182
T,628,2,0.4094722E+05,5750399E-03,0.1887E+03,0.3525E+03,0.8886228,-0.4412440,0.1251128
T,629,2,0.4403227E+05,5750227E-03,0.4201E+03,0.1278E+03,0.9142010,0.4052193,0.0058237
T,630,2,0.4518446E+05,5752934E-03,0.3524E+03,-0.1782E+03,0.9796309,0.1219337,0.1595478
T,631,2,0.4595303E+05,5750059E-03,-0.2572E+02,-0.5776E+02,0.9905312,0.1093579,0.0829984
T,632,2,0.4233834E+05,5751945E-03,0.6185E+03,-0.5429E+03,0.8739524,0.4461047,0.1928672
T,633,2,0.4480885E+05,5751053E-03,0.2388E+03,0.6988E+02,0.9799261,0.1671177,-0.1087035
T,634,2,0.4091224E+05,5751280E-03,0.1216E+03,0.5846E+03,0.7696744,-0.3742039,0.5172744
T,635,2,0.4417040E+05,5751298E-03,0.3966E+03,0.1474E+03,0.9598886,0.2711650,0.0712979
T,636,2,0.4385927E+05,5750077E-03,-0.1930E+03,0.2568E+03,0.8978490,0.1894690,0.3974527
T,637,2,0.3898835E+05,5750747E-03,0.1122E+04,-0.1500E+04,0.9227774,0.3826974,-0.0449941
T,638,2,0.4331019E+05,5751980E-03,0.2017E+03,-0.4193E+03,0.9810717,0.1934900,-0.0077455
T,639,2,0.4405728E+05,5752074E-03,-0.5970E+03,-0.1136E+03,0.9673338,-0.1434306,-0.2090287
T,640,2,0.4267012E+05,5751667E-03,0.9311E+03,0.6736E+03,0.9559072,0.2829452,0.0786349
T,641,2,0.4595027E+05,5750198E-03,-0.1904E+03,0.1766E+03,0.9386835,0.1344665,0.3174775
T,642,2,0.4410653E+05,5750584E-03,-0.5001E+03,-0.6142E+03,0.9659505,-0.2189417,-0.1378559
T,643,2,0.4378892E+05,5750190E-03,0.1541E+03,0.1186E+03,0.9369409,0.3469323,0.0421872
T,644,2,0.4296865E+05,5750989E-03,-0.6793E+03,0.3573E+03,0.9007274,-0.4206445,0.1083896
T,645,2,0.4425960E+05,5752758E-03,0.3052E+03,0.2054E+02,0.9530275,-0.2719123,-0.1334255
T,646,2,0.4213041E+05,5751889E-03,0.3031E+03,0.4124E+03,0.9611864,0.2753025,0.0181463
T,647,2,0.4334010E+05,5751302E-03,-0.1491E+03,-0.1099E+03,0.9455022,-0.1466785,-0.2907077
T,648,2,0.4291956E+05,5750435E-03,0.3415E+02,-0.4830E+03,0.9649184,-0.2613018,-0.0255714
T,649,2,0.3706471E+05,5750391E-03,0.6626E+03,-0.2344E+04,0.9196345,0.1258182,-0.3720782
T,650,2,0.4332103E+05,5751753E-03,0.7473E+03,0.1644E+04,0.9125211,-0.0218777,0.4084440
T,651,2,0.4504056E+05,5750092E-03,0.2650E+02,-0.1446E+03,0.9903776,-0.0933739,0.1021442
T,652,2,0.4374395E+05,5752407E-03,-0.1294E+03,0.4315E+03,0.9738109,-0.2003149,0.1075464
T,653,2,0.4128913E+05,5750228E-03,0.5053E+03,0.2890E+03,0.9970624,0.0634167,0.0429525
T,654,2,0.4388791E+05,5750429E-03,-0.1559E+02,-0.1264E+03,0.8924711,0.0282698,0.4502180
T,655,2,0.4590216E+05,5751549E-03,-0.5169E+03,-0.2163E+02,0.9684608,-0.0037942,0.2491370
T,656,2,0.4496718E+05,5751312E-03,0.1501E+03,-0.8222E+02,0.9939395,0.0667852,0.0873158
T,657,2,0.4385327E+05,5752618E-03,0.5162E+03,-0.1446E+03,0.9586961,0.2686156,-0.0935275
T,658,2,0.4408563E+05,5751604E-03,0.6013E+02,0.8859E+02,0.9707906,0.1962767,-0.1379895
T,659,2,0.4375996E+05,5752587E-03,-0.7223E+02,0.5973E+02,0.9823167,0.1759155,0.0640904
T,660,2,0.4547107E+05,5751835E-03,-0.1813E+03,0.3072E+03,0.9865095,-0.0889413,0.1374355
T,661,2,0.3967113E+05,5751354E-03,-0.7426E+02,-0.8578E+03,0.9840102,-0.0281670,-0.1758706
T,662,2,0.4497036E+05,5751900E-03,-0.1046E+03,0.2765E+03,0.9947727,-0.0153297,0.1009566
T,663,2,0.4057280E+05,5751751E-03,0.5153E+03,-0.9698E+03,0.9446595,0.1371669,-0.2979994
T,664,2,0.4287940E+05,5750675E-03,0.3640E+03,-0.8969E+03,0.9955259,-0.0941756,0.0076901
T,665,2,0.2817641E+04,5752419E-03,-0.1655E+04,-0.7837E+04,0.8705827,0.0145000,0.4918084
T,666,2,0.4206633E+05,5750789E-03,-0.1081E+04,-0.8889E+02,0.9702490,-0.2388177,-0.0397856
T,667,2,0.4183000E+05,5750909E-03,0.1269E+03,0.1626E+02,0.9579349,0.2861143,0.0223468
T,668,2,0.4572044E+05,5751272E-03,-0.6537E+03,-0.2149E+03,0.9494456,-0.2639499,-0.1699514
T,669,2,0.4651760E+05,5750598E-03,0.3136E+03,-0.4292E+03,0.9789554,0.1029209,-0.1762202
T,670,2,0.4425905E+05,5751798E-03,-0.5471E+02,-0.2270E+03,0.9426941,-0.2824257,-0.1776615
T,671,2,0.4445233E+05,5751296E-03,-0.1460E+03,0.6104E+02,0.9606712,-0.2694231,0.0672463
T,672,2,0.3535605E+05,5750961E-03,0.2247E+04,-0.9149E+03,0.7938006,0.6079005,-0.0183753
T,673,2,0.4101396E+05,5750950E-03,0.7206E+02,0.3805E+02,0.9443083,0.3179901,0.0846417
T,674,2,0.4540822E+05,5751323E-03,0.2386E+03,-0.2275E+03,0.9988600,-0.0321859,-0.0352516
T,675,2,0.4312194E+05,5751756E-03,-0.9453E+03,-0.3896E+03,0.9917287,-0.1011979,0.0789498
T,676,2,0.4055886E+05,5751292E-03,0.1509E+03,0.2975E+03,0.8303031,0.3937340,0.3944240
T,677,2,0.4366490E+05,5751569E-03,-0.7467E+02,-0.3485E+03,0.9925665,0.1031974,-0.0645135
T,678,2,0.4481846E+05,5752577E-03,-0.5763E+03,0.8275E+02,0.9508630,-0.3020960,-0.0678049
T,679,2,0.4407462E+05,5750831E-03,-0.4129E+03,0.2474E+03,0.9142963,-0.3615670,0.1825695
T,680,2,0.4688924E+05,5751943E-03,-0.1569E+03,0.1539E+03,0.9961775,-0.0855453,0.0176742
T,681,2,0.4212486E+05,5752320E-03,0.3523E+03,0.1113E+02,0.9450680,0.3268734,0.0004123
T,682,2,0.4556033E+05,5752533E-03,0.8286E+02,-0.2153E+03,0.9987278,-0.0425191,-0.0271079
T,683,2,0.4328962E+05,5752734E-03,0.5335E+02,0.8216E+02,0.9936190,-0.0949270,0.0609118
T,684,2,0.4351405E+05,5752037E-03,-0.7528E+03,0.1593E+03,0.9380924,-0.3452242,0.0283342
T,685,2,0.4276178E+05,5751773E-03,0.9261E+03,0.6184E+02,0.9486486,0.2702924,-0.1643408
T,686,2,0.4603587E+05,5751663E-03,-0.2941E+03,0.2160E+03,0.9875015,-0.1070693,-0.1156586
T,687,2,0.4446853E+05,5750414E-03,0.2341E+03,-0.1021E+03,0.9902895,-0.0746327,-0.1172888
T,688,2,0.4423434E+05,5750659E-03,0.1267E+03,-0.1824E+03,0.9966068,0.0158385,0.0807716
T,689,2,0.4426172E+05,5752602E-03,0.7452E+02,-0.8043E+02,0.9371417,0.3464959,0.0413043
T,690,2,0.4331292E+05,5752267E-03,0.3628E+03,0.6729E+03,0.9537917,0.2267348,0.1971615
T,691,2,0.4705927E+05,5751880E-03,-0.2555E+03,0.1328E+03,0.9776527,-0.1782017,-0.1115318
T,692,2,0.4366000E+05,5752092E-03,0.4294E+03,0.3211E+02,0.9739948,0.1799816,0.1376251
T,693,2,0.4393914E+05,5752055E-03,0.8842E+02,-0.4559E+03,0.8350251,0.4868982,-0.2562484
T,694,2,0.4429849E+05,5750072E-03,-0.2370E+03,0.1183E+03,0.9392003,-0.0348847,-0.3415932
T,695,2,0.4388422E+05,5752767E-03,0.1434E+03,0.1768E+03,0.9888440,-0.1480323,-0.0165519
T,696,2,0.4491145E+05,5750517E-03,0.6807E+02,-0.2409E+03,0.9489543,-0.1927466,0.2496687
T,697,2,0.4347506E+05,5750534E-03,-0.5139E+02,-0.3726E+02,0.9936934,0.0847391,-0.0734347
T,698,2,0.4561617E+05,5750070E-03,-0.4665E+03,0.1415E+03,0.9616086,-0.2194625,0.1647580
T,699,2,0.4356643E+05,5752296E-03,0.3157E+02,-0.1230E+03,0.9701817,0.0973459,0.2219714
T,700,2,0.4422839E+05,5751176E-03,0.4349E+03,-0.1977E+03,0.9476165,0.3193534,0.0060392
T,701,2,0.4522067E+05,5750593E-03,-0.3812E+03,0.5714E+03,0.9425229,-0.2940963,-0.1586125
T,702,2,0.4563330E+05,5752455E-03,0.1425E+03,-0.1176E+02,0.9573924,-0.1943812,0.2135785
T,703,2,0.4201142E+05,5751944E-03,-0.4324E+03,0.1213E+03,0.8469916,-0.5133460,0.1381345
T,704,2,0.4596653E+05,5750978E-03,-0.1244E+03,0.5155E+03,0.9676867,-0.2444877,0.0617103
T,705,2,0.4162699E+05,5750426E-03,-0.4430E+03,0.3127E+03,0.3251802,-0.2212539,0.9194045
T,706,2,0.4639827E+05,5751499E-03,0.2836E+03,0.6075E+02,0.9947793,0.0643213,0.0792274
T,707,2,0.4354884E+05,5751420E-03,0.2763E+03,0.3806E+03,0.9510525,0.2362237,0.1992425
T,708,2,0.4553282E+05,5750835E-03,0.4306E+01,0.6021E+02,0.9930155,-0.0624638,0.1000924
T,709,2,0.4300612E+05,5751137E-03,-0.4103E+02,-0.2022E+03,0.9146859,-0.0186352,-0.4037357
T,710,2,0.4176939E+05,5752835E-03,0.7060E+03,-0.4976E+03,0.9702375,0.2421249,-0.0038464
T,711,2,0.3922854E+05,5750734E-03,-0.1130E+03,-0.3413E+02,0.8130007,-0.0877204,-0.5756171
T,712,2,0.4631611E+05,5752700E-03,0.3454E+03,-0.1962E+02,0.9842996,0.1743570,0.0274564
T,713,2,0.4310463E+05,5750728E-03,-0.2799E+03,0.1396E+03,0.9120324,-0.0855708,0.4010916
T,714,2,0.4195703E+05,5750315E-03,-0.3023E+03,-0.6201E+03,0.8238449,-0.3104939,-0.4742079
T,715,2,0.4568369E+05,5751292E-03,-0.6575E+02,0.1445E+03,0.9977384,-0.0630116,-0.0234026
T,716,2,0.3989152E+05,5750541E-03,0.1461E+03,0.9290E+03,0.8066352,0.0179725,0.5907762
T,717,2,0.4711672E+05,5750566E-03,0.2223E+03,0.2655E+03,0.9939079,0.0767961,-0.0790531
T,718,2,0.4736832E+05,5750894E-03,-0.5923E+03,0.3976E+03,0.9735621,-0.1540274,0.1686787
T,719,2,0.4422820E+05,5750669E-03,0.1827E+03,-0.1985E+03,0.9814105,0.1745954,0.0796863
T,720,2,0.4314861E+05,5750536E-03,-0.7715E+03,0.8467E+02,0.9757984,0.0404028,0.2149074
T,721,2,0.4324339E+05,5752747E-03,-0.2240E+03,0.8674E+02,0.9894171,0.0134976,0.1444700
T,722,2,0.4391601E+05,5750258E-03,0.2743E+03,-0.1591E+02,0.9673880,0.1496007,-0.2044016
T,723,2,0.4191006E+05,5750000E-03,-0.5176E+03,0.3203E+03,0.9343910,-0.2713964,0.2307755
T,724,2,0.4247138E+05,5752851E-03,-0.1042E+03,-0.5126E+03,0.9915124,-0.1020738,-0.0805243
T,725,2,0.4432906E+05,5750186E-03,0.1474E+03,0.3481E+03,0.9881958,0.1306710,0.0799630
T,726,2,0.4440773E+05,5752210E-03,0.3647E+03,-0.9105E+02,0.9851977,0.0445528,-0.1655311
T,727,2,0.4294012E+05,5750556E-03,-0.3822E+02,-0.3103E+03,0.9992393,-0.0296639,-0.0253144
T,728,2,0.4199852E+05,5752581E-03,0.9226E+03,0.1724E+03,0.8790535,0.4007921,-0.2581290
T,729,2,0.3836668E+05,5751716E-03,-0.1339E+04,-0.1080E+04,0.8419338,-0.4465066,-0.3029512
T,730,2,0.4363487E+05,5750547E-03,-0.2357E+03,-0.6696E+03,0.9855467,0.1555633,0.0670649
T,731,2,0.4330588E+05,5750000E-03,0.1058E+03,0.4609E+02,0.9659606,-0.2439702,-0.0860152
T,732,2,0.3598631E+05,5750190E-03,-0.1722E+04,-0.1341E+04,0.9040730,-0.3973056,-0.1574810
T,733,2,0.4286065E+05,5750377E-03,-0.1982E+03,0.3506E+03,0.9845040,-0.1753575,-0.0012656
T,734,2,0.4332555E+05,5752534E-03,0.3412E+03,0.3680E+03,0.9702965,-0.0572021,0.2350589
T,735,2,0.4721771E+05,5752849E-03,-0.2692E+03,0.3673E+03,0.9982314,-0.0373260,-0.0462686
T,736,2,0.4413222E+05,5750460E-03,0.7995E+02,-0.2034E+03,0.9701685,-0.0202566,-0.2415838
T,737,2,0.4387867E+05,5752250E-03,0.8996E+02,-0.3662E+03,0.9949898,-0.0673085,-0.0739241
T,738,2,0.4698867E+05,5750975E-03,0.4216E+02,0.3101E+03,0.9684419,0.0101199,0.2490337
T,739,2,0.4314015E+05,5751916E-03,0.4952E+03,-0.2280E+03,0.9773182,0.1426802,-0.1564978
T,740,2,0.4320735E+05,5752168E-03,0.2150E+03,0.1469E+03,0.9919008,0.1015582,-0.0762811
T,742,2,0.4595826E+05,5752143E-03,0.1402E+03,-0.4895E+02,0.9874758,0.0981211,0.1235469
T,743,2,0.4356058E+05,5750361E-03,0.2445E+03,0.4106E+00,0.9969351,0.0779082,-0.0071186
T,744,2,0.4424522E+05,5750303E-03,0.1726E+03,-0.3018E+03,0.9311214,-0.0599831,-0.3597430
T,745,2,0.3609519E+05,5750995E-03,0.2833E+03,0.3259E+03,0.9302426,0.3218965,0.1761573
T,746,2,0.4205139E+05,5752137E-03,0.6937E+03,0.6107E+03,0.8504414,0.1663882,0.4990635
T,747,2,0.4153198E+05,5751670E-03,0.2264E+03,0.3645E+03,0.9322028,0.2356618,0.2747023
T,748,2,0.4239785E+05,5750233E-03,0.1301E+01,0.3036E+03,0.5612283,-0.7608774,0.3257121
T,749,2,0.4367740E+05,5750017E-03,-0.4415E+02,0.5905E+03,0.9736374,-0.2259607,-0.0311778
T,750,2,0.4063370E+05,5750698E-03,-0.6863E+03,0.3758E+03,0.9166352,-0.1067423,0.3852089
T,751,2,0.4289492E+05,5751963E-03,-0.9844E+01,0.2859E+02,0.9990253,-0.0192554,0.0397191
T,752,2,0.4315591E+05,5750125E-03,-0.3695E+03,0.7978E+03,0.6397934,-0.6706877,0.3752898
T,753,2,0.4024165E+05,5752774E-03,-0.2968E+03,0.1506E+02,0.9960615,-0.0796811,0.0388908
T,754,2,0.4279364E+05,5750010E-03,-0.3312E+03,-0.2122E+03,0.9324126,-0.1509044,-0.3283817
T,755,2,0.4420427E+05,5750274E-03,0.1154E+03,-0.6462E+03,0.8720884,0.4627582,-0.1591120
T,756,2,0.4394250E+05,5752039E-03,0.6936E+02,-0.2285E+03,0.9884773,0.1130662,0.1006409
T,757,2,0.4620891E+05,5751705E-03,0.1145E+03,0.1251E+03,0.9895571,0.1004241,0.1034010
T,758,2,0.4157482E+05,5751585E-03,-0.7079E+02,0.2284E+03,0.9711211,-0.2248527,0.0797818
T,759,2,0.4422741E+05,5750577E-03,-0.3935E+03,0.8164E+02,0.9153395,0.0011228,0.4026815
T,760,2,0.4390937E+05,5751013E-03,-0.1186E+03,0.2065E+03,0.9029095,-0.1672495,0.3959570
T,761,2,0.4049645E+05,5750549E-03,-0.9231E+02,-0.1444E+03,0.6704595,-0.3866817,-0.6332151
T,762,2,0.4495137E+05,5750764E-03,0.1446E+03,0.4100E+03,0.9842178,-0.0003726,0.1769608
T,763,2,0.4514923E+05,5751472E-03,0.1662E+03,-0.1505E+03,0.9782761,-0.1316227,-0.1601601
T,764,2,0.4160170E+05,5751210E-03,0.1030E+04,-0.7825E+03,0.9198458,0.0583725,-0.3879129
T,765,2,0.4377691E+05,5750068E-03,0.5548E+03,0.1125E+03,0.9847031,0.1384019,0.1058524
T,766,2,0.4336384E+05,5751880E-03,0.6831E+03,-0.3024E+03,0.9933947,0.0763133,0.0856926
T,767,2,0.4482545E+05,5752557E-03,0.7055E+03,0.6725E+02,0.9858622,0.1041283,0.1312742
T,768,2,0.4406295E+05,5751466E-03,-0.2178E+02,-0.5865E+03,0.9972741,-0.0386659,-0.0628439
T,769,2,0.4730963E+05,5751146E-03,0.1447E+03,0.2094E+03,0.9904398,-0.0057317,0.1378263
T,770,2,0.4375049E+05,5751159E-03,-0.3239E+03,-0.1600E+03,0.9909869,-0.1223912,-0.0544547
T,771,2,0.1051009E+05,5750122E-03,-0.1749E+04,-0.2787E+04,0.2798335,-0.4295890,-0.8585724
T,772,2,0.3984163E+05,5751079E-03,0.5304E+03,-0.4004E+03,0.9779035,0.1708821,-0.1204331
T,773,2,0.4232068E+05,5751191E-03,0.1343E+03,-0.1636E+03,0.9567040,0.2754767,-0.0939683
T,774,2,0.4091345E+05,5751228E-03,0.4078E+03,-0.6898E+03,0.8708359,0.0784096,-0.4852801
T,775,2,0.4289542E+05,5752222E-03,-0.5955E+03,-0.4602E+03,0.9911529,0.1311685,0.0202677
T,776,2,0.4662731E+05,5750595E-03,0.2817E+03,0.1273E+03,0.9701659,0.2409976,-0.0264245
T,777,2,0.4547737E+05,5752177E-03,-0.1532E+03,-0.9799E+02,0.9102813,0.4050487,0.0855774
T,778,2,0.4598806E+05,5750377E-03,-0.8604E+02,0.1851E+03,0.9939961,-0.1075418,0.0201646
T,779,2,0.4485796E+05,5750221E-03,0.1999E+02,0.1510E+03,0.9860206,0.1546751,-0.0619601
T,780,2,0.4181350E+05,5751316E-03,-0.9389E+02,0.2055E+03,0.9099220,-0.1706922,0.3780292
T,781,2,0.4096891E+05,5750428E-03,0.4341E+03,0.4155E+03,0.7725034,0.6341701,0.0326627
T,782,2,0.4449359E+05,5750528E-03,0.8795E+03,-0.2136E+03,0.9463236,0.2372200,-0.2195409
T,783,2,0.4140025E+05,5751056E-03,0.1141E+04,0.1079E+04,0.9220779,0.3569251,0.1495885
T,784,2,0.4538859E+05,5750327E-03,0.2225E+02,0.6025E+02,0.9714513,-0.2070822,0.1157555
T,785,2,0.4537346E+05,5751020E-03,-0.1705E+03,-0.5212E+03,0.9661526,-0.0097839,-0.2577858
T,786,2,0.4171634E+05,5751325E-03,0.9693E+03,0.3215E+03,0.7869788,0.5749372,0.2238559
T,787,2,0.4521911E+05,5750491E-03,-0.2129E+03,0.7915E+02,0.9952477,0.0112826,-0.0967196
T,788,2,0.4305645E+05,5752499E-03,0.8928E+02,-0.1045E+03,0.9932463,-0.0573787,-0.1008434
T,789,2,0.4391391E+05,5752204E-03,-0.6400E+03,0.7329E+01,0.8726898,-0.4626884,0.1559868
T,790,2,0.4295801E+05,5752349E-03,0.1103E+03,-0.2287E+02,0.8464435,0.4946820,0.1970358
T,791,2,0.3502422E+05,5752034E-03,0.1783E+04,0.6683E+03,0.8855505,0.4522812,0.1060281
T,792,2,0.4162014E+05,5751885E-03,0.6897E+02,-0.3650E+03,0.9821561,-0.1360515,-0.1298440
T,793,2,0.4391612E+05,5750291E-03,0.7205E+03,0.8206E+02,0.8392625,0.5238884,0.1455313
T,794,2,0.4545694E+05,5751719E-03,-0.4180E+03,0.4235E+03,0.9705979,-0.0103902,0.2404822
T,795,2,0.4340821E+05,5751645E-03,-0.1969E+03,0.4037E+03,0.9957064,-0.0869212,0.0318349
T,796,2,0.4234766E+05,5751146E-03,0.3526E+03,0.3059E+03,0.9656635,-0.1944457,0.1722931
T,797,2,0.4674346E+05,5750062E-03,0.2212E+03,0.6016E+02,0.9981721,0.0356498,-0.0488006
T,798,2,0.4358797E+05,5751816E-03,0.3756E+03,0.8129E+02,0.9909837,0.1255050,0.0469029
T,799,2,0.4267009E+05,5752608E-03,-0.3136E+03,0.4722E+03,0.9987064,0.0197968,0.0468363
T,800,2,0.4306444E+05,5750119E-03,0.5208E+03,0.2787E+03,0.9469978,0.2591488,0.1898341
T,801,2,0.3856326E+05,5751525E-03,-0.1139E+04,-0.6642E+03,0.5322941,-0.8429164,-0.0784537
T,802,2,0.4506989E+05,5750053E-03,-0.1505E+03,0.1072E+03,0.9725206,0.0532877,0.2266363
T,803,2,0.4462783E+05,5751294E-03,0.5834E+03,-0.5013E+03,0.9789871,0.1676086,-0.1161537
T,804,2,0.4248882E+05,5752553E-03,-0.4454E+03,0.8417E+02,0.9774107,0.0522721,0.2047826
T,805,2,0.3815351E+05,5751584E-03,-0.7370E+02,0.7931E+03,0.6601647,-0.4904129,0.5689268
T,806,2,0.4361546E+05,5752415E-03,-0.9241E+02,-0.1549E+03,0.9986204,0.0383957,-0.0358196
T,807,2,0.3919575E+05,5750414E-03,-0.4719E+03,0.7090E+03,0.8917048,-0.3737903,0.2552320
T,808,2,0.4508859E+05,5751630E-03,-0.1665E+03,-0.8191E+02,0.9343560,-0.2359754,0.2670102
T,809,2,0.2680935E+05,5751380E-03,-0.2476E+04,-0.5720E+03,0.5946240,-0.7097436,-0.3777385
T,810,2,0.4374903E+05,5751840E-03,-0.1447E+02,0.1862E+03,0.9788520,0.0595061,0.1957237
T,811,2,0.4667336E+05,5752056E-03,0.1731E+03,0.2996E+03,0.9792656,0.0382036,0.1989454
T,812,2,0.4399449E+05,5752717E-03,-0.2367E+03,0.5330E+02,0.9605032,-0.1105779,-0.2553548
T,813,2,0.4362529E+05,5750435E-03,0.2628E+03,0.4444E+03,0.9956232,0.0314087,0.0880228
T,814,2,0.4298017E+05,5751328E-03,0.1537E+03,0.1969E+03,0.9881613,-0.1533682,-0.0039335
T,815,2,0.4705592E+05,5750502E-03,0.1727E+03,0.6920E+02,0.9818136,0.0476020,-0.1837825
T,816,2,0.4298599E+05,5750493E-03,-0.4983E+02,0.4416E+03,0.8352622,-0.2712089,0.4783123
T,817,2,0.4438809E+05,5750885E-03,-0.2342E+03,-0.3268E+02,0.9750499,-0.2092429,0.0741290
T,818,2,0.4635680E+05,5751324E-03,-0.1017E+02,-0.2037E+02,0.9612043,-0.1578120,0.2262339
T,819,2,0.4377749E+05,5750140E-03,-0.9949E+02,-0.4022E+03,0.7699715,-0.4306812,-0.4708053
T,820,2,0.4379889E+05,5752377E-03,0.7349E+02,0.1287E+03,0.9537728,-0.2952948,-0.0558423
T,821,2,0.4429665E+05,5750164E-03,0.2868E+03,0.3686E+03,0.9676255,0.2519711,-0.0145397
T,822,2,0.4264444E+05,5750340E-03,-0.1583E+03,0.1864E+03,0.8934796,0.1164962,0.4337312
T,823,2,0.4763981E+05,5751447E-03,-0.5422E+03,0.2353E+03,0.9875058,-0.1565187,0.0182810
T,824,2,0.4458808E+05,5750842E-03,0.3650E+03,-0.2651E+03,0.9511104,0.1823365,-0.2492838
T,825,2,0.4221832E+05,5752108E-03,-0.4763E+03,-0.5770E+03,0.9777935,-0.2069756,0.0328780
T,826,2,0.4470823E+05,5750817E-03,-0.1200E+03,-0.4927E+03,0.9769367,-0.0733864,-0.2005219
T,827,2,0.4463228E+05,5751658E-03,-0.6414E+03,-0.3662E+03,0.8047312,-0.4282233,-0.4111355
T,828,2,0.4218556E+05,5751240E-03,0.3473E+03,0.3461E+02,0.6021747,0.6841539,-0.4114839
T,829,2,0.4216286E+05,5750799E-03,0.1299E+03,0.3955E+03,0.9980132,0.0325657,0.0539366
T,830,2,0.4408336E+05,5752782E-03,0.1485E+03,-0.3935E+03,0.9763763,-0.0991999,-0.1919601
T,831,2,0.4287240E+05,5750269E-03,-0.2916E+03,-0.3510E+01,0.8181996,0.5731041,-0.0458370
T,832,2,0.4504004E+05,5751215E-03,0.2811E+03,-0.2067E+03,0.9615898,0.2743487,0.0088210
T,833,2,0.2893560E+05,5750726E-03,-0.2604E+04,-0.1815E+04,0.7434049,-0.1507337,-0.6516353
T,834,2,0.4227800E+05,5751518E-03,0.4186E+02,0.5509E+02,0.9804226,0.0750854,0.1820265
T,835,2,0.4598632E+05,5752751E-03,0.3515E+03,0.1574E+03,0.9883327,0.1393667,0.0614448
T,836,2,0.4675593E+05,5750912E-03,0.3327E+03,-0.1605E+03,0.9493002,0.2317229,-0.2124468
T,837,2,0.4245287E+05,5751317E-03,-0.5607E+03,0.4960E+03,0.9280252,-0.3590946,0.0990977
T,838,2,0.4340751E+05,5751450E-03,0.1385E+03,-0.3070E+02,0.9968529,-0.0424039,-0.0669790
T,839,2,0.4305296E+05,5750904E-03,0.5316E+02,0.2854E+03,0.9938356,0.1057985,0.0331292
T,840,2,0.4096136E+05,5751661E-03,0.2279E+03,0.3171E+03,0.8913139,-0.4345630,0.1292844
T,841,2,0.4606183E+05,5750760E-03,0.7840E+03,-0.1401E+03,0.9141141,0.4053664,-0.0085764
T,842,2,0.4401679E+05,5751418E-03,-0.1336E+03,-0.1464E+03,0.9986035,0.0430775,0.0305825
T,843,2,0.4292859E+05,5750043E-03,-0.7221E+03,-0.3087E+03,0.9839350,-0.1782535,-0.0098743
T,844,2,0.4067748E+05,5751874E-03,0.2312E+03,-0.5099E+03,0.9409212,0.2520464,-0.2261413
T,845,2,0.4308036E+05,5751201E-03,0.1876E+03,0.2542E+03,0.9785590,0.1923568,0.0736291
T,847,2,0.4637661E+05,5750991E-03,-0.1482E+03,-0.3980E+02,0.9176304,-0.3951959,0.0421273
T,848,2,0.4540039E+05,5752745E-03,0.3595E+03,0.2092E+02,0.9923894,0.0922660,-0.0815491
T,849,2,0.4163152E+05,5750832E-03,0.2908E+03,0.6082E+03,0.9798383,0.0120186,0.1994303
T,850,2,0.4261879E+05,5750879E-03,-0.2318E+03,-0.3626E+02,0.9717879,-0.1337989,-0.1942324
T,851,2,0.4316710E+05,5750328E-03,0.9403E+02,-0.2281E+03,0.9971799,0.0737317,0.0139965
T,852,2,0.4236084E+05,5750759E-03,0.8601E+02,-0.1666E+03,0.7590304,-0.5994625,-0.2540031
T,853,2,0.4488555E+05,5752468E-03,-0.9291E+01,-0.1023E+03,0.8379309,0.3300885,0.4346417
T,854,2,0.4279629E+05,5752722E-03,0.8007E+02,0.1364E+03,0.9963969,0.0490265,0.0692071
T,855,2,0.4335978E+05,5752401E-03,-0.1270E+03,0.5719E+01,0.9964076,0.0742465,0.0407354
T,856,2,0.4414461E+05,5750010E-03,0.2221E+03,0.2811E+03,0.9837428,0.1634665,-0.0743556
T,857,2,0.4495782E+05,5750025E-03,-0.2878E+03,-0.1569E+03,0.9964219,0.0275452,0.0799039
T,858,2,0.4400103E+05,5751143E-03,0.3176E+03,-0.2371E+03,0.9933287,-0.1023608,-0.0531077
T,859,2,0.3999706E+05,5751864E-03,0.2472E+03,0.9693E+02,0.8889697,-0.1475441,0.4335476
T,860,2,0.4221093E+05,5750695E-03,-0.1897E+03,-0.1058E+03,0.9875587,0.0768071,-0.1372168
T,861,2,0.4580298E+05,5750478E-03,-0.9036E+02,0.2672E+02,0.9641634,-0.2080712,0.1646068
T,862,2,0.4394937E+05,5751061E-03,-0.3173E+03,-0.1332E+03,0.9952351,-0.0396869,-0.0890622
T,863,2,0.4477657E+05,5751504E-03,-0.2393E+03,0.1424E+03,0.9870363,-0.1601402,-0.0106990
T,865,2,0.4476173E+05,5752585E-03,-0.2375E+03,-0.1210E+03,0.9941212,-0.0860237,-0.0657496
T,866,2,0.4406548E+05,5752348E-03,-0.3377E+03,-0.2872E+03,0.9824724,-0.1132483,-0.1480638
T,867,2,0.4280314E+05,5752198E-03,-0.7639E+03,-0.2299E+03,0.9898106,-0.1416048,0.0149373
T,868,2,0.4127853E+05,5751390E-03,0.6119E+03,-0.1368E+04,0.8615364,-0.1044353,-0.4968384
T,869,2,0.4391977E+05,5750943E-03,0.3703E+02,-0.2879E+03,0.9836934,-0.0891359,-0.1562114
T,870,2,0.4378684E+05,5750622E-03,-0.1890E+03,-0.7910E+03,0.9448823,-0.1837903,-0.2709587
T,871,2,0.4721551E+05,5750865E-03,0.2849E+03,-0.5189E+02,0.9902244,0.1254169,-0.0610429
T,872,2,0.4219134E+05,5752641E-03,0.2810E+03,-0.1019E+03,0.9348422,0.2902763,0.2044742
T,873,2,0.4583824E+05,5750170E-03,0.6643E+03,0.1530E+02,0.9477080,0.2278719,-0.2234369
T,874,2,0.4495414E+05,5751004E-03,0.5174E+03,0.1983E+03,0.8963017,0.4034067,0.1841364
T,875,2,0.3332589E+05,5750697E-03,-0.3395E+03,0.2405E+02,0.2942657,-0.2572199,-0.9204595
T,876,2,0.4144357E+05,5752752E-03,-0.6639E+02,0.2152E+01,0.9510210,0.1850596,0.2476127
T,877,2,0.4454467E+05,5751435E-03,0.3397E+03,-0.1575E+03,0.9528057,0.2890153,-0.0929056
T,878,2,0.4403968E+05,5751275E-03,0.6223E+02,0.1770E+03,0.9910643,0.0920942,0.0964893
T,879,2,0.4448224E+05,5752458E-03,0.7402E+03,-0.1817E+03,0.9314048,0.3517096,-0.0937312
T,880,2,0.4448344E+05,5751051E-03,-0.1025E+01,0.4707E+03,0.9535280,-0.2945774,0.0633132
T,881,2,0.4398715E+05,5751406E-03,-0.6314E+03,-0.2312E+03,0.9758895,-0.2137798,-0.0440221
T,882,2,0.4434945E+05,5750220E-03,0.3948E+03,0.3091E+03,0.9669419,0.1815448,0.1790667
T,883,2,0.4501471E+05,5751657E-03,-0.1797E+03,-0.1203E+03,0.9912706,-0.0790664,-0.1055043
T,884,2,0.4282679E+05,5751761E-03,-0.1555E+03,-0.3471E+03,0.9794947,-0.1226631,-0.1598247
T,885,2,0.4367212E+05,5752259E-03,0.3026E+03,-0.1531E+03,0.9959742,0.0850140,0.0284251
T,886,2,0.4415131E+05,5751891E-03,-0.6641E+02,0.2518E+03,0.9948996,0.0306695,0.0960942
T,887,2,0.4275869E+05,5751216E-03,0.2070E+03,0.3710E+03,0.8667124,-0.1581806,0.4730629
T,888,2,0.4167686E+05,5750241E-03,0.5113E+02,-0.4747E+03,0.9837230,0.1744488,-0.0430882
T,889,2,0.4271978E+05,5750047E-03,-0.1187E+03,0.2286E+02,0.9946536,0.0736435,0.0723941
T,890,2,0.4342249E+05,5750054E-03,0.4937E+03,-0.3065E+03,0.9755152,0.1933762,-0.1047647
T,891,2,0.4358403E+05,5752666E-03,0.2117E+03,-0.1354E+03,0.9925570,0.1173590,-0.0325181
T,892,2,0.4165881E+05,5751637E-03,0.5239E+02,-0.5862E+03,0.9811541,0.1310076,-0.1420341
T,893,2,0.4195402E+05,5751263E-03,-0.2789E+03,0.5182E+03,0.9669904,-0.2242474,0.1210070
T,894,2,0.4365334E+05,5752765E-03,0.3323E+03,0.9327E+02,0.9598104,0.2803550,0.0128466
T,895,2,0.4045111E+05,5751544E-03,-0.2919E+03,0.5134E+03,0.9402867,0.0570308,0.3355719
T,896,2,0.4616126E+05,5751767E-03,0.2200E+03,-0.2120E+02,0.9867000,0.0518935,-0.1540457
T,897,2,0.4460645E+05,5752584E-03,0.7646E+02,-0.8843E+03,0.9384777,0.0926472,-0.3326801
T,898,2,0.4160285E+05,5750198E-03,-0.6725E+03,0.5972E+02,0.9795192,-0.1022470,0.1734578
T,900,2,0.4191738E+05,5752125E-03,0.7264E+01,0.8911E+02,0.8259935,0.4576624,0.3290590
T,902,2,0.3992171E+05,5751834E-03,0.5216E+03,0.3530E+03,0.9368893,0.2800273,-0.2093400
T,903,2,0.2367503E+05,5750362E-03,-0.3011E+04,-0.1073E+04,0.1955826,-0.9042712,-0.3795274
T,904,2,0.4274902E+05,5750490E-03,0.2684E+03,0.5348E+02,0.9794821,-0.0402644,0.1974679
T,905,2,0.4159634E+05,5751521E-03,-0.4296E+02,-0.7573E+03,0.9892012,-0.0383794,-0.1414498
T,906,2,0.4424833E+05,5751910E-03,-0.5046E+03,-0.2723E+03,0.9727639,-0.2189465,-0.0761109
T,907,2,0.3734334E+05,5752117E-03,-0.1480E+04,0.1136E+04,0.9524289,-0.1033885,0.2866879
T,908,2,0.4611143E+05,5752043E-03,-0.2071E+03,0.4362E+03,0.8863604,0.1182302,0.4476459
T,909,2,0.4492388E+05,5752302E-03,0.3209E+03,-0.6080E+02,0.9621865,-0.0398020,-0.2694680
T,910,2,0.4409559E+05,5750747E-03,0.2087E+02,0.4498E+02,0.9770785,0.1912132,0.0935693
T,911,2,0.4482055E+05,5751644E-03,-0.9767E+03,-0.2203E+03,0.9920804,-0.0440023,-0.1176445
T,912,2,0.4306587E+05,5751772E-03,0.1712E+03,0.1498E+03,0.9863130,0.0559684,-0.1550944
T,913,2,0.4602690E+05,5752075E-03,0.2599E+02,-0.2505E+03,0.9736181,0.0608902,-0.2199096
T,914,2,0.4243777E+05,5751672E-03,-0.2014E+02,0.2718E+03,0.9949207,0.0487305,-0.0880808
T,915,2,0.4316672E+05,5751561E-03,0.1520E+03,-0.2219E+03,0.9372533,0.1733448,-0.3025026
T,916,2,0.4708364E+05,5751043E-03,-0.4976E+03,0.2532E+03,0.9780629,-0.2079680,0.0119276
T,917,2,0.4284694E+05,5750082E-03,0.1054E+03,-0.2528E+03,0.8476911,0.4929892,-0.1959118
T,918,2,0.4283496E+05,5750799E-03,0.2544E+03,0.7270E+02,0.9869143,0.1360862,0.0864913
T,919,2,0.4224847E+05,5750613E-03,-0.3657E+03,-0.3496E+03,0.9778197,-0.1443467,-0.1517653
T,920,2,0.4679680E+05,5751665E-03,0.4622E+03,-0.1599E+03,0.9280063,0.3397681,0.1528463
T,921,2,0.3147741E+05,5750107E-03,0.1183E+04,-0.1318E+04,0.4871731,0.1296958,-0.8636211
T,922,2,0.4107730E+05,5751810E-03,-0.2968E+02,-0.8339E+02,0.9721182,0.0313750,-0.2323831
T,923,2,0.4621072E+05,5752764E-03,-0.2500E+03,0.2194E+03,0.9667725,-0.2000234,0.1591904
T,924,2,0.4405067E+05,5750737E-03,-0.2740E+02,-0.2896E+03,0.9985391,-0.0057074,0.0537322
T,925,2,0.4169977E+05,5752320E-03,-0.1219E+03,-0.9271E+02,0.8891712,-0.3748859,-0.2623645
T,926,2,0.4372735E+05,5752522E-03,-0.5841E+03,0.1886E+03,0.8862127,-0.4623237,0.0297305
T,927,2,0.4245332E+05,5750899E-03,0.4084E+02,0.4099E+03,0.9919147,-0.1229486,0.0314461
T,928,2,0.3904266E+05,5750402E-03,-0.5663E+02,0.9179E+03,0.8981376,-0.0553099,0.4362220
T,929,2,0.4110531E+05,5750237E-03,-0.4965E+02,0.3883E+03,0.9963160,0.0179304,0.0838620
T,930,2,0.3733683E+05,5752365E-03,-0.1463E+03,0.1594E+03,0.8388338,-0.4430974,-0.3162635
T,931,2,0.4552327E+05,5751841E-03,-0.4302E+03,0.1874E+03,0.9884291,-0.1318859,0.0749266
T,932,2,0.4501599E+05,5752573E-03,0.1943E+03,-0.1527E+03,0.9923215,0.0599145,-0.1082051
T,933,2,0.4456317E+05,5752478E-03,-0.6714E+03,-0.1165E+03,0.8963902,-0.4333382,0.0932880
T,934,2,0.4272270E+05,5750293E-03,0.7842E+03,-0.5982E+03,0.9942296,0.0831870,-0.0677311
T,935,2,0.4220219E+05,5752676E-03,-0.2900E+03,0.3908E+03,0.9655955,0.0109417,0.2598183
T,936,2,0.4377961E+05,5752440E-03,-0.3774E+03,0.8278E+02,0.9378780,-0.2561326,0.2340531
T,937,2,0.4132600E+05,5751008E-03,0.1186E+03,0.3402E+03,0.7063325,-0.6560843,-0.2657964
T,938,2,0.4469852E+05,5751355E-03,0.4389E+03,0.5852E+02,0.9938040,0.1091595,-0.0209237
T,939,2,0.4309982E+05,5750110E-03,-0.1061E+03,0.3635E+03,0.9792538,-0.0243467,0.2011696
T,940,2,0.4387179E+05,5752411E-03,-0.3638E+02,0.5292E+03,0.9511853,-0.1989686,0.2359194
T,941,2,0.4186852E+05,5752762E-03,-0.4420E+03,-0.4907E+03,0.9697003,0.1583340,-0.1860419
T,942,2,0.4606150E+05,5751649E-03,-0.1544E+03,-0.3517E+03,0.9691889,-0.2463152,0.0013045
T,943,2,0.4511158E+05,5752236E-03,0.5985E+02,-0.4551E+02,0.8524511,0.4455641,-0.2734953
T,944,2,0.4255657E+05,5752131E-03,-0.5637E+02,0.2450E+02,0.9232224,-0.3476208,0.1637689
T,945,2,0.4129451E+05,5750483E-03,-0.3883E+03,0.6024E+03,0.9882624,0.1335179,0.0742325
T,946,2,0.4422833E+05,5750473E-03,0.2465E+01,0.4204E+03,0.9968501,-0.0628968,-0.0483104
T,947,2,0.4318236E+05,5750791E-03,-0.4351E+02,-0.5346E+02,0.9289345,-0.3428163,-0.1398485
T,948,2,0.4390731E+05,5750872E-03,-0.4854E+03,-0.1318E+03,0.8512565,-0.4246122,-0.3083290
T,949,2,0.4537623E+05,5751803E-03,0.2178E+03,-0.6273E+02,0.9785978,0.1996885,0.0497080
T,950,2,0.4412407E+05,5751423E-03,0.1488E+03,0.7144E+02,0.9442291,-0.2571885,-0.2056344
T,951,2,0.4550317E+05,5752414E-03,-0.4580E+03,-0.1324E+03,0.9830631,-0.1597543,0.0898086
T,952,2,0.4204077E+05,5751153E-03,-0.2113E+03,0.2798E+03,0.9380893,0.3441322,0.0395167
T,953,2,0.4522228E+05,5751346E-03,0.3364E+02,-0.3174E+03,0.9893220,0.1275245,-0.0705648
T,954,2,0.4195726E+05,5750453E-03,0.8924E+02,-0.2280E+03,0.9255134,0.2764118,0.2588851
T,955,2,0.1356110E+05,5751587E-03,0.3287E+04,0.4014E+04,0.8285363,0.4250782,-0.3644669
T,956,2,0.4052846E+05,5750947E-03,0.8276E+03,0.6628E+03,0.9914436,-0.0545095,-0.1186095
T,957,2,0.4425102E+05,5751165E-03,0.2988E+03,-0.6706E+02,0.9985485,0.0476175,0.0251683
T,958,2,0.4232233E+05,5751782E-03,0.1115E+03,-0.5376E+03,0.9304865,0.1851173,-0.3161116
T,959,2,0.4528146E+05,5750644E-03,-0.6661E+03,-0.3405E+03,0.9512668,-0.2707436,-0.1476124
T,960,2,0.4406992E+05,5752479E-03,-0.5320E+03,0.2684E+03,0.9784675,-0.1927252,0.0738802
T,961,2,0.4423815E+05,5751119E-03,-0.3621E+03,0.3303E+03,0.9893148,-0.1388254,0.0445394
T,962,2,0.4408805E+05,5752031E-03,-0.2820E+03,-0.1110E+03,0.8952014,-0.2270178,0.3835066
T,963,2,0.3188069E+05,5751209E-03,0.1388E+04,-0.4361E+03,0.5956622,0.6730120,-0.4384533
T,964,2,0.4130180E+05,5750024E-03,0.4621E+03,-0.3515E+03,0.5668134,0.6782839,0.4676041
T,965,2,0.4032347E+05,5751888E-03,0.2565E+03,-0.1896E+03,0.7338077,-0.5999016,0.3188171
T,966,2,0.4304441E+05,5752671E-03,-0.3244E+03,0.2021E+03,0.9991947,0.0117206,-0.0383733
T,967,2,0.4405296E+05,5751074E-03,0.2829E+03,0.2826E+03,0.9471709,0.2581845,0.1902842
T,968,2,0.4233810E+05,5750569E-03,0.1280E+03,-0.1442E+03,0.9565164,0.2089052,-0.2035558
T,969,2,0.4495561E+05,5751618E-03,0.1330E+03,0.1186E+03,0.9949805,-0.0985366,-0.0174481
T,970,2,0.4520480E+05,5751365E-03,0.8099E+02,0.1220E+03,0.9866642,-0.0166025,0.1619202
T,971,2,0.4494530E+05,5751784E-03,0.2076E+03,0.4507E+03,0.9526165,0.1731232,0.2501004
T,972,2,0.4405993E+05,5752761E-03,-0.1714E+02,0.3608E+02,0.9963256,0.0202200,-0.0832254
T,973,2,0.4167272E+05,5752043E-03,0.2374E+03,0.2863E+03,0.9810931,0.1033987,0.1636003
T,974,2,0.4261522E+05,5751265E-03,-0.4475E+03,0.9365E+03,0.9131681,-0.0043721,0.4075596
T,975,2,0.4529218E+05,5750980E-03,-0.2194E+03,-0.3033E+03,0.9923245,-0.0678825,-0.1033637
T,976,2,0.4010558E+05,5751634E-03,-0.4396E+02,-0.2162E+03,0.9890800,-0.1473722,0.0014866
T,977,2,0.4360684E+05,5751981E-03,0.2137E+03,0.3647E+03,0.9566084,0.0845917,0.2788274
T,978,2,0.4490862E+05,5752608E-03,0.2980E+03,0.5127E+02,0.9954655,0.0472254,0.0825723
T,979,2,0.4282076E+05,5750776E-03,-0.3615E+03,0.1099E+04,0.9285678,0.0447464,0.3684557
T,980,2,0.4214359E+05,5752807E-03,0.4909E+03,0.1320E+03,0.9997302,0.0226226,0.0052675
T,981,2,0.4478894E+05,5752895E-03,-0.8073E+03,-0.2981E+03,0.9867020,-0.0053741,0.1624509
T,982,2,0.4502136E+05,5751979E-03,0.3878E+03,0.2219E+03,0.9985762,0.0522688,-0.0106558
T,983,2,0.4363591E+05,5750913E-03,-0.3466E+03,0.3350E+03,0.5606162,-0.3976330,0.7263590
T,984,2,0.4794985E+05,5752457E-03,-0.6560E+02,0.1468E+02,0.9981352,-0.0360186,-0.0492833
T,985,2,0.4427094E+05,5750232E-03,0.1206E+03,-0.2486E+03,0.9906810,-0.1056405,-0.0859725
T,986,2,0.4327219E+05,5750707E-03,-0.1617E+03,-0.7612E+02,0.9437979,0.0588552,0.3252407
T,987,2,0.4309289E+05,5750092E-03,-0.2317E+03,0.1904E+03,0.9998799,-0.0125209,-0.0091319
T,988,2,0.4524781E+05,5750100E-03,-0.1630E+03,-0.4507E+02,0.9976300,0.0649970,0.0225779
T,989,2,0.4486333E+05,5750293E-03,0.3570E+02,0.2191E+03,0.9947712,0.0482147,-0.0900315
T,990,2,0.4257598E+05,5751274E-03,0.5609E+03,-0.1021E+01,0.9369254,0.3402649,0.0799407
T,991,2,0.4529945E+05,5752991E-03,-0.2712E+03,-0.1743E+03,0.9974152,-0.0245647,-0.0675236
T,992,2,0.4205055E+05,5750282E-03,0.9393E+03,0.2750E+03,0.9419524,-0.3241338,0.0875379
T,993,2,0.4208327E+05,5750190E-03,-0.1669E+03,0.2652E+03,0.9940248,-0.0506078,0.0967139
T,994,2,0.4217122E+05,5751606E-03,0.2914E+03,-0.8763E+03,0.9643034,0.0078679,-0.2646830
T,995,2,0.4384538E+05,5752426E-03,-0.4838E+02,-0.1559E+03,0.9913855,-0.0399074,-0.1247482
T,996,2,0.4329301E+05,5752934E-03,0.2907E+02,-0.4461E+03,0.9979986,-0.0394530,-0.0494185
T,997,2,0.4304489E+05,5751012E-03,0.6695E+03,0.2713E+03,0.9093703,-0.0873452,0.4067143
T,998,2,0.4588316E+05,5752856E-03,-0.4915E+03,-0.1049E+03,0.9740091,-0.2093091,-0.0865794
T,999,2,0.4281057E+05,5751507E-03,-0.1213E+03,-0.1894E+03,0.8954540,-0.3869500,0.2200724
T,1000,2,0.4292039E+05,5752104E-03,0.3141E+02,0.2567E+03,0.9187180,-0.0057947,-0.3948717
