T,1,1,0.1202176E+06,2001026E-03,0.2220E+02,0.3542E+01,0.9996339,-0.0246803,0.0110909
T,2,1,0.1198867E+06,2000612E-03,-0.2457E+02,0.1999E+02,0.9980281,-0.0384659,0.0496004
T,3,1,0.1187337E+06,2000179E-03,-0.5594E+00,0.6316E+02,0.9989695,-0.0007847,0.0453806
T,4,1,0.1186827E+06,2000883E-03,-0.2864E+02,0.2012E+02,0.9998124,-0.0192286,-0.0023137
T,5,1,0.1188975E+06,2000286E-03,0.4167E+02,0.1614E+02,0.9994583,0.0283541,0.0167069
T,6,1,0.1195838E+06,2001192E-03,-0.1556E+02,-0.4216E+01,0.9998547,-0.0166821,0.0034915
T,7,1,0.1202313E+06,2000637E-03,0.2179E+02,-0.4178E+02,0.9993985,0.0166148,-0.0304393
T,8,1,0.1192535E+06,2001251E-03,-0.2916E+01,0.6593E+01,0.9999530,-0.0015643,0.0095731
T,9,1,0.1194151E+06,2000806E-03,-0.1260E+02,-0.4999E+01,0.9990909,-0.0255438,0.0341319
T,10,1,0.1204443E+06,2000658E-03,-0.4659E+02,-0.7231E+01,0.9995101,-0.0312370,0.0019658
T,11,1,0.1188844E+06,2001165E-03,-0.1066E+02,0.1063E+02,0.9999135,-0.0126583,0.0035686
T,12,1,0.1190641E+06,2001099E-03,-0.1567E+01,0.1247E+02,0.9994822,-0.0099686,0.0305944
T,13,1,0.1193329E+06,2001534E-03,-0.2074E+02,0.1150E+03,0.9970465,-0.0181668,0.0746202
T,14,1,0.1189715E+06,2001023E-03,-0.1527E+02,-0.2360E+02,0.9994206,-0.0316977,-0.0123973
T,15,1,0.1195972E+06,2000807E-03,0.7018E+00,-0.3354E+02,0.9994672,0.0043657,-0.0323446
T,16,1,0.1206788E+06,2001286E-03,-0.8735E+02,-0.2693E+02,0.9990019,-0.0439906,-0.0077473
T,17,1,0.1198270E+06,2001301E-03,-0.1547E+02,0.8642E+02,0.9985451,-0.0143094,0.0519896
T,18,1,0.1191772E+06,2000990E-03,-0.1262E+02,0.1101E+02,0.9997361,-0.0227952,-0.0028356
T,19,1,0.1200548E+06,2000630E-03,-0.2181E+02,0.8963E+02,0.9985651,-0.0167225,0.0508726
T,20,1,0.1183611E+06,2000404E-03,0.2640E+00,0.4893E+02,0.9997970,0.0173346,0.0102660
T,21,1,0.1192876E+06,2001657E-03,-0.7295E+02,-0.1319E+02,0.9986573,-0.0517741,0.0017567
T,22,1,0.1196082E+06,2001101E-03,-0.1858E+02,-0.4179E+01,0.9999115,0.0127425,0.0038297
T,23,1,0.1192222E+06,2001073E-03,0.1228E+02,-0.8032E+01,0.9998708,0.0041244,0.0155343
T,24,1,0.1191507E+06,2000179E-03,0.4424E+02,-0.2063E+02,0.9989834,0.0366267,-0.0262818
T,25,1,0.1193605E+06,2000955E-03,0.1909E+02,0.1866E+02,0.9995145,0.0156267,0.0269532
T,26,1,0.1196655E+06,2001119E-03,0.2122E+02,0.4176E+00,0.9999617,0.0062734,-0.0060980
T,27,1,0.1188423E+06,2001789E-03,-0.7227E+02,0.2718E+02,0.9980539,-0.0611064,0.0124292
T,28,1,0.1183025E+06,2001124E-03,0.5291E+01,0.2121E+02,0.9998485,0.0005892,0.0173985
T,29,1,0.1200693E+06,2000937E-03,0.2158E+01,-0.3033E+02,0.9993210,0.0158728,-0.0332519
T,30,1,0.1195436E+06,2000905E-03,-0.3008E+02,0.9474E+01,0.9995013,-0.0304302,-0.0084401
T,31,1,0.1187901E+06,2000650E-03,-0.1990E+02,0.6752E+01,0.9976627,-0.0388042,-0.0562444
T,32,1,0.1194057E+06,2000646E-03,-0.6242E+00,0.4689E+02,0.9996570,-0.0038320,0.0259087
T,33,1,0.1187614E+06,2000813E-03,0.2258E+02,0.2646E+02,0.9998991,0.0117171,0.0080345
T,34,1,0.1186925E+06,2002016E-03,0.4450E+02,0.5256E+02,0.9975162,0.0471111,0.0523639
T,35,1,0.1189874E+06,2000937E-03,-0.2755E+02,-0.7370E+00,0.9994789,-0.0245573,-0.0209481
T,36,1,0.1188686E+06,2000857E-03,-0.2974E+02,0.1910E+02,0.9997714,-0.0205670,0.0058380
T,37,1,0.1205773E+06,2001187E-03,0.4381E+01,0.7207E+01,0.9998757,0.0128500,-0.0091371
T,38,1,0.1195498E+06,2001279E-03,-0.3579E+00,-0.2630E+00,0.9999947,-0.0032344,0.0003802
T,39,1,0.1184929E+06,2000641E-03,-0.3694E+02,0.4711E+01,0.9992826,-0.0348977,-0.0147119
T,40,1,0.1197475E+06,2001155E-03,-0.1595E+02,0.1142E+02,0.9999752,-0.0062041,0.0033354
T,41,1,0.1196922E+06,2001057E-03,-0.1535E+02,-0.2017E+02,0.9997515,-0.0212773,0.0066433
T,42,1,0.1207749E+06,2000555E-03,-0.1142E+02,0.4959E+02,0.9994451,-0.0062644,0.0327160
T,43,1,0.1190411E+06,2000941E-03,-0.6988E+01,0.2649E+02,0.9998729,-0.0151541,-0.0049505
T,44,1,0.1194202E+06,2000532E-03,-0.1986E+02,-0.1914E+02,0.9982944,-0.0093560,-0.0576258
T,45,1,0.1199724E+06,2001092E-03,-0.1990E+02,-0.1562E+02,0.9998259,-0.0064706,-0.0175014
T,46,1,0.1187917E+06,2001178E-03,-0.3669E+01,-0.1173E+02,0.9997065,-0.0181021,-0.0161002
T,47,1,0.1183603E+06,2001124E-03,0.9111E+02,-0.2255E+02,0.9990238,0.0441292,0.0019921
T,48,1,0.1195394E+06,2001811E-03,0.7558E+02,-0.1030E+01,0.9995370,0.0303532,0.0021013
T,49,1,0.1188508E+06,2000784E-03,-0.5392E+01,-0.3870E+02,0.9999212,0.0034018,-0.0120877
T,50,1,0.1184846E+06,2000982E-03,0.2942E+02,0.1387E+01,0.9994153,0.0341598,0.0014496
T,51,1,0.1184883E+06,2000635E-03,-0.2148E+02,0.3232E+02,0.9995716,-0.0061056,0.0286237
T,52,1,0.1193460E+06,2001209E-03,0.4074E+01,-0.8881E+01,0.9999268,0.0013270,-0.0120275
T,53,1,0.1187992E+06,2001053E-03,0.2473E+02,0.2243E+01,0.9997809,0.0192181,0.0082908
T,54,1,0.1196062E+06,2001245E-03,-0.1025E+01,0.3811E+01,0.9999964,-0.0026564,-0.0003707
T,55,1,0.1193009E+06,2001131E-03,-0.1340E+02,-0.1377E+02,0.9997761,-0.0131460,-0.0165810
T,56,1,0.1188589E+06,2000784E-03,-0.3920E+02,-0.7746E+00,0.9997662,-0.0148742,0.0156917
T,57,1,0.1197028E+06,2001212E-03,-0.8647E+01,-0.1093E+02,0.9999725,-0.0034007,-0.0065847
T,58,1,0.1186816E+06,2000786E-03,0.3892E+02,-0.1432E+02,0.9997305,0.0195638,-0.0124957
T,59,1,0.1192477E+06,2000690E-03,0.3423E+02,-0.1908E+02,0.9992959,0.0369068,-0.0067478
T,60,1,0.1192268E+06,2000729E-03,-0.4278E+02,0.1625E+02,0.9993906,-0.0300994,0.0176781
T,61,1,0.1188189E+06,2000999E-03,-0.2089E+02,-0.1531E+02,0.9997147,-0.0235879,0.0037548
T,62,1,0.1192614E+06,2001137E-03,0.8057E+01,-0.1479E+02,0.9996111,0.0257839,-0.0106259
T,63,1,0.1195214E+06,2001259E-03,-0.1110E+01,-0.1921E+01,0.9999713,0.0075775,-0.0001831
T,64,1,0.1193735E+06,2001938E-03,0.4548E+02,0.5389E+02,0.9988322,0.0190247,0.0444097
T,65,1,0.1186418E+06,2001135E-03,0.3626E+01,0.2123E+02,0.9997601,-0.0058077,0.0211185
T,66,1,0.1199451E+06,2000631E-03,0.4097E+02,0.2498E+02,0.9998799,0.0045079,0.0148285
T,67,1,0.1193032E+06,2001214E-03,-0.4931E+01,0.1910E+01,0.9999893,0.0008584,-0.0045355
T,68,1,0.1180143E+06,2001731E-03,0.4004E+02,-0.6490E+02,0.9992308,0.0326370,-0.0217411
T,69,1,0.1192808E+06,2000462E-03,0.4209E+02,0.2952E+02,0.9993251,0.0283260,0.0233872
T,70,1,0.1197525E+06,2001172E-03,-0.1524E+02,0.5219E+01,0.9997139,-0.0239033,0.0008370
T,71,1,0.1206223E+06,2001011E-03,0.1461E+01,0.2261E+02,0.9998986,-0.0003425,0.0142396
T,72,1,0.1193116E+06,2000733E-03,0.4247E+02,-0.4432E+01,0.9996682,0.0239860,-0.0093888
T,73,1,0.1199595E+06,2000388E-03,0.3387E+02,0.4559E+02,0.9997184,0.0176112,0.0159073
T,74,1,0.1193447E+06,2000879E-03,0.3041E+02,-0.6596E+00,0.9988125,0.0461144,-0.0157175
T,75,1,0.1195855E+06,2002230E-03,0.5725E+02,-0.2997E+02,0.9988104,0.0425975,-0.0237340
T,76,1,0.1192669E+06,2000561E-03,-0.3940E+02,-0.2559E+03,0.9901213,-0.0033122,-0.1401746
T,77,1,0.1189867E+06,2001171E-03,0.1328E+02,0.1273E+02,0.9998479,0.0137762,0.0106966
T,78,1,0.1202638E+06,2000223E-03,-0.5367E+02,-0.3438E+02,0.9995247,-0.0262712,-0.0161286
T,79,1,0.1202007E+06,2000216E-03,0.2369E+02,0.4669E+02,0.9981663,0.0190458,0.0574569
T,80,1,0.1184884E+06,2000007E-03,-0.4592E+02,-0.5405E+02,0.9998576,-0.0168579,-0.0007149
T,81,1,0.1195599E+06,2000754E-03,0.2882E+03,0.1303E+03,0.9863372,0.1494989,0.0692025
T,82,1,0.1197842E+06,2000095E-03,0.3524E+02,-0.5039E+02,0.9985488,-0.0018329,-0.0538237
T,83,1,0.1200443E+06,2001230E-03,0.2768E+01,0.1063E+02,0.9999025,0.0038344,0.0134235
T,84,1,0.1192117E+06,2000307E-03,-0.4647E+02,-0.1186E+02,0.9985931,-0.0464552,-0.0255702
T,85,1,0.1183277E+06,2000774E-03,0.2174E+02,0.3556E+02,0.9998314,0.0163916,0.0082736
T,86,1,0.1179076E+06,2001069E-03,0.1360E+02,0.1195E+02,0.9995660,0.0292968,0.0030940
T,87,1,0.1195515E+06,2000337E-03,-0.4970E+01,-0.4325E+02,0.9984955,0.0121712,-0.0534655
T,88,1,0.1214941E+06,2001969E-03,0.1303E+02,0.7483E+02,0.9988587,0.0161066,0.0449650
T,89,1,0.1199936E+06,2001435E-03,-0.7541E+02,-0.3460E+02,0.9975499,-0.0572453,-0.0402148
T,90,1,0.1183681E+06,2001173E-03,0.1090E+02,-0.4693E+01,0.9998591,0.0132967,0.0102508
T,91,1,0.1197166E+06,2001033E-03,-0.2066E+02,-0.5797E+01,0.9997261,-0.0232046,-0.0030380
T,92,1,0.1203233E+06,2001097E-03,-0.8981E+00,-0.1935E+02,0.9997448,-0.0130077,-0.0184672
T,93,1,0.1186309E+06,2000434E-03,-0.4452E+02,-0.2338E+02,0.9991074,-0.0367279,-0.0208690
T,94,1,0.1192697E+06,2000956E-03,-0.2093E+02,0.1882E+02,0.9999150,-0.0017785,0.0129164
T,95,1,0.1183139E+06,2000457E-03,0.8457E+01,-0.5199E+02,0.9989199,0.0126246,-0.0447185
T,96,1,0.1197133E+06,2001191E-03,-0.1243E+02,0.9280E+01,0.9999175,-0.0122361,0.0038994
T,97,1,0.1185747E+06,2001892E-03,-0.1447E+03,0.9978E+02,0.9943667,-0.0889886,0.0575829
T,98,1,0.1201619E+06,2001197E-03,0.1205E+02,0.8590E+01,0.9999654,-0.0019776,0.0080833
T,99,1,0.1200713E+06,2000730E-03,0.5542E+01,-0.4460E+02,0.9997791,-0.0093734,-0.0188119
T,100,1,0.1190354E+06,2000462E-03,-0.2645E+02,-0.3894E+02,0.9997820,-0.0208310,0.0013991
T,101,1,0.1173977E+06,2000087E-03,-0.1253E+03,0.6245E+02,0.9310062,-0.3489595,0.1070269
T,102,1,0.1132513E+06,2001714E-03,-0.4628E+03,0.1191E+04,0.8058042,-0.2294753,0.5459126
T,103,1,0.1199666E+06,2000542E-03,-0.3308E+02,-0.2661E+02,0.9986442,-0.0366818,-0.0369339
T,104,1,0.1199929E+06,2000862E-03,-0.1848E+02,-0.1956E+02,0.9994591,-0.0328101,0.0022505
T,105,1,0.1193321E+06,2001236E-03,-0.1096E+02,-0.7214E+01,0.9999776,-0.0041452,-0.0052612
T,106,1,0.1192733E+06,2000834E-03,0.8395E+01,0.2853E+02,0.9996517,-0.0029008,0.0262305
T,107,1,0.1199803E+06,2000768E-03,-0.3283E+02,-0.2696E+01,0.9995745,-0.0104838,-0.0272207
T,108,1,0.1203743E+06,2001175E-03,0.3472E+01,0.3780E+00,0.9998405,0.0023937,0.0176988
T,109,1,0.1184062E+06,2001112E-03,-0.1352E+02,0.1856E+02,0.9994695,-0.0218138,0.0241837
T,110,1,0.1184908E+06,2002135E-03,-0.6985E+02,-0.1621E+02,0.9993091,-0.0354035,-0.0113083
T,111,1,0.1190306E+06,2000951E-03,0.9295E+02,-0.2026E+01,0.9986459,0.0495000,0.0160063
T,112,1,0.1191756E+06,2002211E-03,-0.6455E+01,-0.6355E+02,0.9991063,0.0076740,-0.0415654
T,113,1,0.1180099E+06,2000983E-03,0.2047E+02,0.1618E+02,0.9999521,-0.0097850,0.0003759
T,114,1,0.1190804E+06,2001116E-03,0.1598E+02,-0.1020E+02,0.9996679,0.0250273,-0.0061373
T,115,1,0.1193173E+06,2000150E-03,0.4315E+02,-0.1621E+02,0.9992579,0.0165172,-0.0347976
T,116,1,0.1192917E+06,2001028E-03,-0.1722E+02,-0.9172E+01,0.9994773,-0.0229264,-0.0227924
T,117,1,0.1197827E+06,2000861E-03,-0.1363E+02,-0.3265E+02,0.9999594,-0.0003592,0.0090027
T,118,1,0.1204005E+06,2000955E-03,-0.6416E+01,0.6080E+01,0.9996326,0.0251353,-0.0101469
T,119,1,0.1187892E+06,2001595E-03,0.1083E+03,0.1483E+03,0.9955127,0.0619487,0.0715318
T,120,1,0.1195246E+06,2000762E-03,-0.3897E+02,-0.1125E+02,0.9995870,-0.0275866,0.0080524
T,121,1,0.1182325E+06,2000846E-03,-0.2530E+02,-0.1939E+02,0.9996161,-0.0241724,-0.0135383
T,122,1,0.1195016E+06,2001057E-03,0.8078E+01,-0.1948E+02,0.9995951,0.0197439,-0.0204870
T,123,1,0.1193842E+06,2000943E-03,0.9402E+01,-0.2454E+02,0.9995824,0.0195759,-0.0212571
T,124,1,0.1192757E+06,2000077E-03,-0.2323E+02,-0.5564E+02,0.9994209,-0.0149850,-0.0305512
T,125,1,0.1207163E+06,2001043E-03,0.1960E+02,0.1674E+02,0.9997106,0.0213792,0.0110337
T,126,1,0.1193573E+06,2000723E-03,-0.4032E+02,0.1600E+02,0.9996729,-0.0218847,0.0132342
T,127,1,0.1192907E+06,2001124E-03,0.7616E+00,-0.9495E+01,0.9996074,0.0275191,-0.0052699
T,128,1,0.1174153E+06,2000807E-03,0.2343E+02,-0.1960E+02,0.9995628,0.0292974,-0.0039839
T,129,1,0.1189457E+06,2001211E-03,0.4161E+01,0.1365E+02,0.9999209,-0.0065601,0.0107358
T,130,1,0.1188112E+06,2000698E-03,-0.2874E+02,-0.3452E+02,0.9996196,-0.0262360,-0.0085066
T,131,1,0.1189125E+06,2000718E-03,0.1025E+02,0.3508E+02,0.9999829,-0.0057835,-0.0008503
T,132,1,0.1185212E+06,2001266E-03,0.2901E+01,-0.6191E+01,0.9999465,-0.0002339,-0.0103426
T,133,1,0.1195738E+06,2000910E-03,0.2417E+02,-0.4347E+01,0.9997404,0.0177802,-0.0142475
T,134,1,0.1182459E+06,2000006E-03,-0.5942E+02,0.1885E+02,0.9987988,-0.0417418,0.0256632
T,135,1,0.1193087E+06,2000815E-03,-0.3563E+02,-0.1858E+02,0.9993732,-0.0342807,-0.0088320
T,136,1,0.1195196E+06,2000592E-03,-0.9370E+00,-0.4756E+02,0.9991276,-0.0030986,-0.0416474
T,137,1,0.1191268E+06,2001910E-03,0.8864E+01,0.7361E+02,0.9990220,0.0005871,0.0442114
T,138,1,0.1091015E+06,2000799E-03,0.1578E+04,0.8576E+02,0.7713072,0.6354255,0.0363273
T,139,1,0.1193470E+06,2000773E-03,-0.3350E+02,-0.1554E+02,0.9993470,-0.0360755,0.0020174
T,140,1,0.1201068E+06,2001170E-03,-0.8157E+01,0.1038E+01,0.9996510,-0.0218447,0.0148523
T,141,1,0.1210199E+06,2000686E-03,-0.1212E+02,-0.3997E+02,0.9993168,-0.0133173,-0.0344756
T,142,1,0.1194050E+06,2002206E-03,-0.2458E+02,0.6489E+02,0.9988863,-0.0146053,0.0448643
T,143,1,0.1187905E+06,2001159E-03,-0.1550E+02,-0.1221E+02,0.9998159,-0.0169402,-0.0090144
T,144,1,0.1190504E+06,2000178E-03,-0.1402E+02,0.5891E+02,0.9992189,-0.0083144,0.0386320
T,145,1,0.1195157E+06,2001094E-03,0.7288E+01,0.1027E+02,0.9998112,-0.0094444,0.0169841
T,146,1,0.1197959E+06,2000626E-03,0.4724E+02,-0.8445E+02,0.9957226,0.0418496,-0.0823723
T,147,1,0.1187978E+06,2001233E-03,0.9119E+01,-0.2566E+01,0.9999092,0.0055247,-0.0122946
T,148,1,0.1186532E+06,2002209E-03,0.4465E+02,-0.5591E+02,0.9990279,0.0264326,-0.0352775
T,149,1,0.1194478E+06,2000785E-03,-0.3822E+02,0.5615E+01,0.9993565,-0.0334352,0.0129843
T,150,1,0.1197577E+06,2000496E-03,-0.3627E+02,-0.2705E+02,0.9990730,-0.0360750,-0.0234886
T,151,1,0.1192921E+06,2000809E-03,-0.7182E+01,0.4055E+02,0.9996518,-0.0017321,0.0263293
T,152,1,0.1203811E+06,2002019E-03,-0.3614E+02,-0.3628E+02,0.9987300,-0.0503814,0.0000051
T,153,1,0.1195684E+06,2001080E-03,-0.1010E+02,-0.2174E+02,0.9999228,-0.0045186,-0.0115747
T,154,1,0.1192158E+06,2002133E-03,-0.1742E+02,-0.6396E+02,0.9976911,-0.0422582,-0.0531676
T,155,1,0.1200250E+06,2000796E-03,-0.1387E+02,-0.2479E+02,0.9990295,-0.0242024,-0.0367998
T,156,1,0.1191506E+06,2000662E-03,-0.1180E+02,0.4177E+02,0.9993369,-0.0276278,0.0237151
T,157,1,0.1196352E+06,2001525E-03,0.2957E+02,-0.1007E+03,0.9964089,0.0294600,-0.0793819
T,158,1,0.1183224E+06,2000892E-03,0.6407E+01,0.2879E+02,0.9990852,0.0072177,0.0421513
T,159,1,0.1191267E+06,2000006E-03,-0.4932E+02,-0.4944E+02,0.9991615,-0.0363749,-0.0187918
T,160,1,0.1189839E+06,2000843E-03,0.5515E+02,-0.8037E+02,0.9970563,0.0441163,-0.0627093
T,161,1,0.1190261E+06,2000138E-03,-0.2925E+02,0.5464E+02,0.9992229,-0.0231112,0.0319284
T,162,1,0.1192503E+06,2000628E-03,-0.3992E+02,-0.3371E+01,0.9991912,-0.0402103,0.0000824
T,163,1,0.1196317E+06,2001784E-03,0.6175E+02,-0.4577E+02,0.9985936,0.0386242,-0.0363191
T,164,1,0.1174640E+06,2001005E-03,0.1841E+02,-0.5214E+01,0.9991752,0.0202701,-0.0351863
T,165,1,0.1190862E+06,2000951E-03,0.5790E+02,-0.6345E+02,0.9973709,0.0491623,-0.0532383
T,166,1,0.1172414E+06,2001165E-03,0.7637E+01,0.1004E+02,0.9999636,-0.0035316,0.0077610
T,167,1,0.1196077E+06,2001054E-03,0.1740E+02,0.9092E+01,0.9999742,0.0067878,-0.0023633
T,168,1,0.1189976E+06,2000436E-03,-0.6924E+02,0.6696E+02,0.9973089,-0.0583156,0.0444319
T,169,1,0.1184066E+06,2002162E-03,-0.2771E+02,-0.5241E+02,0.9988288,-0.0274741,-0.0398260
T,170,1,0.1194525E+06,2001989E-03,-0.4839E+02,0.2006E+02,0.9984499,-0.0266382,0.0488683
T,171,1,0.1192047E+06,2000917E-03,-0.3564E+01,-0.9262E+02,0.9994208,0.0096406,-0.0326372
T,172,1,0.1191913E+06,2000581E-03,-0.4804E+02,-0.8914E+01,0.9992945,-0.0339279,-0.0161082
T,173,1,0.1191356E+06,2000964E-03,-0.1759E+02,-0.2345E+02,0.9999967,0.0020029,-0.0015855
T,174,1,0.1198187E+06,2000243E-03,0.2488E+02,-0.2924E+02,0.9991259,0.0349382,-0.0229494
T,175,1,0.1201985E+06,2002002E-03,-0.5605E+02,0.3657E+02,0.9983995,-0.0478128,0.0302050
T,176,1,0.1194483E+06,2000399E-03,0.3610E+02,0.2200E+02,0.9987659,0.0316999,0.0382331
T,177,1,0.1198750E+06,2001127E-03,0.1311E+02,0.1948E+01,0.9996084,0.0273159,0.0060669
T,178,1,0.1193653E+06,2000666E-03,0.3626E+02,0.2777E+02,0.9996989,0.0230075,0.0085274
T,179,1,0.1197454E+06,2000106E-03,-0.2608E+02,0.1072E+03,0.9975471,-0.0216338,0.0665716
T,180,1,0.1192861E+06,2000455E-03,0.3678E+02,0.1005E+02,0.9990148,0.0413195,0.0161900
T,181,1,0.1189531E+06,2001873E-03,0.7203E+02,0.8949E+01,0.9988272,0.0469063,-0.0119989
T,182,1,0.1192697E+06,2000591E-03,0.3690E+02,-0.2361E+02,0.9994463,0.0014146,-0.0332439
T,183,1,0.1202226E+06,2000959E-03,0.4862E+01,0.3367E+02,0.9997491,0.0041306,0.0220148
T,184,1,0.1186555E+06,2001157E-03,0.2829E+01,0.1231E+02,0.9989255,-0.0367288,0.0282631
T,185,1,0.1196659E+06,2001057E-03,0.9282E+02,-0.2113E+02,0.9980913,0.0610319,-0.0094247
T,186,1,0.1192339E+06,2001418E-03,0.5422E+02,-0.6167E+02,0.9976294,0.0231025,-0.0648211
T,187,1,0.1191387E+06,2000317E-03,0.1422E+02,0.1087E+03,0.9978771,0.0100493,0.0643449
T,188,1,0.1194144E+06,2000855E-03,-0.3222E+02,0.1829E+02,0.9998082,-0.0175530,0.0086895
T,189,1,0.1195558E+06,2001236E-03,-0.1643E+01,0.5743E+01,0.9999783,-0.0050033,-0.0042971
T,190,1,0.1201864E+06,2001003E-03,-0.8013E+01,-0.3130E+02,0.9999077,-0.0044315,-0.0128443
T,191,1,0.1199695E+06,2000861E-03,-0.2970E+02,0.2099E+02,0.9993542,-0.0305927,0.0188507
T,192,1,0.1193869E+06,2000954E-03,0.3144E+02,-0.1004E+02,0.9997257,0.0179595,-0.0150337
T,193,1,0.1181791E+06,2001185E-03,0.3585E+01,0.1367E+02,0.9995755,0.0226966,0.0182696
T,194,1,0.1199309E+06,2000671E-03,0.3889E+02,0.7444E+01,0.9991306,0.0397368,-0.0126130
T,195,1,0.1192563E+06,2000245E-03,-0.3653E+02,0.8594E+02,0.9975480,0.0114410,0.0690445
T,196,1,0.1189755E+06,2000540E-03,0.7998E+02,-0.6130E+02,0.9976583,0.0428488,-0.0533091
T,197,1,0.1190704E+06,2001312E-03,0.6792E+02,0.5487E+02,0.9996430,0.0182568,0.0195104
T,198,1,0.1197624E+06,2001412E-03,0.3119E+02,0.7825E+02,0.9991056,0.0159710,0.0391533
T,199,1,0.1191210E+06,2000819E-03,-0.3126E+02,-0.1949E+02,0.9998645,-0.0144718,-0.0078430
T,200,1,0.1192099E+06,2001020E-03,0.2364E+02,-0.1339E+02,0.9998011,0.0192510,-0.0052067
T,201,1,0.1187032E+06,2001178E-03,-0.5900E+01,0.1383E+02,0.9997994,-0.0163124,0.0116238
T,202,1,0.1192370E+06,2000676E-03,0.2573E+02,0.3309E+02,0.9995081,0.0250681,0.0188470
T,203,1,0.1194509E+06,2000949E-03,0.1385E+02,0.2910E+02,0.9998103,0.0076308,0.0179215
T,204,1,0.1199308E+06,2001122E-03,0.1612E+01,0.1247E+02,0.9996794,-0.0239306,0.0082729
T,205,1,0.1204027E+06,2000570E-03,0.1223E+02,0.4120E+02,0.9985289,0.0213865,0.0498264
T,206,1,0.1193519E+06,2000931E-03,0.2963E+02,-0.1222E+02,0.9998113,0.0029792,-0.0191977
T,207,1,0.1188987E+06,2001169E-03,0.1644E+02,-0.8255E+01,0.9999153,0.0107023,-0.0074015
T,208,1,0.1192472E+06,2000731E-03,0.3665E+02,-0.1089E+01,0.9997911,0.0176090,0.0103731
T,209,1,0.1193188E+06,2001168E-03,0.1170E+02,0.3027E+01,0.9999070,-0.0025604,0.0133975
T,210,1,0.1196539E+06,2001122E-03,-0.2287E+02,0.1925E+01,0.9999464,-0.0089095,-0.0052689
T,211,1,0.1184044E+06,2000728E-03,-0.7120E+01,-0.3944E+02,0.9994258,-0.0019046,-0.0338300
T,212,1,0.1193618E+06,2001133E-03,0.8859E+01,0.5691E+01,0.9999049,0.0055842,0.0126120
T,213,1,0.1197776E+06,2001495E-03,0.7912E+02,-0.1916E+02,0.9989906,0.0372464,-0.0251111
T,214,1,0.1201674E+06,2000670E-03,-0.2472E+02,0.2838E+02,0.9992437,-0.0180639,0.0344357
T,215,1,0.1189397E+06,2001228E-03,-0.4049E+01,0.2145E+01,0.9998873,-0.0122600,0.0086594
T,216,1,0.1202311E+06,2001668E-03,0.1915E+02,0.7659E+02,0.9990838,0.0103331,0.0415312
T,217,1,0.1189452E+06,2001193E-03,-0.6775E+01,-0.1350E+02,0.9999244,0.0080924,-0.0092584
T,218,1,0.1202291E+06,2001171E-03,-0.7273E+01,-0.1391E+02,0.9999420,-0.0017305,-0.0106347
T,219,1,0.1194610E+06,2001160E-03,0.1436E+02,-0.1360E+02,0.9999992,-0.0011893,-0.0003228
T,220,1,0.1187076E+06,2001855E-03,-0.6605E+02,-0.5342E+02,0.9988458,-0.0384589,-0.0287761
T,221,1,0.1192352E+06,2000554E-03,0.2573E+02,-0.4392E+02,0.9999128,0.0068718,-0.0112757
T,222,1,0.1196863E+06,2001524E-03,0.7411E+02,-0.3753E+02,0.9987040,0.0502882,-0.0078340
T,223,1,0.1199518E+06,2001142E-03,-0.1908E+02,0.1095E+02,0.9998666,-0.0141393,0.0081804
T,224,1,0.1183687E+06,2000695E-03,0.3033E+02,-0.2653E+02,0.9993258,0.0319727,-0.0180461
T,225,1,0.1193300E+06,2001183E-03,-0.1204E+02,0.8723E+01,0.9997676,-0.0192395,0.0097265
T,226,1,0.1176680E+06,2000749E-03,-0.1995E+02,0.3933E+02,0.9998338,-0.0053780,0.0174223
T,227,1,0.1201097E+06,2000915E-03,0.8385E+01,-0.3002E+02,0.9999087,0.0082224,-0.0107196
T,228,1,0.1204648E+06,2000558E-03,-0.1604E+02,0.2571E+02,0.9974701,-0.0123943,0.0699988
T,229,1,0.1199196E+06,2001131E-03,-0.4753E+01,0.2058E+02,0.9999397,0.0008374,0.0109488
T,230,1,0.1191168E+06,2000355E-03,0.3654E+02,-0.4590E+01,0.9989414,0.0424324,-0.0177662
T,231,1,0.1182369E+06,2000778E-03,-0.3280E+01,0.2943E+02,0.9992295,-0.0389325,-0.0049625
T,232,1,0.1176937E+06,2001080E-03,-0.2020E+02,-0.5583E+01,0.9998985,-0.0012244,-0.0141949
T,233,1,0.1208839E+06,2001186E-03,0.3964E+01,0.1542E+02,0.9999861,0.0040668,-0.0033529
T,234,1,0.1198741E+06,2000975E-03,0.6024E+01,0.3083E+02,0.9997325,0.0084892,0.0215152
T,235,1,0.1189506E+06,2001138E-03,-0.1515E+02,0.6903E+01,0.9999588,-0.0090721,0.0003435
T,236,1,0.1195950E+06,2000545E-03,0.4088E+02,-0.1913E+02,0.9990933,0.0382053,-0.0187863
T,237,1,0.1196129E+06,2000731E-03,-0.3178E+02,0.2022E+02,0.9995034,-0.0295569,0.0109202
T,238,1,0.1200426E+06,2001208E-03,-0.1079E+02,0.1160E+01,0.9997152,-0.0122506,0.0204825
T,239,1,0.1189678E+06,2000803E-03,-0.3092E+02,-0.1859E+01,0.9993040,-0.0302551,0.0218222
T,240,1,0.1189953E+06,2000857E-03,-0.3884E+02,0.6693E+01,0.9997134,-0.0238026,-0.0025585
T,241,1,0.1193556E+06,2000810E-03,0.1577E+02,-0.2271E+02,0.9988833,0.0441968,-0.0166957
T,242,1,0.1181556E+06,2001049E-03,0.2578E+02,-0.4254E+01,0.9999551,0.0082545,-0.0046540
T,243,1,0.1207716E+06,2000741E-03,0.1347E+02,0.3457E+02,0.9991537,0.0222653,0.0345857
T,244,1,0.1183876E+06,2001259E-03,0.4435E+01,0.2062E+01,0.9999764,-0.0068704,-0.0001148
T,245,1,0.1200455E+06,2002037E-03,0.4370E+02,-0.5397E+02,0.9990808,0.0378065,-0.0202050
T,246,1,0.1193360E+06,2000492E-03,-0.2871E+02,-0.4486E+02,0.9998608,-0.0042108,-0.0161449
T,247,1,0.1199947E+06,2000176E-03,-0.4515E+01,0.6258E+02,0.9988217,-0.0123635,0.0469299
T,248,1,0.1200314E+06,2002093E-03,-0.5232E+02,-0.1475E+02,0.9961857,-0.0715743,-0.0499111
T,249,1,0.1182605E+06,2000635E-03,0.2383E+02,0.3889E+02,0.9994678,0.0071409,0.0318301
T,250,1,0.1187329E+06,2002248E-03,0.3260E+02,0.4307E+02,0.9985322,0.0352173,0.0411481
T,251,1,0.1187784E+06,2000533E-03,0.4478E+02,-0.1511E+02,0.9995708,0.0292718,0.0011349
T,252,1,0.1195163E+06,2000687E-03,-0.1472E+02,0.4330E+02,0.9998301,0.0037627,0.0180458
T,253,1,0.1185792E+06,2001186E-03,-0.9277E+01,0.9412E+01,0.9998767,-0.0125805,0.0093962
T,254,1,0.1204986E+06,2000279E-03,0.8773E+01,0.5690E+02,0.9992491,0.0090742,0.0376682
T,255,1,0.1195297E+06,2000932E-03,-0.2275E+02,-0.2257E+02,0.9995883,-0.0254696,-0.0132134
T,256,1,0.1199704E+06,2000123E-03,-0.5310E+02,0.8815E+01,0.9990632,-0.0424099,0.0086091
T,257,1,0.1184457E+06,2001154E-03,0.1233E+02,0.1072E+02,0.9994956,0.0001529,0.0317568
T,258,1,0.1207760E+06,2001159E-03,-0.2401E+01,0.2030E+02,0.9998685,0.0045872,0.0155531
T,259,1,0.1185244E+06,2000896E-03,0.2987E+02,0.2146E+02,0.9995999,0.0197435,0.0202528
T,260,1,0.1200973E+06,2001027E-03,-0.6466E+02,-0.6560E+02,0.9988038,-0.0398586,-0.0283254
T,261,1,0.1185588E+06,2000869E-03,0.2938E+02,-0.1688E+02,0.9995558,0.0284522,-0.0088649
T,262,1,0.1184471E+06,2000710E-03,-0.2190E+02,0.4020E+02,0.9995426,-0.0122069,0.0276687
T,263,1,0.1194126E+06,2000724E-03,0.3041E+02,-0.3405E+02,0.9998953,0.0064230,-0.0129658
T,264,1,0.1185626E+06,2001193E-03,0.1318E+01,-0.1606E+02,0.9999876,0.0049482,-0.0005973
T,265,1,0.1187175E+06,2001990E-03,-0.5188E+02,-0.3103E+02,0.9989885,-0.0291451,0.0342428
T,266,1,0.1194067E+06,2002191E-03,-0.8609E+01,-0.6412E+02,0.9984134,-0.0043320,-0.0561428
T,267,1,0.1187131E+06,2000955E-03,0.1097E+02,0.2837E+02,0.9984843,0.0295080,0.0464577
T,268,1,0.1191405E+06,2001183E-03,0.8042E+01,0.1279E+02,0.9998702,-0.0007852,0.0160896
T,269,1,0.1201072E+06,2000598E-03,0.1412E+01,-0.4575E+02,0.9992461,0.0081169,-0.0379651
T,270,1,0.1183547E+06,2001072E-03,-0.1138E+02,0.2127E+02,0.9998463,-0.0145262,0.0098117
T,271,1,0.1128883E+06,2000495E-03,0.5904E+03,0.5745E+02,0.7564383,0.6477130,0.0909340
T,272,1,0.1198163E+06,2000827E-03,0.3589E+02,0.9207E+00,0.9996608,0.0259856,-0.0017493
T,273,1,0.1199638E+06,2001639E-03,-0.5004E+02,0.4804E+02,0.9981453,-0.0433643,0.0427257
T,274,1,0.1185745E+06,2001117E-03,0.4834E+01,-0.1509E+02,0.9997165,-0.0037809,-0.0235061
T,275,1,0.1183991E+06,2001180E-03,0.2719E+01,0.1749E+01,0.9999305,-0.0092578,0.0072978
T,276,1,0.1193047E+06,2001159E-03,0.1452E+02,0.6855E+01,0.9998164,0.0128643,0.0142042
T,277,1,0.1199806E+06,2001184E-03,0.1197E+02,0.6566E+01,0.9999869,0.0042702,0.0028084
T,278,1,0.1197080E+06,2001927E-03,-0.2009E+02,-0.1121E+03,0.9970269,-0.0035277,-0.0769729
T,279,1,0.1194247E+06,2001024E-03,0.1516E+02,0.1930E+01,0.9990932,0.0409517,-0.0116504
T,280,1,0.1183798E+06,2001203E-03,-0.2076E+01,0.9567E+01,0.9999852,0.0034076,-0.0042379
T,281,1,0.1187216E+06,2000920E-03,0.1431E+02,0.1448E+02,0.9995325,0.0278721,0.0125681
T,282,1,0.1187557E+06,2001553E-03,0.4343E+02,0.7512E+02,0.9989544,0.0300523,0.0344523
T,283,1,0.1185973E+06,2000897E-03,-0.3341E+02,0.9674E+01,0.9997940,-0.0202960,0.0002007
T,284,1,0.1190745E+06,2001366E-03,0.1250E+03,-0.3985E+02,0.9976447,0.0682802,0.0065496
T,285,1,0.1187737E+06,2001279E-03,-0.1340E+03,0.9419E+02,0.9961691,-0.0660167,0.0573499
T,286,1,0.1196109E+06,2000861E-03,0.1053E+02,0.2017E+02,0.9988595,0.0081142,0.0470509
T,287,1,0.1199258E+06,2001137E-03,0.1495E+02,-0.1015E+02,0.9999208,-0.0073694,-0.0102010
T,288,1,0.1190618E+06,2001802E-03,-0.3767E+02,-0.4745E+02,0.9983501,-0.0315291,-0.0479895
T,289,1,0.1197373E+06,2000062E-03,0.4276E+02,0.4270E+02,0.9990678,0.0339034,0.0267228
T,290,1,0.1198659E+06,2000400E-03,0.3258E+02,-0.4414E+02,0.9994059,0.0136493,-0.0316478
T,291,1,0.1198107E+06,2000912E-03,-0.6471E+01,0.1363E+02,0.9999008,-0.0030648,-0.0137455
T,292,1,0.1198767E+06,2000957E-03,-0.1625E+02,-0.2787E+02,0.9994226,0.0064592,-0.0333592
T,293,1,0.1188262E+06,2000133E-03,0.5782E+01,0.5934E+02,0.9988308,0.0088620,0.0475240
T,294,1,0.1191083E+06,2001036E-03,-0.2440E+02,0.8960E+01,0.9998109,-0.0160191,0.0110296
T,295,1,0.1186171E+06,2001115E-03,0.2073E+02,0.4658E+01,0.9998411,0.0177620,0.0015007
T,296,1,0.1192250E+06,2000758E-03,0.3870E+02,-0.5538E+01,0.9995016,0.0283373,0.0139092
T,297,1,0.1188398E+06,2001256E-03,0.8928E+01,0.2266E+01,0.9999938,0.0031704,0.0015446
T,298,1,0.1188973E+06,2001110E-03,-0.1954E+02,-0.5114E+00,0.9999733,-0.0029277,0.0066988
T,299,1,0.1197874E+06,2000341E-03,-0.8668E+01,-0.5436E+02,0.9993972,-0.0082507,-0.0337219
T,300,1,0.1194133E+06,2001013E-03,0.7952E-01,-0.2904E+02,0.9998835,0.0040649,-0.0147147
T,301,1,0.1196324E+06,2000630E-03,-0.2886E+02,0.3674E+02,0.9992509,-0.0273730,0.0273572
T,302,1,0.1192409E+06,2000893E-03,0.2894E+02,-0.2109E+02,0.9994350,0.0316246,-0.0113868
T,303,1,0.1198336E+06,2001173E-03,0.1128E+02,0.9184E+01,0.9999296,0.0116918,-0.0020065
T,304,1,0.1186666E+06,2000715E-03,-0.1856E+02,0.3986E+02,0.9996541,-0.0008172,0.0262882
T,305,1,0.1196175E+06,2001013E-03,0.3053E+02,0.9150E+01,0.9999535,0.0087680,-0.0040032
T,306,1,0.1185942E+06,2000262E-03,-0.4439E+02,0.3887E+02,0.9996123,-0.0268778,0.0072733
T,307,1,0.1198241E+06,2000940E-03,0.3060E+02,0.6627E+01,0.9996299,0.0242931,0.0122452
T,308,1,0.1190976E+06,2001050E-03,0.2625E+02,0.2722E+01,0.9995078,0.0313090,0.0019714
T,309,1,0.1205720E+06,2001178E-03,-0.1440E+02,-0.3502E+01,0.9999412,-0.0050938,-0.0095730
T,310,1,0.1179282E+06,2001117E-03,0.7323E+01,0.1725E+02,0.9996688,-0.0056175,0.0251128
T,311,1,0.1200890E+06,2000819E-03,-0.3289E+02,-0.1743E+02,0.9997813,-0.0021938,-0.0207973
T,312,1,0.1195981E+06,2001195E-03,-0.6489E+01,-0.1587E+02,0.9999029,0.0092666,-0.0104081
T,313,1,0.1206944E+06,2000479E-03,-0.1596E+02,0.3974E+02,0.9994482,0.0296571,0.0149569
T,314,1,0.1199644E+06,2000274E-03,-0.2701E+02,0.2254E+02,0.9982210,-0.0527192,0.0278467
T,315,1,0.1189128E+06,2000607E-03,-0.9687E+02,-0.9098E+02,0.9948292,-0.0670400,-0.0762924
T,316,1,0.1199178E+06,2000986E-03,-0.2974E+02,0.5879E+01,0.9997188,-0.0215775,0.0098358
T,317,1,0.1176196E+06,2000366E-03,0.5977E+01,-0.3521E+02,0.9986905,-0.0469853,-0.0202421
T,318,1,0.1198100E+06,2000920E-03,-0.4213E+01,0.3212E+02,0.9997999,-0.0028056,0.0198056
T,319,1,0.1188267E+06,2001186E-03,0.4577E+00,0.1631E+02,0.9999083,-0.0062022,0.0120367
T,320,1,0.1190258E+06,2001037E-03,-0.2597E+02,0.1088E+02,0.9996352,-0.0268365,0.0030412
T,321,1,0.1202650E+06,2002229E-03,-0.1046E+03,-0.3287E+02,0.9979392,-0.0631072,-0.0116078
T,322,1,0.1198397E+06,2000640E-03,0.4999E+01,0.2687E+02,0.9982830,-0.0254521,0.0527564
T,323,1,0.1202316E+06,2000868E-03,-0.9017E+01,-0.3470E+02,0.9994750,-0.0176508,-0.0271680
T,324,1,0.1200885E+06,2001139E-03,-0.1660E+02,-0.7311E+01,0.9997991,-0.0105077,-0.0170698
T,325,1,0.1204770E+06,2000877E-03,0.2229E+02,-0.2491E+02,0.9997354,0.0168811,-0.0156271
T,326,1,0.1193878E+06,2000871E-03,0.9229E+01,0.3718E+02,0.9992502,-0.0027202,0.0386214
T,327,1,0.1184901E+06,2001113E-03,0.1797E+02,-0.1261E+02,0.9998736,0.0115719,-0.0108989
T,328,1,0.1195955E+06,2000709E-03,0.3664E+02,-0.1032E+02,0.9997891,0.0200443,-0.0044679
T,329,1,0.1182757E+06,2001197E-03,-0.1079E+02,-0.8807E+01,0.9998694,-0.0116692,-0.0111777
T,330,1,0.1192635E+06,2000850E-03,-0.7986E+01,-0.1809E+02,0.9989137,-0.0447296,-0.0130647
T,331,1,0.1192034E+06,2001255E-03,-0.4000E+01,-0.4467E+01,0.9999944,-0.0031898,0.0009757
T,332,1,0.1189587E+06,2000636E-03,-0.2878E+02,0.3406E+02,0.9992303,-0.0205758,0.0333988
T,333,1,0.1188887E+06,2000985E-03,0.4929E+02,0.7223E+02,0.9982937,0.0382767,0.0440978
T,334,1,0.1193054E+06,2001942E-03,0.1140E+02,0.7736E+02,0.9998282,0.0116955,0.0143816
T,335,1,0.1198365E+06,2000789E-03,0.1791E+02,-0.3587E+02,0.9998492,0.0138777,-0.0104409
T,336,1,0.1194524E+06,2002051E-03,0.7002E+02,0.3741E+01,0.9986198,0.0524693,-0.0023521
T,337,1,0.1198918E+06,2000700E-03,0.3400E+02,-0.2679E+02,0.9992138,0.0275309,-0.0285269
T,338,1,0.1199660E+06,2000604E-03,-0.3965E+02,0.2810E+02,0.9994505,-0.0134198,0.0303100
T,339,1,0.1188027E+06,2001201E-03,0.9313E+02,0.1544E+01,0.9985635,0.0533075,0.0054118
T,340,1,0.1193018E+06,2001032E-03,-0.2218E+02,-0.2231E+01,0.9997901,-0.0204776,0.0006193
T,341,1,0.1191487E+06,2000170E-03,-0.6696E+02,-0.7599E+02,0.9961150,-0.0320186,-0.0820352
T,342,1,0.1195659E+06,2001745E-03,0.1800E+02,-0.7048E+02,0.9990147,-0.0010545,-0.0443670
T,343,1,0.1195976E+06,2000423E-03,0.2523E+02,0.3809E+02,0.9985662,0.0285960,0.0452525
T,344,1,0.1189337E+06,2000470E-03,-0.4155E+02,0.3119E+02,0.9991993,-0.0358759,0.0177084
T,345,1,0.1196262E+06,2001100E-03,0.1429E+02,-0.8096E+02,0.9980658,0.0106157,-0.0612528
T,346,1,0.1195467E+06,2001012E-03,-0.2299E+02,-0.1251E+02,0.9996817,-0.0227572,-0.0108946
T,347,1,0.1194769E+06,2001180E-03,0.1357E+03,-0.7130E+01,0.9986823,0.0505915,0.0086095
T,348,1,0.1204069E+06,2001074E-03,-0.6401E+01,0.2579E+02,0.9999079,-0.0059669,0.0121887
T,349,1,0.1181074E+06,2001227E-03,0.5378E+02,0.5338E+02,0.9951417,0.0798385,0.0576096
T,350,1,0.1198033E+06,2002069E-03,0.6242E+02,-0.3651E+02,0.9991135,0.0411349,-0.0089501
T,351,1,0.1195203E+06,2001168E-03,-0.8432E+01,-0.1627E+02,0.9998098,-0.0094716,-0.0170472
T,352,1,0.1178239E+06,2000865E-03,-0.1146E+02,-0.3584E+02,0.9996445,-0.0052020,-0.0261502
T,353,1,0.1200605E+06,2001210E-03,-0.7282E+01,-0.6702E+00,0.9999894,0.0018229,-0.0042278
T,354,1,0.1186091E+06,2000624E-03,-0.3545E+02,0.3000E+02,0.9995835,-0.0251670,0.0141200
T,355,1,0.1199737E+06,2000913E-03,-0.6524E+01,0.3499E+02,0.9997240,-0.0122586,0.0200414
T,356,1,0.1196506E+06,2000862E-03,0.3576E+02,-0.6789E+01,0.9995011,0.0314209,0.0031963
T,357,1,0.1189293E+06,2000660E-03,0.4843E+02,-0.3927E+02,0.9946493,0.0759374,-0.0700445
T,358,1,0.1203017E+06,2000985E-03,0.2071E+02,-0.2450E+02,0.9998163,0.0169148,-0.0090102
T,359,1,0.1194816E+06,2000988E-03,-0.4502E+01,0.2444E+02,0.9996978,-0.0032555,0.0243655
T,360,1,0.1190878E+06,2000257E-03,-0.4769E+02,-0.3810E+02,0.9992402,-0.0375136,-0.0105703
T,361,1,0.1199384E+06,2000819E-03,-0.4079E+02,0.9342E+01,0.9997177,-0.0235510,0.0031364
T,362,1,0.1201231E+06,2001269E-03,-0.1611E+01,0.5836E+01,0.9999992,0.0011830,-0.0004933
T,363,1,0.1199184E+06,2001263E-03,-0.4001E+01,0.1839E+01,0.9999583,-0.0038130,0.0083006
T,364,1,0.1192523E+06,2002058E-03,0.2567E+02,-0.3406E+02,0.9956682,0.0495562,-0.0786698
T,365,1,0.1204109E+06,2000993E-03,0.2035E+02,0.1687E+02,0.9994664,0.0277806,0.0171789
T,366,1,0.1188459E+06,2002130E-03,0.5677E+01,-0.6785E+02,0.9989842,-0.0263242,-0.0365745
T,367,1,0.1194455E+06,2002241E-03,0.2079E+02,0.5160E+02,0.9993481,0.0139034,0.0333187
T,368,1,0.1195464E+06,2000842E-03,-0.2784E+02,0.2457E+02,0.9994683,-0.0280130,0.0166851
T,369,1,0.1194591E+06,2000824E-03,0.3896E+02,-0.1259E+02,0.9997946,0.0196150,-0.0051064
T,370,1,0.1190882E+06,2002172E-03,-0.1034E+02,0.6381E+02,0.9994577,-0.0147514,0.0294402
T,371,1,0.1203211E+06,2000812E-03,-0.8885E+01,0.3536E+02,0.9994724,-0.0020425,0.0324148
T,372,1,0.1195723E+06,2001135E-03,-0.1876E+02,0.5589E+01,0.9999700,-0.0027140,0.0072550
T,373,1,0.1191082E+06,2001107E-03,-0.1815E+02,-0.1479E+02,0.9998259,-0.0165818,-0.0085508
T,374,1,0.1189159E+06,2001254E-03,0.4154E+01,0.8086E+01,0.9999468,-0.0029940,0.0098723
T,375,1,0.1183793E+06,2000849E-03,0.1758E+02,0.1641E+02,0.9996493,0.0238198,0.0115753
T,376,1,0.1193790E+06,2001019E-03,-0.3036E+02,0.4094E+01,0.9997173,-0.0237644,-0.0008056
T,377,1,0.1183044E+06,2000829E-03,0.1988E+02,0.2935E+02,0.9996321,0.0007903,0.0271127
T,378,1,0.1195868E+06,2001240E-03,0.3648E+01,0.6663E+01,0.9999638,0.0059501,0.0060783
T,379,1,0.1184313E+06,2001267E-03,-0.3712E+01,0.3743E+01,0.9999985,-0.0014833,0.0009329
T,380,1,0.1191889E+06,2002040E-03,-0.1375E+02,0.7293E+02,0.9987420,-0.0164577,0.0473658
T,381,1,0.1184738E+06,2000998E-03,0.1483E+02,0.2478E+02,0.9999141,0.0048783,0.0121632
T,382,1,0.1189749E+06,2001039E-03,-0.7589E+02,0.1437E+03,0.9961511,-0.0359376,0.0799470
T,383,1,0.1189494E+06,2001032E-03,-0.1860E+02,0.1665E+02,0.9998836,-0.0139822,0.0061135
T,384,1,0.1176545E+06,2001141E-03,-0.1053E+01,-0.2103E+02,0.9999146,0.0072449,-0.0108787
T,385,1,0.1186585E+06,2001209E-03,0.7277E+01,-0.9887E+01,0.9998341,0.0179107,-0.0033278
T,386,1,0.1204781E+06,2001190E-03,-0.1547E+02,0.6277E+01,0.9999005,-0.0124370,0.0066549
T,387,1,0.1195186E+06,2001497E-03,0.2103E+01,0.1199E+03,0.9970417,0.0056624,0.0766532
T,388,1,0.1192699E+06,2000542E-03,0.3120E+02,-0.4125E+01,0.9987636,0.0475309,-0.0145599
T,389,1,0.1190711E+06,2001485E-03,-0.6309E+02,-0.5652E+02,0.9982689,-0.0474714,-0.0347232
T,390,1,0.1208789E+06,2000473E-03,-0.4849E+00,0.4588E+02,0.9990749,0.0035880,0.0428550
T,391,1,0.1203701E+06,2001042E-03,0.7795E+00,0.1513E+02,0.9997197,0.0062254,0.0228400
T,392,1,0.1190592E+06,2002212E-03,0.5434E+02,-0.4584E+02,0.9988996,0.0381504,-0.0272804
T,393,1,0.1188862E+06,2001177E-03,-0.1294E+02,0.7161E+00,0.9998423,-0.0172490,-0.0042320
T,394,1,0.1191387E+06,2000936E-03,-0.2702E+02,-0.1387E+02,0.9993087,-0.0321144,-0.0187284
T,395,1,0.1203294E+06,2001777E-03,-0.2436E+02,0.6840E+02,0.9984552,-0.0295960,0.0470242
T,396,1,0.1179367E+06,2001118E-03,-0.3041E+01,-0.2203E+02,0.9999786,-0.0023109,-0.0061169
T,397,1,0.1196683E+06,2000887E-03,-0.3978E+01,-0.6900E+00,0.9998859,0.0096074,-0.0116600
T,398,1,0.1191894E+06,2001090E-03,-0.1663E+02,0.1252E+02,0.9997725,-0.0103885,0.0186268
T,399,1,0.1197429E+06,2000950E-03,-0.6910E+01,-0.3016E+02,0.9994006,-0.0033613,-0.0344557
T,400,1,0.1183824E+06,2000959E-03,-0.2252E+02,-0.1126E+02,0.9999881,0.0035666,-0.0033372
T,401,1,0.1192120E+06,2001963E-03,0.8020E+02,-0.6256E+01,0.9993542,0.0211764,-0.0290294
T,402,1,0.1030002E+06,2000360E-03,0.1656E+04,-0.4166E+03,0.5805747,0.7916498,-0.1903251
T,403,1,0.1184978E+06,2000837E-03,0.3477E+02,-0.1950E+02,0.9995142,0.0251878,-0.0183585
T,404,1,0.1188795E+06,2000860E-03,0.3469E+02,-0.6381E+00,0.9993851,0.0349826,0.0023738
T,405,1,0.1190678E+06,2002052E-03,-0.2803E+02,-0.6105E+02,0.9987873,-0.0341223,-0.0354894
T,406,1,0.1196012E+06,2001991E-03,-0.1531E+02,-0.5311E+02,0.9976983,-0.0267214,-0.0623218
T,407,1,0.1188448E+06,2002174E-03,-0.2641E+02,-0.5936E+02,0.9990809,-0.0071768,-0.0422601
T,408,1,0.1188075E+06,2000191E-03,0.5594E+02,-0.2988E+02,0.9991445,0.0326539,-0.0253756
T,409,1,0.1184636E+06,2000607E-03,-0.2669E+02,0.2847E+02,0.9995667,-0.0217513,0.0198296
T,410,1,0.1184538E+06,2000650E-03,-0.9282E+02,0.2989E+02,0.9983272,-0.0547475,0.0185878
T,411,1,0.1202101E+06,2002232E-03,-0.6152E+02,-0.1067E+03,0.9974392,-0.0305754,-0.0646543
T,412,1,0.1198464E+06,2001171E-03,-0.3071E+01,-0.1885E+02,0.9999378,0.0049493,-0.0099979
T,413,1,0.1186670E+06,2000986E-03,-0.9286E+02,0.4165E+02,0.9992221,-0.0384197,0.0088989
T,414,1,0.1182393E+06,2001121E-03,-0.1692E+02,-0.8985E+01,0.9999936,-0.0030415,-0.0018893
T,415,1,0.1197476E+06,2002113E-03,0.5706E+02,-0.4569E+02,0.9996399,0.0087890,-0.0253549
T,416,1,0.1181833E+06,2001011E-03,-0.4226E+01,0.2765E+02,0.9997595,0.0034409,0.0216601
T,417,1,0.1194436E+06,2001098E-03,-0.5972E+01,0.2022E+02,0.9997879,-0.0162886,0.0126036
T,418,1,0.1188036E+06,2000800E-03,-0.2172E+02,-0.3561E+02,0.9995049,-0.0125384,-0.0288572
T,419,1,0.1192812E+06,2000622E-03,-0.1730E+02,0.2343E+02,0.9992953,-0.0149774,0.0344173
T,420,1,0.1184883E+06,2000875E-03,0.2313E+02,0.2207E+02,0.9994177,0.0198237,0.0277707
T,421,1,0.1198653E+06,2001210E-03,0.8954E+01,0.1062E+02,0.9999979,0.0012386,0.0016285
T,422,1,0.1186737E+06,2002094E-03,0.3037E+02,0.3678E+02,0.9971305,0.0307830,0.0691603
T,423,1,0.1196422E+06,2000862E-03,-0.9649E+02,0.8025E+02,0.9888385,-0.1083043,0.1023160
T,424,1,0.1191201E+06,2002146E-03,-0.3451E+02,-0.6226E+02,0.9934031,-0.0590477,-0.0983041
T,425,1,0.1189702E+06,2000081E-03,-0.1379E+01,-0.6111E+02,0.9989929,-0.0075402,-0.0442307
T,426,1,0.1185304E+06,2001176E-03,-0.4183E+01,0.1621E+02,0.9999396,0.0042082,0.0101510
T,427,1,0.1183396E+06,2001209E-03,0.6034E+01,0.1117E+02,0.9996811,0.0059959,0.0245308
T,428,1,0.1185401E+06,2001009E-03,0.1314E+02,-0.2573E+02,0.9999403,0.0070346,-0.0083637
T,429,1,0.1187428E+06,2000634E-03,0.1060E+02,0.4223E+02,0.9995819,0.0190890,0.0217169
T,430,1,0.1200270E+06,2002040E-03,-0.5852E+02,-0.4090E+02,0.9991545,-0.0360542,-0.0197559
T,431,1,0.1195347E+06,2001231E-03,-0.2078E+01,0.1293E+02,0.9999506,0.0099029,0.0008128
T,432,1,0.1188797E+06,2001210E-03,-0.1074E+02,0.5846E+00,0.9973143,-0.0630451,0.0372752
T,433,1,0.1183129E+06,2001895E-03,0.1340E+03,0.6584E+02,0.9937570,0.1027386,0.0434956
T,434,1,0.1205598E+06,2000590E-03,0.4500E+02,-0.1175E+02,0.9988234,0.0484948,-0.0000577
T,435,1,0.1197034E+06,2001141E-03,0.1745E+02,-0.2279E+01,0.9998638,0.0150760,-0.0067176
T,436,1,0.1187532E+06,2000662E-03,-0.3830E+02,-0.2236E+02,0.9995684,-0.0240479,-0.0168744
T,437,1,0.1191359E+06,2002059E-03,0.4177E+02,-0.6267E+02,0.9990527,0.0174867,-0.0398478
T,438,1,0.1199644E+06,2000867E-03,0.1781E+02,-0.3406E+02,0.9998472,0.0099506,-0.0143721
T,439,1,0.1186601E+06,2000915E-03,-0.1222E+02,-0.3483E+02,0.9997779,-0.0123668,-0.0170640
T,440,1,0.1194311E+06,2001162E-03,0.3016E+01,0.1837E+02,0.9998995,-0.0026377,0.0139291
T,441,1,0.1196737E+06,2001206E-03,-0.1237E+02,0.2097E+01,0.9998635,-0.0161492,0.0034860
T,442,1,0.1198769E+06,2002093E-03,-0.5557E+02,0.2323E+02,0.9983509,-0.0524773,0.0232732
T,443,1,0.1194151E+06,2001641E-03,-0.6685E+02,-0.4456E+02,0.9988790,-0.0354960,-0.0313187
T,444,1,0.1195462E+06,2000886E-03,-0.9246E+01,-0.3246E+02,0.9999226,0.0004281,-0.0124315
T,445,1,0.1189495E+06,2000077E-03,0.4106E+02,0.4263E+02,0.9983696,0.0333784,0.0463036
T,446,1,0.1190019E+06,2000475E-03,-0.5170E+02,-0.6435E+01,0.9990359,-0.0436770,-0.0044181
T,447,1,0.1183615E+06,2000944E-03,-0.2094E+02,0.2753E+02,0.9997184,-0.0217944,0.0093875
T,448,1,0.1193379E+06,2001084E-03,0.6004E+02,-0.6726E+02,0.9990557,0.0403081,-0.0162175
T,449,1,0.1191234E+06,2001095E-03,0.1445E+02,-0.1396E+02,0.9997459,0.0116637,-0.0192894
T,450,1,0.1191033E+06,2001204E-03,0.1222E+02,0.4754E+01,0.9999157,0.0113102,-0.0063718
T,451,1,0.1196760E+06,2001174E-03,0.2426E+01,-0.1790E+02,0.9999567,-0.0052387,-0.0076904
T,452,1,0.1196751E+06,2002082E-03,0.4093E+02,-0.2787E+02,0.9984278,0.0528712,-0.0186169
T,453,1,0.1188906E+06,2001086E-03,-0.1307E+02,-0.1809E+02,0.9998036,-0.0075676,-0.0183167
T,454,1,0.1186357E+06,2001195E-03,-0.1571E+02,-0.2155E+01,0.9999426,-0.0107015,-0.0005088
T,455,1,0.1194146E+06,2001112E-03,-0.6152E+01,0.1864E+02,0.9999550,-0.0085800,0.0040591
T,456,1,0.1198551E+06,2001929E-03,0.6052E+02,0.4911E+02,0.9992831,0.0193605,0.0325336
T,457,1,0.1190776E+06,2000645E-03,0.7511E+01,0.4012E+02,0.9994248,0.0062949,0.0333222
T,458,1,0.1183571E+06,2000141E-03,-0.5371E+02,0.3572E+02,0.9988821,-0.0265535,0.0391080
T,459,1,0.1210263E+06,2001684E-03,0.3951E+02,0.5987E+02,0.9990950,0.0360953,0.0224996
T,460,1,0.1204158E+06,2001152E-03,-0.5979E+01,-0.1901E+02,0.9998362,-0.0018162,-0.0180088
T,461,1,0.1198860E+06,2000035E-03,0.3370E+02,-0.3604E+02,0.9991221,0.0186753,-0.0374989
T,462,1,0.1195063E+06,2000462E-03,-0.2063E+02,-0.4812E+02,0.9999315,0.0093220,-0.0070780
T,463,1,0.1187274E+06,2001109E-03,-0.5703E+01,0.1821E+02,0.9997564,-0.0043044,0.0216476
T,464,1,0.1202827E+06,2000820E-03,-0.1624E+02,0.1566E+02,0.9991278,-0.0396274,0.0131659
T,465,1,0.1184303E+06,2000962E-03,-0.2187E+02,0.2217E+02,0.9995443,-0.0204106,0.0222408
T,466,1,0.1192383E+06,2000515E-03,-0.3273E+02,0.1007E+02,0.9983363,-0.0567042,-0.0104567
T,467,1,0.1191771E+06,2001161E-03,-0.1018E+01,0.1813E+02,0.9999041,0.0120671,0.0068007
T,468,1,0.1200907E+06,2000296E-03,-0.1336E+03,-0.6136E+02,0.9958759,-0.0814987,-0.0398640
T,469,1,0.1189732E+06,2000761E-03,0.3186E+02,-0.2670E+02,0.9996068,0.0222383,-0.0170793
T,470,1,0.1194600E+06,2000513E-03,-0.4124E+02,0.1617E+02,0.9993280,-0.0330746,0.0157981
T,471,1,0.1181221E+06,2001122E-03,-0.9232E+02,-0.1249E+02,0.9981213,-0.0601287,-0.0117630
T,472,1,0.1192003E+06,2000944E-03,0.5974E+01,-0.3289E+02,0.9998586,-0.0045836,-0.0161798
T,473,1,0.1185730E+06,2001261E-03,-0.3853E+01,-0.8665E+02,0.9983898,0.0072206,-0.0562634
T,474,1,0.1189015E+06,2000786E-03,-0.3381E+02,0.1059E+02,0.9996100,-0.0252827,0.0118620
T,475,1,0.1192852E+06,2000686E-03,-0.3527E+02,0.2642E+02,0.9994494,-0.0270518,0.0192097
T,476,1,0.1199633E+06,2000498E-03,-0.4552E+01,0.5186E+02,0.9990733,0.0005124,0.0430379
T,477,1,0.1194226E+06,2000808E-03,0.2472E+02,0.2781E+02,0.9995339,0.0146475,0.0267842
T,478,1,0.1186469E+06,2000524E-03,0.4343E+02,-0.2365E+02,0.9995362,0.0261804,-0.0155572
T,479,1,0.1203301E+06,2000960E-03,-0.2211E+02,-0.1931E+02,0.9998785,-0.0094390,-0.0124040
T,480,1,0.1193687E+06,2001533E-03,-0.1273E+03,0.1628E+02,0.9980840,-0.0562412,0.0257929
T,481,1,0.1205499E+06,2001159E-03,-0.8105E+01,0.1767E+01,0.9997283,-0.0220710,0.0074899
T,482,1,0.1204737E+06,2000876E-03,0.2738E+01,-0.3432E+02,0.9992819,0.0065096,-0.0373263
T,483,1,0.1190706E+06,2001155E-03,-0.1022E+02,-0.7311E+01,0.9999574,0.0018912,-0.0090369
T,484,1,0.1197938E+06,2001120E-03,-0.2169E+02,-0.9240E+01,0.9997217,-0.0194721,-0.0133204
T,485,1,0.1189788E+06,2000419E-03,0.4740E+02,0.1806E+02,0.9994783,0.0224295,0.0232397
T,486,1,0.1194904E+06,2001241E-03,0.3224E+01,0.8780E+01,0.9999767,-0.0002816,0.0068221
T,487,1,0.1183265E+06,2001215E-03,-0.1339E+02,-0.2752E+01,0.9999771,-0.0054564,0.0040125
T,488,1,0.1187792E+06,2001372E-03,-0.4352E+02,0.5903E+02,0.9977483,-0.0473281,0.0475218
T,489,1,0.1201663E+06,2001236E-03,0.1714E+01,0.8679E+01,0.9999577,0.0062721,0.0067207
T,490,1,0.1192764E+06,2001065E-03,-0.1763E+02,0.1804E+02,0.9999733,-0.0073075,0.0001356
T,491,1,0.1202322E+06,2000166E-03,0.3742E+02,-0.4741E+02,0.9987029,0.0201310,-0.0467675
T,492,1,0.1194043E+06,2001054E-03,0.2014E+01,-0.1962E+02,0.9999578,0.0090142,0.0017472
T,493,1,0.1195167E+06,2001138E-03,0.2599E+01,-0.1590E+02,0.9995685,0.0124403,-0.0266106
T,494,1,0.1195686E+06,2000954E-03,0.2757E+02,-0.1998E+02,0.9998729,0.0120785,-0.0104077
T,495,1,0.1208003E+06,2000649E-03,-0.4614E+02,-0.8445E+01,0.9995351,-0.0304870,-0.0003932
T,496,1,0.1178315E+06,2000018E-03,-0.5803E+02,-0.3149E+02,0.9988545,-0.0400524,-0.0261832
T,497,1,0.1194890E+06,2000929E-03,-0.2613E+02,0.2121E+02,0.9998681,-0.0134842,0.0090566
T,498,1,0.1189811E+06,2002039E-03,0.2218E+02,-0.4062E+02,0.9977996,0.0560138,-0.0354745
T,499,1,0.1198592E+06,2000815E-03,0.2720E+02,-0.3016E+02,0.9997066,0.0129751,-0.0204544
T,500,1,0.1204859E+06,2001206E-03,0.8524E+01,0.2044E+01,0.9999835,0.0056469,0.0010175
T,501,1,0.1186694E+06,2000890E-03,-0.2881E+02,-0.1478E+02,0.9998878,-0.0113791,-0.0097458
T,502,1,0.1193098E+06,2001214E-03,-0.4860E+01,-0.1129E+01,0.9999601,-0.0022128,0.0086580
T,503,1,0.1188178E+06,2000859E-03,-0.3067E+02,-0.1527E+02,0.9995740,-0.0276659,-0.0092960
T,504,1,0.1192730E+06,2000535E-03,0.2965E+02,0.3151E+02,0.9995058,0.0283168,0.0136507
T,505,1,0.1188691E+06,2001706E-03,0.4868E+02,0.5893E+02,0.9985319,0.0416954,0.0345775
T,506,1,0.1191806E+06,2001215E-03,-0.7761E+01,0.3239E+01,0.9999721,-0.0007687,-0.0074253
T,507,1,0.1191246E+06,2001237E-03,-0.6441E+00,-0.7156E+00,0.9999574,-0.0009694,-0.0091797
T,508,1,0.1199094E+06,2001065E-03,0.2517E+02,-0.1940E+01,0.9999701,0.0066973,0.0038623
T,509,1,0.1186284E+06,2000870E-03,0.1343E+03,0.1552E+03,0.9940029,0.0757920,0.0788279
T,510,1,0.1189786E+06,2000391E-03,-0.3017E+02,-0.3165E+02,0.9986209,-0.0524831,0.0013441
T,511,1,0.1195940E+06,2001159E-03,-0.9581E+01,0.1371E+01,0.9998999,0.0020225,0.0140037
T,512,1,0.1185533E+06,2002248E-03,0.4803E+02,0.2692E+02,0.9987332,0.0483038,-0.0140993
T,513,1,0.1187281E+06,2001042E-03,-0.1206E+02,0.2624E+02,0.9998013,-0.0108408,0.0167273
T,514,1,0.1179208E+06,2001118E-03,0.1333E+02,0.1056E+01,0.9997333,-0.0078259,0.0217287
T,515,1,0.1192932E+06,2001188E-03,-0.1076E+02,-0.4863E+00,0.9996971,-0.0163262,0.0184172
T,516,1,0.1186379E+06,2000913E-03,0.1632E+02,-0.3230E+02,0.9995814,0.0146851,-0.0249263
T,517,1,0.1198678E+06,2001188E-03,0.1260E+02,0.1021E+02,0.9999769,-0.0025989,0.0062844
T,518,1,0.1191741E+06,2000849E-03,0.3755E+01,-0.3874E+02,0.9998080,-0.0013126,-0.0195505
T,519,1,0.1184341E+06,2000486E-03,-0.4923E+02,-0.1204E+02,0.9990013,-0.0421021,-0.0149580
T,520,1,0.1178580E+06,2000043E-03,0.5119E+02,0.2341E+02,0.9984288,0.0527206,0.0189864
T,521,1,0.1184171E+06,2001176E-03,-0.3971E+01,0.1153E+02,0.9998836,-0.0103235,0.0112321
T,522,1,0.1185281E+06,2000973E-03,0.7935E+01,-0.2914E+02,0.9995897,0.0075207,-0.0276394
T,523,1,0.1194479E+06,2001125E-03,-0.9991E+00,0.1579E+02,0.9997315,-0.0041311,0.0228006
T,524,1,0.1196158E+06,2000556E-03,0.4405E+02,0.2041E+02,0.9993632,0.0321773,0.0154239
T,525,1,0.1189971E+06,2000501E-03,0.1221E+02,0.4325E+02,0.9992211,0.0197220,0.0341782
T,526,1,0.1182764E+06,2001106E-03,0.5506E+01,-0.2033E+02,0.9999139,0.0021854,-0.0129390
T,527,1,0.1179304E+06,2001211E-03,0.4275E+01,-0.1256E+02,0.9999519,0.0028912,-0.0093713
T,528,1,0.1182650E+06,2000444E-03,0.4800E+02,-0.2013E+02,0.9998772,0.0156638,0.0004137
T,529,1,0.1196272E+06,2000747E-03,-0.3916E+02,-0.4524E+01,0.9991601,-0.0407132,0.0046477
T,530,1,0.1188324E+06,2000590E-03,-0.4888E+02,-0.6647E+01,0.9999843,-0.0035429,0.0043496
T,531,1,0.1183360E+06,2000953E-03,0.5256E+02,0.7394E+02,0.9978149,0.0453230,0.0480761
T,532,1,0.1191569E+06,2000848E-03,0.9878E+01,0.7707E+02,0.9966119,0.0252738,0.0782682
T,533,1,0.1185233E+06,2000796E-03,0.2958E+02,-0.8242E+01,0.9998204,-0.0080666,0.0171500
T,534,1,0.1191238E+06,2001172E-03,-0.8431E+01,0.9063E+01,0.9999352,-0.0113617,0.0007334
T,535,1,0.1194937E+06,2001209E-03,-0.1595E+02,0.3464E+01,0.9999867,-0.0048925,0.0016573
T,536,1,0.1198552E+06,2001089E-03,-0.4161E+01,0.2574E+02,0.9997642,-0.0061939,0.0208124
T,537,1,0.1186954E+06,2000995E-03,0.1514E+02,-0.2146E+03,0.9945813,0.0104532,-0.1034349
T,538,1,0.1192140E+06,2001072E-03,-0.4400E+01,0.2150E+02,0.9996761,-0.0158484,-0.0199124
T,539,1,0.1193745E+06,2001976E-03,0.6701E+02,0.1523E+02,0.9985946,0.0529597,0.0020364
T,540,1,0.1177112E+06,2001023E-03,0.2455E+02,0.4632E+01,0.9999932,-0.0025269,-0.0026738
T,541,1,0.1194072E+06,2002061E-03,0.4597E+02,0.3032E+02,0.9975868,0.0536496,0.0440720
T,542,1,0.1179097E+06,2001106E-03,0.7926E+00,-0.1770E+02,0.9995310,0.0071796,-0.0297681
T,543,1,0.1185434E+06,2002237E-03,-0.2764E+02,0.4085E+02,0.9989029,-0.0113307,0.0454381
T,544,1,0.1194265E+06,2000618E-03,0.3694E+02,-0.2975E+02,0.9995270,0.0195791,-0.0237145
T,545,1,0.1181993E+06,2000779E-03,-0.2445E+02,0.3352E+02,0.9946553,-0.0987366,0.0301970
T,546,1,0.1200875E+06,2000891E-03,-0.2640E+02,0.2290E+02,0.9994698,-0.0269775,0.0182312
T,547,1,0.1198134E+06,2001006E-03,0.2820E+02,-0.1291E+02,0.9998314,0.0113772,-0.0144153
T,548,1,0.1199856E+06,2001014E-03,-0.1924E+02,-0.9434E+00,0.9998551,-0.0143269,0.0091934
T,549,1,0.1191728E+06,2001967E-03,-0.5929E+02,0.4445E+02,0.9988028,-0.0396585,0.0286378
T,550,1,0.1197516E+06,2001026E-03,-0.2292E+02,0.8415E+01,0.9997675,-0.0192658,0.0096881
T,551,1,0.1193514E+06,2000705E-03,-0.3978E+02,0.6731E+00,0.9997313,-0.0219976,0.0073073
T,552,1,0.1200673E+06,2001151E-03,0.5676E+01,0.1262E+02,0.9996494,0.0040100,0.0261719
T,553,1,0.1191426E+06,2000984E-03,0.2575E+02,0.2764E+01,0.9991163,0.0251827,0.0336524
T,554,1,0.1198053E+06,2001169E-03,0.4935E+01,0.4896E+01,0.9997905,-0.0181807,0.0093983
T,555,1,0.1195299E+06,2000920E-03,-0.3326E+02,-0.9998E+01,0.9997185,-0.0216305,-0.0097504
T,556,1,0.1193467E+06,2001690E-03,-0.5926E+02,-0.2702E+01,0.9862564,-0.1481594,-0.0731237
T,557,1,0.1185888E+06,2000857E-03,-0.1986E+02,-0.3099E+02,0.9995993,-0.0147480,-0.0241593
T,558,1,0.1188573E+06,2000953E-03,-0.3623E+02,0.1195E+02,0.9820375,-0.1876938,-0.0193214
T,559,1,0.1201742E+06,2002008E-03,0.4140E+01,0.7137E+02,0.9988508,-0.0021295,0.0478799
T,560,1,0.1195063E+06,2001109E-03,-0.2240E+02,0.9522E+01,0.9999209,-0.0064567,0.0107909
T,561,1,0.1183805E+06,2000122E-03,0.3119E+02,-0.3202E+02,0.9974888,0.0579991,-0.0406467
T,562,1,0.1196697E+06,2001244E-03,-0.1222E+01,-0.6821E+01,0.9998272,-0.0181653,-0.0039465
T,563,1,0.1186499E+06,2000617E-03,0.5415E+01,0.3930E+02,0.9992759,-0.0071205,0.0373751
T,564,1,0.1191942E+06,2000293E-03,0.1863E+02,-0.5070E+02,0.9992888,-0.0029814,-0.0375901
T,565,1,0.1195891E+06,2000952E-03,-0.4363E+02,-0.7840E+02,0.9976304,-0.0373566,-0.0577768
T,566,1,0.1197019E+06,2001034E-03,0.5298E+01,-0.3749E+01,0.9999804,0.0056922,0.0025902
T,567,1,0.1194476E+06,2002093E-03,-0.2944E+02,-0.6323E+02,0.9989874,-0.0332576,-0.0302986
T,568,1,0.1201212E+06,2000760E-03,-0.3473E+02,-0.2274E+02,0.9996817,-0.0173870,-0.0182829
T,569,1,0.1203093E+06,2000787E-03,-0.3147E+02,-0.2019E+02,0.9996293,-0.0081037,-0.0259937
T,570,1,0.1201530E+06,2001154E-03,0.1233E+02,0.8819E+01,0.9999452,0.0084428,-0.0061860
T,571,1,0.1194374E+06,2001491E-03,-0.1139E+03,0.2714E+02,0.9963118,-0.0857702,0.0025091
T,572,1,0.1199431E+06,2001065E-03,-0.1339E+02,-0.6965E+01,0.9994676,-0.0323977,-0.0038585
T,573,1,0.1178911E+06,2001000E-03,0.2695E+02,-0.1287E+01,0.9995900,0.0286340,0.0001193
T,574,1,0.1185808E+06,2001620E-03,-0.1143E+03,0.5105E+02,0.9919197,-0.1237494,0.0279548
T,575,1,0.1192102E+06,2000029E-03,-0.1201E+03,0.2047E+02,0.9957047,-0.0922938,-0.0073521
T,576,1,0.1199417E+06,2000882E-03,-0.3267E+02,0.2140E+02,0.9996924,-0.0212329,0.0128192
T,577,1,0.1182267E+06,2001099E-03,-0.1834E+02,-0.5597E+01,0.9996381,-0.0264053,-0.0051385
T,578,1,0.1187002E+06,2001140E-03,0.1233E+02,-0.4585E+01,0.9998095,-0.0026027,0.0193464
T,579,1,0.1191122E+06,2000809E-03,0.2748E+02,-0.1437E+02,0.9991668,0.0373326,-0.0164911
T,580,1,0.1199976E+06,2001225E-03,-0.1344E+01,0.4035E+00,0.9999660,-0.0063905,0.0052103
T,581,1,0.1208786E+06,2000804E-03,0.1941E+02,0.1691E+02,0.9999143,0.0115508,-0.0061637
T,582,1,0.1206998E+06,2001032E-03,0.1449E+02,-0.2432E+02,0.9998300,0.0119428,-0.0140450
T,583,1,0.1188837E+06,2000610E-03,-0.1870E+02,0.4538E+02,0.9994448,-0.0058598,0.0327988
T,584,1,0.1189063E+06,2001255E-03,0.5119E+01,-0.4122E+01,0.9999978,-0.0020945,0.0002353
T,585,1,0.1200906E+06,2000989E-03,0.2159E+02,0.2090E+02,0.9999979,-0.0014530,-0.0014622
T,586,1,0.1189200E+06,2000890E-03,-0.3441E+01,0.3128E+02,0.9996631,0.0022065,0.0258616
T,587,1,0.1199023E+06,2000198E-03,0.4518E+02,0.2365E+02,0.9986729,0.0431792,0.0280700
T,588,1,0.1190420E+06,2001192E-03,-0.2958E+00,0.1453E+02,0.9999885,0.0047770,0.0002959
T,589,1,0.1189757E+06,2000316E-03,0.4335E+02,0.2320E+02,0.9992275,0.0349633,0.0179415
T,590,1,0.1199425E+06,2001112E-03,0.1285E+02,-0.1549E+02,0.9999550,-0.0094231,-0.0010728
T,591,1,0.1185694E+06,2001817E-03,-0.5329E+02,0.1042E+03,0.9970941,-0.0095204,0.0755820
T,592,1,0.1186676E+06,2000966E-03,0.6852E+01,-0.2825E+02,0.9999621,0.0075493,-0.0043381
T,593,1,0.1199624E+06,2000682E-03,0.3036E+02,-0.2218E+02,0.9991951,0.0372792,-0.0148141
T,594,1,0.1194186E+06,2000821E-03,-0.4273E+01,-0.3783E+02,0.9995310,-0.0108129,-0.0286497
T,595,1,0.1197701E+06,2001136E-03,0.1828E+02,-0.5820E+01,0.9998591,0.0159496,-0.0052356
T,596,1,0.1197924E+06,2001247E-03,0.2892E+01,-0.1890E+01,0.9997363,0.0048092,-0.0224536
T,597,1,0.1185647E+06,2001155E-03,-0.1066E+02,0.9161E+00,0.9996961,-0.0185781,-0.0162013
T,598,1,0.1191189E+06,2001662E-03,0.6801E+02,-0.2966E+02,0.9987829,0.0471242,-0.0145607
T,599,1,0.1209826E+06,2001163E-03,-0.1473E+02,0.9265E+01,0.9996941,-0.0215914,0.0120631
T,600,1,0.1190269E+06,2001053E-03,-0.2455E+02,0.5272E+01,0.9997392,-0.0221637,0.0055112
T,601,1,0.1197197E+06,2000479E-03,-0.7548E+02,0.6135E+02,0.9982054,-0.0532338,0.0274253
T,602,1,0.1205975E+06,2000065E-03,0.3102E+02,-0.5467E+02,0.9986884,0.0236170,-0.0454281
T,603,1,0.1188328E+06,2000768E-03,0.3088E+02,0.1794E+02,0.9994448,0.0332417,0.0022359
T,604,1,0.1193353E+06,2000550E-03,-0.1431E+02,0.4606E+02,0.9990115,-0.0184914,0.0404236
T,605,1,0.1195732E+06,2001962E-03,-0.1247E+02,0.7274E+02,0.9988272,-0.0101250,0.0473462
T,606,1,0.1185344E+06,2001065E-03,0.1662E+02,0.1867E+02,0.9994926,0.0078117,0.0308796
T,607,1,0.1187728E+06,2001178E-03,0.5269E+01,-0.9567E+01,0.9999235,0.0110500,0.0055535
T,608,1,0.1187103E+06,2000465E-03,-0.2162E+02,0.2287E+02,0.9995958,0.0086477,0.0270826
T,609,1,0.1208911E+06,2001175E-03,0.1711E+02,-0.6559E+00,0.9997539,0.0221719,-0.0006741
T,610,1,0.1185881E+06,2000237E-03,-0.5058E+02,0.2140E+02,0.9988320,-0.0427896,0.0224432
T,611,1,0.1187146E+06,2001054E-03,0.2544E+02,-0.5035E+00,0.9999919,0.0013043,0.0037969
T,612,1,0.1192495E+06,2000246E-03,0.4928E+02,0.6569E+01,0.9989522,0.0301060,0.0344699
T,613,1,0.1184649E+06,2000403E-03,-0.4956E+02,-0.1860E+02,0.9995427,-0.0284599,-0.0102207
T,614,1,0.1193612E+06,2001144E-03,-0.1465E+02,0.8385E+01,0.9997934,-0.0195800,0.0054614
T,615,1,0.1190471E+06,2000222E-03,0.1143E+02,0.5731E+02,0.9992844,0.0042141,0.0375882
T,616,1,0.1196461E+06,2000876E-03,0.2544E+02,-0.1728E+02,0.9996344,0.0260363,0.0072968
T,617,1,0.1194402E+06,2000068E-03,-0.3764E+02,0.4928E+02,0.9993399,-0.0190635,0.0309253
T,618,1,0.1179606E+06,2000970E-03,-0.9522E+01,0.2770E+02,0.9995621,-0.0041991,0.0292917
T,619,1,0.1196869E+06,2001101E-03,-0.7053E+01,0.2287E+02,0.9998280,-0.0183271,0.0028397
T,620,1,0.1198559E+06,2000892E-03,0.2663E+02,0.1421E+02,0.9996492,0.0205002,0.0167693
T,621,1,0.1196159E+06,2001174E-03,-0.1800E+02,-0.6344E+01,0.9999635,-0.0061319,-0.0059578
T,622,1,0.1190326E+06,2000790E-03,-0.2542E+02,0.3278E+02,0.9997043,-0.0090962,0.0225532
T,623,1,0.1189446E+06,2001130E-03,0.2027E+02,0.4666E+01,0.9998428,0.0176515,-0.0016532
T,624,1,0.1186114E+06,2000329E-03,-0.2447E+02,0.8986E+02,0.9972134,-0.0243288,0.0705239
T,625,1,0.1196562E+06,2000635E-03,-0.2119E+02,0.3928E+02,0.9992849,-0.0327014,0.0189809
T,626,1,0.1196338E+06,2001153E-03,-0.1360E+02,0.5750E+01,0.9999595,0.0061150,0.0066065
T,627,1,0.1189340E+06,2000210E-03,0.6168E+02,-0.1242E+02,0.9994649,0.0291948,-0.0147510
T,628,1,0.1200985E+06,2001931E-03,-0.4125E+02,0.5659E+02,0.9996442,-0.0191013,0.0186179
T,629,1,0.1197387E+06,2000693E-03,0.4173E+02,-0.8651E+01,0.9995227,0.0267129,-0.0155200
T,630,1,0.1190752E+06,2000506E-03,0.4548E+02,-0.2335E+02,0.9991803,0.0370137,-0.0163908
T,631,1,0.1199355E+06,2001209E-03,-0.1547E+01,0.8252E+01,0.9997169,0.0125874,0.0201886
T,632,1,0.1193914E+06,2001185E-03,0.4521E+01,0.6310E+01,0.9999384,0.0093318,-0.0060121
T,633,1,0.1190499E+06,2000962E-03,0.2067E+02,-0.4840E+01,0.9998919,-0.0027840,-0.0144358
T,634,1,0.1193068E+06,2000808E-03,0.2810E+02,-0.2179E+02,0.9995898,0.0245226,-0.0147921
T,635,1,0.1181828E+06,2000785E-03,0.1063E+02,-0.3853E+02,0.9990647,0.0197612,-0.0384616
T,636,1,0.1189886E+06,2000921E-03,-0.7355E+01,-0.3042E+02,0.9995083,0.0150710,-0.0274970
T,637,1,0.1199542E+06,2001131E-03,0.2243E+02,-0.6779E-01,0.9999847,-0.0015301,0.0053128
T,638,1,0.1186731E+06,2000707E-03,0.2268E+02,0.2106E+02,0.9995050,0.0198258,0.0244291
T,639,1,0.1191790E+06,2000973E-03,-0.2499E+01,0.2994E+02,0.9994902,0.0152897,0.0280285
T,640,1,0.1189123E+06,2001084E-03,0.2259E+02,-0.6647E+01,0.9997544,0.0219722,0.0028761
T,641,1,0.1207978E+06,2000686E-03,-0.2815E+02,0.1673E+02,0.9992898,-0.0239088,0.0291257
T,642,1,0.1189457E+06,2000665E-03,0.1327E+02,0.4036E+02,0.9989675,0.0109243,0.0440985
T,643,1,0.1187586E+06,2000461E-03,0.3721E+02,0.3411E+02,0.9989669,0.0162736,0.0424291
T,644,1,0.1190834E+06,2000887E-03,-0.7222E+01,0.4373E+01,0.9992476,-0.0315722,-0.0225249
T,645,1,0.1199558E+06,2000134E-03,-0.5023E+02,-0.3824E+02,0.9995795,-0.0247751,-0.0150639
T,646,1,0.1193815E+06,2002097E-03,0.4546E+02,-0.5536E+02,0.9986592,0.0227210,-0.0465137
T,647,1,0.1190769E+06,2000861E-03,-0.2331E+02,-0.2899E+02,0.9997325,-0.0189511,-0.0132613
T,648,1,0.1190360E+06,2001018E-03,0.1220E+01,0.2772E+02,0.9997291,0.0045520,0.0228262
T,649,1,0.1198538E+06,2001082E-03,0.2109E+02,-0.7477E+01,0.9999321,0.0109623,-0.0039600
T,650,1,0.1189266E+06,2000689E-03,-0.4839E+01,0.3866E+02,0.9999326,0.0070383,0.0092319
T,651,1,0.1189209E+06,2001045E-03,-0.1733E+02,-0.1322E+02,0.9998285,-0.0123739,0.0137766
T,652,1,0.1192362E+06,2000377E-03,0.2254E+02,-0.2075E+02,0.9996953,0.0126473,0.0211968
T,653,1,0.1197606E+06,2000528E-03,-0.3876E+02,-0.3373E+02,0.9993272,-0.0315360,-0.0187277
T,654,1,0.1176211E+06,2001214E-03,-0.9569E+01,0.1170E+02,0.9999414,-0.0076048,0.0077069
T,655,1,0.1193342E+06,2001027E-03,-0.2880E+02,-0.1005E+02,0.9998769,-0.0138811,-0.0073170
T,656,1,0.1199119E+06,2001193E-03,0.1362E+02,0.6926E+01,0.9999562,0.0090100,0.0025387
T,657,1,0.1194503E+06,2000921E-03,0.1030E+02,-0.2814E+02,0.9995490,0.0125595,-0.0272775
T,658,1,0.1185345E+06,2000871E-03,-0.3182E+02,-0.1305E+02,0.9994343,-0.0308349,-0.0134302
T,659,1,0.1184157E+06,2000835E-03,-0.3190E+02,-0.1253E+02,0.9996433,-0.0251697,-0.0089346
T,660,1,0.1202931E+06,2000426E-03,0.1416E+03,-0.8971E+02,0.9971931,0.0730867,-0.0162561
T,661,1,0.1189410E+06,2001059E-03,-0.1172E+02,0.1775E+02,0.9997109,0.0051380,0.0234899
T,662,1,0.1196007E+06,2000847E-03,0.2931E+02,0.1027E+02,0.9999013,-0.0126077,-0.0062070
T,663,1,0.1189611E+06,2001139E-03,0.6681E+01,-0.1694E+02,0.9998578,0.0083114,-0.0146718
T,664,1,0.1195918E+06,2001144E-03,0.1373E+02,-0.1500E+02,0.9998422,0.0154992,-0.0086854
T,665,1,0.1182859E+06,2002188E-03,-0.2673E+02,-0.5108E+01,0.9992991,-0.0364683,-0.0084533
T,666,1,0.1181300E+06,2001161E-03,-0.9448E+01,-0.1151E+02,0.9999774,-0.0037462,-0.0055847
T,667,1,0.1202152E+06,2001210E-03,0.3786E+01,0.1045E+02,0.9999658,0.0082517,-0.0005068
T,668,1,0.1201584E+06,2001023E-03,0.1289E+02,0.1639E+02,0.9998969,0.0102862,0.0100146
T,669,1,0.1204963E+06,2000900E-03,0.3634E+02,-0.5937E+01,0.9999338,0.0090374,0.0071233
T,670,1,0.1193433E+06,2001066E-03,-0.1824E+02,0.1622E+02,0.9998652,0.0040424,0.0159163
T,671,1,0.1203240E+06,2000883E-03,-0.2346E+01,0.3421E+02,0.9994501,0.0006365,0.0331528
T,672,1,0.1184070E+06,2000457E-03,-0.1059E+03,-0.3444E+02,0.9978692,-0.0630936,-0.0166217
T,673,1,0.1197156E+06,2001783E-03,0.5286E+02,-0.5260E+01,0.9973222,0.0727397,-0.0075756
T,674,1,0.1199834E+06,2000024E-03,0.3363E+02,0.2212E+02,0.9974454,0.0661601,0.0269371
T,675,1,0.1182090E+06,2002145E-03,0.6417E+02,0.1578E+01,0.9991091,0.0421952,0.0008207
T,676,1,0.1192099E+06,2001082E-03,-0.1231E+03,-0.1338E+03,0.9933027,-0.0826181,-0.0807717
T,677,1,0.1207931E+06,2000945E-03,0.1979E+02,-0.1678E+02,0.9997409,0.0189193,-0.0126604
T,678,1,0.1190229E+06,2001190E-03,0.9519E+01,0.1215E+02,0.9999428,0.0058981,-0.0089204
T,679,1,0.1179429E+06,2000031E-03,-0.8474E+01,-0.5771E+02,0.9985926,-0.0025626,-0.0529738
T,680,1,0.1191618E+06,2001225E-03,-0.7609E+02,-0.1579E+02,0.9987517,-0.0414073,-0.0279356
T,681,1,0.1181808E+06,2000602E-03,-0.1463E+02,0.4726E+02,0.9996051,0.0078890,0.0269703
T,682,1,0.1198602E+06,2000962E-03,0.2120E+02,-0.1112E+02,0.9992365,0.0349114,-0.0175373
T,683,1,0.1190044E+06,2000875E-03,-0.1291E+02,0.2772E+02,0.9996499,-0.0025938,0.0263325
T,684,1,0.1199046E+06,2001142E-03,-0.1215E+02,0.1166E+02,0.9998212,-0.0154090,0.0109577
T,685,1,0.1197081E+06,2000788E-03,-0.3630E+01,-0.3610E+02,0.9996082,-0.0201187,-0.0194591
T,686,1,0.1195419E+06,2001068E-03,-0.2463E+02,-0.9899E+01,0.9998806,-0.0125337,-0.0090379
T,687,1,0.1197452E+06,2000434E-03,0.2111E+02,-0.2950E+02,0.9994819,0.0219053,-0.0235830
T,688,1,0.1192978E+06,2000953E-03,-0.6175E+01,-0.2931E+02,0.9994482,-0.0208682,-0.0258405
T,689,1,0.1182070E+06,2000161E-03,0.5226E+02,-0.2649E+01,0.9997147,-0.0122199,-0.0205225
T,690,1,0.1193164E+06,2000860E-03,0.4899E+01,-0.2225E+02,0.9993035,-0.0264861,-0.0262857
T,691,1,0.1187180E+06,2000765E-03,0.3608E+02,-0.1340E+02,0.9994393,0.0333803,0.0026297
T,692,1,0.1162581E+06,2001757E-03,-0.5512E+02,0.5016E+03,0.9198772,-0.0358107,0.3905683
T,693,1,0.1204328E+06,2000843E-03,-0.1489E+02,0.3624E+02,0.9996161,-0.0154398,0.0230046
T,694,1,0.1196765E+06,2000988E-03,0.2273E+02,0.8885E+02,0.9986802,0.0067500,0.0509149
T,695,1,0.1198131E+06,2001059E-03,-0.1077E+01,0.2631E+02,0.9995626,-0.0064788,0.0288557
T,696,1,0.1194949E+06,2000771E-03,-0.9917E+00,-0.4025E+02,0.9994663,-0.0071954,-0.0318638
T,697,1,0.1200497E+06,2000702E-03,0.4276E+02,-0.2358E+01,0.9991334,0.0399229,0.0117700
T,698,1,0.1197062E+06,2001077E-03,-0.1625E+02,-0.2142E+02,0.9999280,-0.0097751,-0.0069642
T,699,1,0.1190669E+06,2000901E-03,0.3295E+02,0.6106E+01,0.9994556,0.0315095,0.0097829
T,700,1,0.1192633E+06,2000292E-03,-0.1147E+02,0.1426E+03,0.9973758,-0.0191693,0.0698146
T,701,1,0.1193366E+06,2001148E-03,0.7806E+01,-0.1669E+02,0.9999580,0.0086508,-0.0030420
T,702,1,0.1190045E+06,2002018E-03,0.6362E+01,-0.7203E+02,0.9986985,0.0014810,-0.0509816
T,703,1,0.1201010E+06,2001133E-03,0.3973E+01,0.1863E+02,0.9999573,0.0048188,0.0078809
T,704,1,0.1191829E+06,2000337E-03,0.5578E+02,-0.1226E+02,0.9995648,0.0251169,-0.0154732
T,705,1,0.1194108E+06,2001237E-03,-0.1190E+02,0.4196E+01,0.9998247,-0.0154131,0.0106294
T,706,1,0.1200882E+06,2001116E-03,0.1816E+01,-0.1341E+02,0.9998849,-0.0096187,0.0117320
T,707,1,0.1194173E+06,2001034E-03,0.2081E+02,0.1957E+02,0.9999504,0.0078507,0.0061368
T,708,1,0.1186528E+06,2000874E-03,-0.5611E+01,-0.3709E+02,0.9998417,0.0003020,-0.0177901
T,709,1,0.1189498E+06,2001073E-03,-0.4786E+00,0.2550E+02,0.9999612,-0.0074023,0.0047709
T,710,1,0.1210957E+06,2001125E-03,-0.9744E+01,0.9537E+01,0.9999081,-0.0023080,0.0133575
T,711,1,0.1194408E+06,2000176E-03,-0.5851E+02,-0.5487E+00,0.9988280,-0.0482413,-0.0039128
T,712,1,0.1171334E+06,2001160E-03,-0.1789E+02,0.4607E+01,0.9997971,-0.0179327,0.0091741
T,713,1,0.1195335E+06,2001093E-03,-0.2247E+01,-0.1198E+02,0.9998186,-0.0181361,0.0058104
T,714,1,0.1191377E+06,2000716E-03,0.3485E+02,0.2719E+01,0.9994184,0.0325659,-0.0101114
T,715,1,0.1184093E+06,2001270E-03,0.1037E+01,0.1730E+01,0.9999376,0.0010426,-0.0111254
T,716,1,0.1198030E+06,2001106E-03,-0.1697E+02,-0.2048E+01,0.9998659,-0.0122046,0.0109190
T,717,1,0.1186064E+06,2001047E-03,0.1279E+02,-0.1645E+02,0.9999792,0.0047684,-0.0043327
T,718,1,0.1200646E+06,2000728E-03,0.2526E+02,0.3547E+02,0.9982733,0.0497022,0.0313053
T,719,1,0.1205845E+06,2000281E-03,-0.3397E+02,0.4028E+02,0.9987054,-0.0336365,0.0381602
T,720,1,0.1195191E+06,2000642E-03,0.2125E+02,0.3190E+02,0.9993411,0.0157249,0.0327115
T,721,1,0.1191860E+06,2000068E-03,-0.1779E+02,-0.1126E+03,0.9983267,-0.0096105,-0.0570213
T,722,1,0.1197120E+06,2000701E-03,0.3279E+02,-0.2730E+02,0.9997109,0.0212491,-0.0112521
T,723,1,0.1194100E+06,2000955E-03,-0.2320E+02,-0.2192E+02,0.9994102,-0.0203511,-0.0276593
T,724,1,0.1192289E+06,2001603E-03,-0.3921E+02,0.1074E+03,0.9959673,-0.0565783,0.0696273
T,725,1,0.1183021E+06,2001148E-03,0.9373E+01,0.1304E+02,0.9998133,0.0113928,0.0156036
T,726,1,0.1185321E+06,2000778E-03,-0.2204E+01,0.3968E+02,0.9997060,0.0090356,0.0224990
T,727,1,0.1192687E+06,2000956E-03,0.2386E+02,-0.1200E+02,0.9997712,0.0100547,-0.0188812
T,728,1,0.1190062E+06,2000796E-03,-0.1380E+02,0.3979E+02,0.9996596,-0.0131203,0.0225522
T,729,1,0.1204419E+06,2000893E-03,0.2128E+02,-0.2688E+02,0.9995591,0.0142047,-0.0260734
T,730,1,0.1196931E+06,2000698E-03,0.1646E+02,-0.3531E+02,0.9987925,-0.0079553,-0.0484787
T,731,1,0.1185526E+06,2001439E-03,0.1740E+02,-0.8817E+02,0.9987065,0.0171939,-0.0478502
T,732,1,0.1192699E+06,2000176E-03,-0.1349E+03,-0.1445E+03,0.9935442,-0.0928237,-0.0652201
T,733,1,0.1193765E+06,2000619E-03,-0.3246E+01,0.4756E+02,0.9995503,-0.0053721,0.0295012
T,734,1,0.1194163E+06,2002113E-03,-0.2414E-01,0.4583E+02,0.9979995,0.0372598,0.0510761
T,735,1,0.1196913E+06,2001195E-03,0.7599E+01,0.1335E+02,0.9998786,0.0036569,0.0151471
T,736,1,0.1186931E+06,2000861E-03,0.1287E+02,0.3262E+02,0.9997698,0.0060234,0.0205912
T,737,1,0.1200017E+06,2000953E-03,0.2994E+02,0.6650E+01,0.9996047,0.0198505,0.0199083
T,738,1,0.1200716E+06,2000934E-03,0.3278E+02,-0.6140E+01,0.9997685,0.0173477,-0.0127265
T,739,1,0.1187000E+06,2001009E-03,-0.2579E+02,-0.1430E+02,0.9997777,-0.0208887,-0.0028736
T,740,1,0.1190126E+06,2001190E-03,-0.3400E+01,-0.1669E+02,0.9999385,0.0010460,-0.0110391
T,741,1,0.1178017E+06,2001941E-03,0.2064E+02,-0.8474E+01,0.9926357,0.0857617,0.0855527
T,742,1,0.1190420E+06,2001085E-03,0.1521E+02,-0.2281E+02,0.9998117,0.0122448,-0.0150524
T,743,1,0.1195852E+06,2001846E-03,-0.4469E+02,-0.6430E+02,0.9989118,-0.0212082,-0.0415392
T,744,1,0.1184502E+06,2001263E-03,0.4890E+00,0.1916E+01,0.9999867,-0.0036668,-0.0036176
T,745,1,0.1192716E+06,2001023E-03,0.8311E+01,-0.7934E+01,0.9998950,-0.0113487,0.0090118
T,746,1,0.1198016E+06,2001144E-03,0.1347E+02,0.1174E+02,0.9999338,0.0114465,0.0012044
T,747,1,0.1185643E+06,2002202E-03,0.6861E+02,0.4624E+00,0.9987863,0.0492107,-0.0020364
T,748,1,0.1183579E+06,2000422E-03,0.1069E+03,0.1667E+02,0.9981115,0.0608039,0.0087408
T,749,1,0.1192319E+06,2001251E-03,-0.6505E+00,0.4416E+01,0.9999893,0.0021161,-0.0041043
T,750,1,0.1199323E+06,2001070E-03,0.8907E+00,-0.1615E+02,0.9998891,-0.0048735,-0.0140704
T,751,1,0.1194113E+06,2000785E-03,0.3095E+02,0.1217E+02,0.9989729,0.0443252,0.0094028
T,752,1,0.1183485E+06,2000972E-03,-0.1398E+02,0.5603E+01,0.9987112,0.0165351,0.0479842
T,753,1,0.1203817E+06,2000779E-03,0.2703E+02,0.3061E+02,0.9997830,0.0159641,0.0133850
T,754,1,0.1203009E+06,2000853E-03,0.3241E+02,0.2249E+02,0.9995368,0.0255585,0.0165233
T,755,1,0.1191121E+06,2000960E-03,-0.3281E+01,-0.2515E+02,0.9997691,-0.0154829,-0.0149005
T,756,1,0.1189116E+06,2001239E-03,-0.1146E+02,-0.2009E+01,0.9999739,-0.0072063,0.0005318
T,757,1,0.1177088E+06,2001123E-03,-0.8464E+01,0.1916E+02,0.9999942,-0.0015691,-0.0030202
T,758,1,0.1196385E+06,2001030E-03,0.2008E+02,-0.1520E+02,0.9998327,0.0152141,-0.0101511
T,759,1,0.1191191E+06,2000500E-03,0.4840E+02,0.1977E+02,0.9991645,0.0370386,0.0172763
T,760,1,0.1192113E+06,2001118E-03,-0.1575E+02,0.9872E+01,0.9999935,0.0030234,0.0019786
T,761,1,0.1202288E+06,2000694E-03,-0.4382E+02,0.4351E+01,0.9995690,-0.0267945,0.0119910
T,762,1,0.1188794E+06,2000862E-03,-0.8988E+01,-0.2380E+02,0.9993671,-0.0179465,-0.0307126
T,763,1,0.1212308E+06,2000805E-03,-0.9373E+01,0.4016E+02,0.9994720,0.0006963,0.0324856
T,764,1,0.1198621E+06,2001070E-03,0.1609E+02,-0.1656E+02,0.9999996,0.0007845,0.0004703
T,765,1,0.1183817E+06,2000830E-03,-0.1489E+02,-0.1835E+02,0.9994914,-0.0155290,-0.0278529
T,766,1,0.1198199E+06,2001255E-03,-0.1501E+00,-0.2746E+01,0.9999410,-0.0105300,-0.0026520
T,767,1,0.1191129E+06,2001578E-03,0.6201E+02,0.4983E+02,0.9974798,0.0582569,0.0404997
T,768,1,0.1187929E+06,2001155E-03,-0.8641E+01,-0.1443E+02,0.9998376,0.0095786,-0.0152654
T,769,1,0.1193020E+06,2001054E-03,-0.1984E+02,0.3165E+01,0.9997414,-0.0169245,0.0151855
T,770,1,0.1196780E+06,2000696E-03,-0.7348E+01,-0.2659E+02,0.9991519,-0.0259061,-0.0320071
T,771,1,0.1200970E+06,2000737E-03,0.4234E+02,0.3576E+01,0.9997480,0.0208961,0.0082080
T,772,1,0.1188986E+06,2001899E-03,0.5147E+02,0.4719E+02,0.9977167,0.0342109,0.0582317
T,773,1,0.1197404E+06,2001097E-03,0.1464E+02,-0.1368E+02,0.9998214,0.0166456,-0.0089484
T,774,1,0.1196518E+06,2001077E-03,-0.1552E+02,0.4302E+01,0.9998938,-0.0115002,-0.0089569
T,775,1,0.1196949E+06,2001239E-03,0.9037E+01,-0.8549E+01,0.9998655,0.0139343,-0.0086547
T,776,1,0.1177214E+06,2001235E-03,-0.6515E+01,-0.4058E+01,0.9999524,0.0082438,-0.0052136
T,777,1,0.1184616E+06,2001066E-03,-0.8232E+01,0.2302E+02,0.9994321,-0.0227052,0.0248981
T,778,1,0.1194847E+06,2001189E-03,0.1246E+02,-0.8054E+01,0.9998187,0.0183831,0.0049542
T,779,1,0.1196270E+06,2001039E-03,-0.2813E+02,0.4947E+01,0.9999316,-0.0068884,0.0094527
T,780,1,0.1186846E+06,2000930E-03,0.2228E+02,0.1358E+02,0.9991054,0.0349747,0.0237741
T,781,1,0.1196159E+06,2000963E-03,-0.1428E+02,0.2242E+02,0.9998222,-0.0133014,0.0133636
T,782,1,0.1186409E+06,2000740E-03,-0.2805E+02,-0.3426E+02,0.9996417,-0.0179507,-0.0198558
T,783,1,0.1189837E+06,2001210E-03,-0.1414E+02,-0.3668E+01,0.9999542,-0.0094646,0.0014259
T,784,1,0.1196156E+06,2001141E-03,0.1517E+02,0.1083E+02,0.9997897,0.0201563,0.0037681
T,785,1,0.1194675E+06,2000411E-03,-0.5103E+02,0.1894E+02,0.9993931,-0.0346857,0.0032156
T,786,1,0.1195843E+06,2000611E-03,-0.4980E+02,-0.5444E+00,0.9995171,-0.0310709,0.0003911
T,787,1,0.1192001E+06,2000494E-03,0.6809E+01,0.5342E+02,0.9996148,0.0263991,0.0085684
T,788,1,0.1194149E+06,2001237E-03,0.1038E+02,0.1942E+01,0.9999087,0.0109664,0.0078903
T,789,1,0.1195433E+06,2001036E-03,-0.3135E+02,0.8286E+02,0.9981448,-0.0317055,0.0519773
T,790,1,0.1185522E+06,2000412E-03,-0.3915E+02,0.3538E+02,0.9994476,-0.0203746,0.0262570
T,791,1,0.1206638E+06,2000878E-03,-0.2996E+02,0.1813E+02,0.9998011,-0.0194321,0.0044831
T,792,1,0.1198616E+06,2001150E-03,0.8058E+01,0.1591E+02,0.9998731,-0.0111905,0.0113403
T,793,1,0.1196190E+06,2000519E-03,-0.1362E+02,0.4103E+02,0.9993974,-0.0008328,0.0347012
T,794,1,0.1195015E+06,2000915E-03,0.2608E+02,0.3261E+01,0.9997351,0.0220590,0.0065622
T,795,1,0.1186207E+06,2001239E-03,-0.1758E+01,0.3102E+01,0.9999475,0.0045911,0.0091593
T,796,1,0.1195157E+06,2000307E-03,0.3653E+02,0.3902E+02,0.9989174,0.0234099,0.0401989
T,797,1,0.1189822E+06,2000269E-03,0.5740E+02,-0.2039E+03,0.9901607,0.0541345,-0.1290395
T,798,1,0.1189232E+06,2001168E-03,-0.1344E+02,-0.1012E+02,0.9997773,-0.0181788,-0.0107154
T,799,1,0.1190551E+06,2000132E-03,-0.1541E+01,-0.6583E+02,0.9994305,-0.0030926,-0.0336036
T,800,1,0.1204924E+06,2000512E-03,-0.5330E+02,-0.4809E+01,0.9997073,-0.0238632,0.0039751
T,801,1,0.1179420E+06,2000695E-03,-0.1205E+03,-0.8025E+01,0.9959206,-0.0901751,-0.0032714
T,802,1,0.1197296E+06,2000388E-03,-0.3747E+02,-0.3683E+02,0.9992812,-0.0333361,-0.0180492
T,803,1,0.1193825E+06,2001651E-03,-0.7338E+02,-0.1827E+02,0.9991287,-0.0409947,-0.0078320
T,804,1,0.1193314E+06,2001080E-03,0.2364E+02,-0.1087E+02,0.9998846,0.0151128,-0.0015301
T,805,1,0.1199338E+06,2000537E-03,0.7431E+02,-0.1296E+02,0.9964266,0.0741570,0.0404325
T,806,1,0.1205028E+06,2001167E-03,0.1107E+02,-0.9418E+01,0.9995035,0.0296858,-0.0105566
T,807,1,0.1184219E+06,2001886E-03,0.5921E+02,-0.1003E+03,0.9979225,0.0227424,-0.0602785
T,808,1,0.1194422E+06,2001043E-03,-0.2277E+02,0.1821E+02,0.9999636,-0.0081086,0.0026496
T,809,1,0.1191093E+06,2000279E-03,-0.1930E+02,-0.5742E+02,0.9996481,-0.0139046,-0.0225889
T,810,1,0.1182223E+06,2001617E-03,0.3083E+01,0.7130E+02,0.9983569,0.0062874,0.0569562
T,811,1,0.1174159E+06,2001171E-03,0.1012E+01,0.1907E+02,0.9998712,-0.0036047,0.0156425
T,812,1,0.1186936E+06,2002128E-03,0.1557E+02,0.3445E+02,0.9986612,-0.0076068,0.0511656
T,813,1,0.1185789E+06,2000904E-03,0.9277E+01,0.1241E+02,0.9997339,-0.0228884,0.0028726
T,814,1,0.1194928E+06,2000627E-03,0.1003E+02,-0.3423E+02,0.9991815,-0.0022509,-0.0403884
T,815,1,0.1198996E+06,2001147E-03,-0.1460E+02,0.5175E+01,0.9998074,-0.0092606,0.0173018
T,816,1,0.1192395E+06,2000465E-03,-0.6084E+02,-0.8340E+02,0.9969437,-0.0304122,-0.0719609
T,817,1,0.1199996E+06,2001226E-03,0.3846E+01,-0.1006E+02,0.9999780,-0.0051074,-0.0042294
T,818,1,0.1189739E+06,2000889E-03,0.2962E+02,-0.1894E+02,0.9998164,0.0157574,-0.0108991
T,819,1,0.1192728E+06,2000293E-03,-0.4623E+02,0.2446E+02,0.9996577,-0.0105305,0.0239494
T,820,1,0.1205276E+06,2001018E-03,-0.1869E+02,-0.9105E+01,0.9993903,-0.0277640,-0.0211712
T,821,1,0.1191777E+06,2001159E-03,-0.1776E+02,0.3507E+01,0.9999230,-0.0118061,-0.0038231
T,822,1,0.1190879E+06,2000244E-03,0.6091E+02,-0.1155E+02,0.9993360,0.0318269,-0.0177368
T,823,1,0.1191265E+06,2000274E-03,-0.6142E+02,-0.8407E+01,0.9991188,-0.0419530,0.0012170
T,824,1,0.1209436E+06,2001155E-03,-0.1418E+02,0.9592E+01,0.9999775,-0.0026288,0.0061710
T,825,1,0.1200051E+06,2001103E-03,0.1711E+02,0.1147E+01,0.9998486,-0.0163270,-0.0060124
T,826,1,0.1199853E+06,2000478E-03,0.9252E+01,-0.5339E+02,0.9994825,0.0045752,-0.0318407
T,827,1,0.1187457E+06,2001038E-03,0.8171E+01,-0.2876E+02,0.9997791,0.0006193,-0.0210095
T,828,1,0.1195905E+06,2001189E-03,0.5643E+01,-0.1256E+01,0.9999364,-0.0091546,-0.0065923
T,829,1,0.1196886E+06,2000854E-03,-0.3738E+02,0.6441E+01,0.9996772,-0.0251745,0.0034236
T,830,1,0.1183604E+06,2001094E-03,-0.1280E+02,0.1009E+02,0.9994321,-0.0324674,-0.0090161
T,831,1,0.1196544E+06,2001184E-03,-0.1479E+02,0.1207E+02,0.9999840,-0.0050143,0.0026152
T,832,1,0.1189135E+06,2000512E-03,-0.4576E+02,0.9635E+01,0.9995736,-0.0278801,-0.0086793
T,833,1,0.1182370E+06,2001047E-03,-0.1027E+02,-0.2115E+03,0.9818587,-0.0207063,-0.1884799
T,834,1,0.1214370E+06,2000857E-03,0.9761E+01,0.3663E+02,0.9997187,0.0055028,0.0230688
T,835,1,0.1191189E+06,2001088E-03,-0.1525E+02,0.1030E+02,0.9997500,-0.0105421,0.0197171
T,836,1,0.1200023E+06,2001142E-03,0.1270E+02,-0.7421E+01,0.9999330,0.0109969,0.0036110
T,837,1,0.1184847E+06,2001109E-03,-0.1150E+01,0.2453E+02,0.9998875,-0.0015669,0.0149196
T,838,1,0.1184331E+06,2001052E-03,-0.1411E+02,0.2136E+02,0.9999888,0.0013021,-0.0045587
T,839,1,0.1194728E+06,2000669E-03,0.3232E+02,-0.2771E+02,0.9994188,0.0179017,-0.0290100
T,840,1,0.1202612E+06,2001764E-03,-0.4048E+02,0.6772E+02,0.9993158,-0.0112734,0.0352247
T,841,1,0.1189066E+06,2000761E-03,-0.1450E+02,0.3889E+02,0.9994353,-0.0126402,0.0311342
T,842,1,0.1183131E+06,2001072E-03,0.6450E+00,-0.2252E+02,0.9999928,0.0032563,-0.0019469
T,843,1,0.1201331E+06,2000007E-03,0.6726E+02,-0.1976E+02,0.9992346,0.0295037,-0.0256845
T,844,1,0.1198890E+06,2001163E-03,0.1990E+02,0.6082E+01,0.9999245,0.0122090,-0.0013930
T,845,1,0.1182560E+06,2001226E-03,-0.9838E+01,0.3574E+01,0.9999922,0.0005587,-0.0039168
T,846,1,0.1185266E+06,2000800E-03,-0.9703E+01,0.3423E+02,0.9995674,-0.0232322,0.0180339
T,847,1,0.1181172E+06,2001626E-03,-0.6097E+02,-0.5316E+02,0.9991212,-0.0119263,-0.0401816
T,848,1,0.1187331E+06,2002136E-03,0.3560E+02,-0.6217E+02,0.9992088,0.0185141,-0.0351996
T,849,1,0.1201486E+06,2001096E-03,-0.1848E+02,-0.2157E+01,0.9993721,-0.0348836,0.0062057
T,850,1,0.1192613E+06,2001362E-03,0.8571E+02,-0.2890E+00,0.9990544,0.0432401,-0.0045479
T,851,1,0.1183738E+06,2001102E-03,-0.9424E+01,0.6861E+01,0.9997750,-0.0180716,0.0111095
T,852,1,0.1185564E+06,2001459E-03,-0.1083E+03,0.7551E+02,0.9957587,-0.0693227,0.0604897
T,853,1,0.1193458E+06,2001184E-03,-0.1402E+02,0.1300E+00,0.9998807,-0.0103536,-0.0114597
T,854,1,0.1198670E+06,2000924E-03,0.3426E+02,0.3312E+00,0.9999574,0.0076876,0.0051118
T,855,1,0.1194851E+06,2001154E-03,0.4058E+01,-0.8885E+01,0.9997868,0.0130105,-0.0160320
T,856,1,0.1194574E+06,2000709E-03,-0.1240E+02,-0.4118E+02,0.9995403,-0.0037902,-0.0300798
T,857,1,0.1186616E+06,2001064E-03,0.1884E+02,-0.1039E+02,0.9997196,0.0236799,-0.0000210
T,858,1,0.1197152E+06,2001202E-03,0.4850E+01,-0.1207E+02,0.9999109,0.0084396,-0.0103443
T,859,1,0.1190716E+06,2000558E-03,0.4877E+02,-0.4986E+01,0.9993303,0.0359187,-0.0069795
T,860,1,0.1197400E+06,2000914E-03,-0.1645E+01,0.3328E+02,0.9999642,-0.0006514,0.0084358
T,861,1,0.1193954E+06,2000912E-03,-0.5903E+01,-0.3371E+02,0.9998321,-0.0158046,-0.0092695
T,862,1,0.1190875E+06,2001084E-03,-0.8268E+01,-0.7296E+01,0.9993717,-0.0353904,-0.0019539
T,863,1,0.1187185E+06,2000934E-03,-0.1706E+02,0.1974E+02,0.9995437,0.0071953,0.0293377
T,864,1,0.1193765E+06,2000920E-03,-0.1340E+02,0.3073E+02,0.9995005,-0.0148490,0.0278979
T,865,1,0.1189397E+06,2000386E-03,0.4935E+02,0.2114E+02,0.9989978,0.0356905,0.0270104
T,866,1,0.1201570E+06,2000191E-03,0.1987E+02,0.3447E+02,0.9990084,0.0433905,0.0099786
T,867,1,0.1193924E+06,2000948E-03,-0.2845E+02,0.3166E+01,0.9998760,-0.0099012,0.0122470
T,868,1,0.1178849E+06,2002137E-03,-0.4465E+02,0.4093E+02,0.9981604,-0.0468092,0.0385317
T,869,1,0.1193500E+06,2000651E-03,-0.1423E+02,-0.4160E+02,0.9994370,-0.0079714,-0.0325904
T,870,1,0.1191955E+06,2000966E-03,0.2782E+02,-0.4519E+01,0.9993848,0.0322957,0.0136778
T,871,1,0.1198902E+06,2000104E-03,0.3184E+02,-0.4550E+02,0.9988072,0.0374311,-0.0313550
T,872,1,0.1187520E+06,2000185E-03,-0.5867E+02,-0.1130E+02,0.9986688,-0.0499669,-0.0128034
T,873,1,0.1183613E+06,2000026E-03,-0.6565E+02,0.6625E+01,0.9991919,-0.0401309,-0.0022375
T,874,1,0.1188076E+06,2001166E-03,-0.1535E+02,-0.8103E+01,0.9999750,-0.0070624,0.0002136
T,875,1,0.1192939E+06,2000634E-03,0.1035E+03,0.2240E+03,0.9914140,0.0664390,0.1126236
T,876,1,0.1191243E+06,2000929E-03,-0.2525E+02,-0.2233E+02,0.9998316,-0.0163132,-0.0084075
T,877,1,0.1200868E+06,2001059E-03,0.1239E+02,-0.1843E+02,0.9998142,0.0192664,-0.0005831
T,878,1,0.1191570E+06,2000432E-03,-0.3570E+02,0.3901E+02,0.9997819,-0.0204962,0.0040171
T,879,1,0.1185363E+06,2002210E-03,0.6112E+02,0.2387E+02,0.9990674,0.0325362,0.0283841
T,880,1,0.1200959E+06,2000356E-03,0.1750E+02,0.4001E+02,0.9985307,0.0066252,0.0537819
T,881,1,0.1190209E+06,2000911E-03,0.7699E+01,-0.3237E+02,0.9995058,0.0031697,-0.0312753
T,882,1,0.1194730E+06,2001003E-03,0.2887E+02,0.1071E+01,0.9999483,0.0100500,-0.0015662
T,883,1,0.1190422E+06,2000975E-03,-0.3201E+02,0.2086E+01,0.9994912,-0.0304959,0.0093434
T,884,1,0.1193742E+06,2001138E-03,0.5735E+01,-0.1032E+02,0.9997466,0.0081257,-0.0209923
T,885,1,0.1190130E+06,2001209E-03,0.5846E+01,-0.4206E+01,0.9996245,-0.0256993,0.0095068
T,886,1,0.1192041E+06,2001115E-03,0.1327E+01,-0.1517E+02,0.9996635,-0.0146882,-0.0213805
T,887,1,0.1194839E+06,2000289E-03,0.6128E+01,0.5629E+02,0.9970855,0.0030063,0.0762329
T,888,1,0.1189979E+06,2000787E-03,-0.2260E+02,0.2351E+02,0.9992026,-0.0053617,0.0395653
T,889,1,0.1191277E+06,2000668E-03,-0.4477E+02,-0.9726E+01,0.9999428,-0.0106913,-0.0002756
T,890,1,0.1192431E+06,2001272E-03,-0.4217E+01,0.2450E+01,0.9999954,-0.0022688,-0.0020016
T,891,1,0.1205111E+06,2001196E-03,0.1142E+02,-0.6463E+01,0.9999906,0.0016203,0.0040166
T,892,1,0.1187881E+06,2000475E-03,0.9563E+02,-0.1068E+03,0.9967675,0.0508683,-0.0621857
T,893,1,0.1201194E+06,2001160E-03,-0.1415E+02,-0.1296E+02,0.9998933,-0.0144138,-0.0023723
T,894,1,0.1189040E+06,2000390E-03,0.5534E+02,0.3867E+01,0.9990325,0.0384569,0.0213323
T,895,1,0.1198135E+06,2000644E-03,0.1661E+02,0.3972E+02,0.9995365,0.0181738,0.0244226
T,896,1,0.1184458E+06,2000866E-03,0.3418E+02,-0.6822E+00,0.9994663,0.0324677,-0.0036021
T,897,1,0.1199509E+06,2001134E-03,-0.6171E+01,0.1556E+02,0.9999571,0.0027692,0.0088338
T,898,1,0.1206737E+06,2001203E-03,0.1058E+02,-0.2683E+01,0.9999506,0.0073599,0.0066817
T,899,1,0.1190696E+06,2000224E-03,-0.4834E+02,-0.3575E+02,0.9990521,-0.0336819,-0.0275764
T,900,1,0.1193407E+06,2001095E-03,-0.6808E+00,0.2259E+02,0.9995733,0.0104997,0.0272571
T,901,1,0.1188731E+06,2000398E-03,-0.4852E+02,0.2916E+01,0.9994010,-0.0332500,0.0096006
T,902,1,0.1194182E+06,2000649E-03,-0.1550E+01,0.3506E+02,0.9991121,-0.0224378,0.0356588
T,903,1,0.1198741E+06,2000296E-03,0.1345E+02,-0.4472E+02,0.9995288,0.0280786,-0.0123991
T,904,1,0.1187405E+06,2001007E-03,0.1593E+02,0.1619E+02,0.9995102,0.0200872,0.0239970
T,905,1,0.1189987E+06,2001096E-03,0.2344E+02,-0.2663E+01,0.9998998,0.0088479,0.0110476
T,906,1,0.1186217E+06,2001197E-03,0.3442E+01,0.8388E+01,0.9998645,0.0117024,0.0115767
T,907,1,0.1186636E+06,2002021E-03,0.4738E+02,-0.1044E+03,0.9975243,0.0101544,-0.0695862
T,908,1,0.1196852E+06,2000972E-03,-0.1165E+02,-0.2530E+02,0.9996519,-0.0112641,-0.0238596
T,909,1,0.1198813E+06,2001436E-03,-0.6626E+02,-0.4921E+02,0.9983069,-0.0493726,-0.0307504
T,910,1,0.1189531E+06,2001707E-03,-0.2830E+02,-0.5632E+02,0.9969279,-0.0324157,-0.0713023
T,911,1,0.1196658E+06,2001104E-03,0.7306E+01,-0.2201E-01,0.9999592,-0.0042176,-0.0079877
T,912,1,0.1182131E+06,2000683E-03,-0.1291E+02,0.1676E+02,0.9989819,-0.0450072,0.0030950
T,913,1,0.1191791E+06,2000819E-03,0.9714E+01,-0.2102E+02,0.9996764,0.0184671,0.0174921
T,914,1,0.1185791E+06,2001186E-03,-0.8708E+01,0.1305E+02,0.9999373,-0.0092272,0.0063411
T,915,1,0.1187276E+06,2001198E-03,0.6595E+01,0.3573E+01,0.9999676,-0.0077659,0.0021222
T,916,1,0.1199307E+06,2001220E-03,-0.1137E+02,-0.2345E+01,0.9999353,-0.0113293,-0.0009904
T,917,1,0.1205072E+06,2000856E-03,0.3404E+02,-0.1496E+02,0.9995893,0.0253146,-0.0134350
T,918,1,0.1186020E+06,2000424E-03,-0.2052E+02,-0.5269E+02,0.9994755,-0.0076078,-0.0314778
T,919,1,0.1176899E+06,2001206E-03,-0.1707E+01,0.7452E+01,0.9997152,-0.0024160,0.0237416
T,920,1,0.1192728E+06,2000882E-03,-0.2568E+02,0.1091E+02,0.9996172,-0.0242637,0.0132936
T,921,1,0.1190246E+06,2000617E-03,0.4821E+02,-0.8401E+01,0.9995836,0.0268393,0.0105935
T,922,1,0.1196331E+06,2002044E-03,0.3293E+02,-0.4427E+02,0.9968272,0.0719090,-0.0341256
T,923,1,0.1178991E+06,2000001E-03,0.4199E+01,-0.6510E+02,0.9993358,-0.0003313,-0.0364402
T,924,1,0.1198476E+06,2001263E-03,-0.1018E+02,0.8607E+02,0.9994044,-0.0051892,0.0341165
T,925,1,0.1196816E+06,2001198E-03,-0.7588E+01,-0.1250E+02,0.9999143,-0.0123701,-0.0042785
T,926,1,0.1188571E+06,2001177E-03,0.1470E+02,0.2948E+01,0.9999232,0.0066174,0.0104788
T,927,1,0.1197669E+06,2001921E-03,-0.8675E+01,-0.7169E+02,0.9990839,0.0012010,-0.0427776
T,928,1,0.1193761E+06,2000564E-03,0.6191E+02,0.7135E+02,0.9984105,0.0307622,0.0472245
T,929,1,0.1188072E+06,2001093E-03,-0.7265E+01,-0.8332E+02,0.9950872,-0.0279640,-0.0949706
T,930,1,0.1200069E+06,2002168E-03,-0.2231E+02,0.6751E+02,0.9990905,-0.0177579,0.0387667
T,931,1,0.1189083E+06,2001088E-03,0.2032E+02,-0.1003E+02,0.9995783,0.0209565,-0.0201003
T,932,1,0.1196965E+06,2002067E-03,0.2153E+02,-0.3957E+02,0.9948738,0.0526770,-0.0863209
T,933,1,0.1186656E+06,2001007E-03,-0.2773E+02,0.5176E+01,0.9997652,-0.0201678,0.0079245
T,934,1,0.1187577E+06,2001100E-03,0.1574E+02,0.1924E+02,0.9998153,0.0092436,0.0168527
T,935,1,0.1206690E+06,2000981E-03,0.1694E+02,-0.2407E+02,0.9997583,0.0065255,-0.0209946
T,936,1,0.1194982E+06,2001055E-03,-0.1831E+02,-0.1821E+02,0.9997390,-0.0046211,-0.0223744
T,937,1,0.1179454E+06,2000981E-03,-0.1942E+02,-0.1711E+02,0.9982357,-0.0259732,-0.0533944
T,938,1,0.1200409E+06,2000764E-03,0.1690E+02,-0.3866E+02,0.9996376,0.0147047,-0.0225491
T,939,1,0.1186937E+06,2000429E-03,-0.1098E+02,-0.5159E+02,0.9992906,-0.0055934,-0.0372429
T,940,1,0.1190322E+06,2000702E-03,-0.2464E+02,0.3960E+02,0.9998453,-0.0057150,0.0166370
T,941,1,0.1194159E+06,2000968E-03,0.3080E+02,0.5624E+01,0.9999337,0.0084613,0.0078105
T,942,1,0.1199780E+06,2000989E-03,0.7007E+02,0.5373E+02,0.9989447,0.0355850,0.0290393
T,943,1,0.1192075E+06,2000944E-03,0.3638E+01,-0.3175E+02,0.9997840,0.0044135,-0.0203118
T,944,1,0.1195410E+06,2001103E-03,-0.1467E+02,0.3668E+01,0.9999248,0.0030386,0.0118816
T,945,1,0.1190918E+06,2000216E-03,-0.1594E+03,-0.5577E+02,0.9940592,-0.1043010,-0.0311069
T,946,1,0.1190660E+06,2001903E-03,0.1927E+03,-0.1248E+03,0.9819825,0.1492907,-0.1158561
T,947,1,0.1200642E+06,2001259E-03,0.5381E+01,0.7546E+01,0.9999504,0.0081130,0.0057803
T,948,1,0.1189643E+06,2001087E-03,-0.1546E+02,0.2188E+02,0.9998126,-0.0051090,0.0186743
T,949,1,0.1191873E+06,2000403E-03,-0.2182E+02,-0.4834E+02,0.9992866,-0.0242652,-0.0289383
T,950,1,0.1194937E+06,2000878E-03,0.8567E-01,0.3460E+02,0.9995786,0.0085905,0.0277281
T,951,1,0.1178724E+06,2001223E-03,0.2696E+00,-0.9353E+01,0.9998875,0.0072306,-0.0131455
T,952,1,0.1190143E+06,2000449E-03,0.6058E+02,-0.9559E+02,0.9988821,0.0315736,-0.0351798
T,953,1,0.1192249E+06,2001179E-03,-0.1161E+02,-0.1937E+01,0.9996700,-0.0253377,0.0042256
T,954,1,0.1179262E+06,2000138E-03,-0.9158E+02,0.1152E+03,0.9992561,-0.0221113,0.0315952
T,955,1,0.1193023E+06,2000992E-03,-0.2174E+00,-0.1845E+02,0.9998509,0.0014169,-0.0172069
T,956,1,0.1192987E+06,2001210E-03,-0.8889E+01,0.1802E+01,0.9999603,-0.0089087,-0.0000108
T,957,1,0.1197375E+06,2000356E-03,-0.4855E+02,-0.3357E+02,0.9995203,-0.0226452,-0.0211280
T,958,1,0.1196569E+06,2001132E-03,-0.1174E+00,0.1622E+02,0.9999712,0.0019141,0.0073386
T,959,1,0.1195453E+06,2001084E-03,-0.7776E+01,0.2313E+02,0.9999759,-0.0050886,0.0047194
T,960,1,0.1193994E+06,2001128E-03,-0.8783E+01,-0.4184E+01,0.9992137,0.0362970,0.0159535
T,961,1,0.1192783E+06,2001133E-03,-0.2216E+02,0.2259E+01,0.9997867,-0.0206435,-0.0006910
T,962,1,0.1195807E+06,2000967E-03,0.2669E+01,0.2925E+02,0.9996510,0.0072721,0.0253956
T,963,1,0.1179072E+06,2000225E-03,0.4215E+02,0.4202E+02,0.9993086,0.0246855,0.0278018
T,964,1,0.1198864E+06,2000553E-03,-0.5241E+02,-0.9408E+01,0.9996803,-0.0250811,0.0031868
T,965,1,0.1194474E+06,2000701E-03,0.1700E+03,-0.7205E+02,0.9652954,0.2405493,-0.1016901
T,966,1,0.1205711E+06,2001089E-03,0.1709E+02,0.1672E+02,0.9998977,0.0127234,0.0065316
T,967,1,0.1179997E+06,2000300E-03,-0.4925E+02,-0.1363E+02,0.9986308,-0.0484425,-0.0197431
T,968,1,0.1178181E+06,2001085E-03,-0.2038E+02,-0.1444E+02,0.9997603,-0.0168472,-0.0139843
T,969,1,0.1196799E+06,2001004E-03,-0.2901E+02,0.4247E+01,0.9997829,-0.0195450,-0.0072228
T,970,1,0.1190089E+06,2000046E-03,0.5570E+02,-0.2807E+02,0.9994180,0.0301626,-0.0159367
T,971,1,0.1184961E+06,2001677E-03,-0.1036E+03,0.2725E+03,0.9666528,-0.0710901,0.2460255
T,972,1,0.1192213E+06,2000560E-03,0.4865E+02,0.1066E+02,0.9999257,0.0101321,0.0067772
T,973,1,0.1193582E+06,2000216E-03,-0.5117E+02,0.3320E+02,0.9991212,-0.0236475,0.0346080
T,974,1,0.1184520E+06,2000907E-03,-0.6939E+02,0.8551E+01,0.9985215,-0.0228854,0.0493056
T,975,1,0.1199260E+06,2002161E-03,0.3495E+02,0.6417E+02,0.9993519,0.0170347,0.0317114
T,976,1,0.1189832E+06,2000560E-03,0.1839E+02,-0.4281E+02,0.9989089,0.0292002,-0.0364455
T,977,1,0.1196093E+06,2000697E-03,0.1123E+02,-0.3392E+02,0.9990539,0.0143267,-0.0410605
T,978,1,0.1189047E+06,2001868E-03,0.7811E+02,0.7697E+01,0.9990422,0.0416111,0.0135333
T,979,1,0.1187770E+06,2001137E-03,-0.9720E+01,0.1185E+02,0.9997771,-0.0105361,0.0182967
T,980,1,0.1186612E+06,2000787E-03,0.3013E+02,0.1154E+02,0.9995225,0.0308760,0.0012410
T,981,1,0.1196066E+06,2001127E-03,-0.5686E+01,-0.2099E+02,0.9999157,0.0045519,-0.0121625
T,982,1,0.1189346E+06,2001105E-03,0.2311E+02,0.1038E+02,0.9998780,0.0150280,0.0042519
T,983,1,0.1186533E+06,2000249E-03,-0.5846E+02,0.1947E+02,0.9993122,-0.0365631,0.0061846
T,984,1,0.1189546E+06,2000170E-03,0.3753E+02,-0.3981E+02,0.9979558,0.0092608,-0.0632341
T,985,1,0.1201850E+06,2001150E-03,0.1166E+03,0.1209E+03,0.9961658,0.0577528,0.0657141
T,986,1,0.1195109E+06,2001200E-03,0.9467E+01,0.4449E+01,0.9998029,0.0187568,-0.0065047
T,987,1,0.1191039E+06,2002161E-03,-0.5253E+02,-0.9126E+02,0.9965105,-0.0337448,-0.0763420
T,988,1,0.1190083E+06,2001172E-03,0.1218E+02,0.4579E+01,0.9999493,0.0050045,0.0087354
T,989,1,0.1189845E+06,2000210E-03,-0.4217E+02,-0.4395E+02,0.9989721,-0.0418327,-0.0174572
T,990,1,0.1190263E+06,2000809E-03,0.9701E+00,-0.2277E+02,0.9998233,0.0067564,-0.0175418
T,991,1,0.1197084E+06,2001850E-03,0.4865E+02,0.3302E+02,0.9983227,0.0524299,0.0245556
T,992,1,0.1190909E+06,2001491E-03,0.7166E+02,0.3650E+02,0.9983599,0.0353286,0.0450485
T,993,1,0.1201249E+06,2001976E-03,-0.1161E+02,0.6543E+02,0.9985334,-0.0285414,0.0460047
T,994,1,0.1194642E+06,2000636E-03,0.3807E+02,-0.1850E+02,0.9992739,0.0357647,-0.0131328
T,995,1,0.1189632E+06,2000255E-03,-0.4376E+02,-0.2992E+02,0.9994352,-0.0069060,-0.0328877
T,996,1,0.1188118E+06,2001553E-03,-0.7835E+02,-0.1422E+03,0.9978651,-0.0239393,-0.0607634
T,997,1,0.1198351E+06,2001225E-03,0.4225E+01,-0.3367E+01,0.9999599,0.0059646,-0.0066758
T,998,1,0.1200043E+06,2001108E-03,0.6148E+01,0.1253E+02,0.9999077,-0.0069501,0.0116774
T,999,1,0.1200694E+06,2001219E-03,-0.1300E+02,0.2350E+00,0.9999829,-0.0010650,-0.0057417
T,1000,1,0.1193631E+06,2001123E-03,0.2884E+00,0.2087E+02,0.9998919,-0.0054024,0.0136716
