T,1,1,0.6640605E+04,2000914E-03,0.1161E+03,0.6678E+01,0.8899669,-0.4332386,-0.1423490
T,2,1,0.5486107E+04,2000906E-03,0.3349E+03,-0.4027E+03,0.6502531,0.4384643,-0.6204192
T,3,1,0.4787189E+04,2000180E-03,-0.5428E+03,0.1014E+04,0.6943855,-0.5645979,0.4461592
T,4,1,0.6756279E+04,2000408E-03,-0.6718E+02,-0.1562E+03,0.9732350,-0.0559238,-0.2229040
T,5,1,0.5683340E+04,2000155E-03,0.2527E+02,-0.5326E+03,0.9604564,0.0878140,-0.2642199
T,6,1,0.7022900E+04,2000877E-03,-0.2317E+03,-0.6348E+02,0.9716662,-0.2251304,-0.0719804
T,7,1,0.6629281E+04,2000214E-03,0.3305E+02,0.3540E+03,0.9356459,0.0024356,0.3529318
T,8,1,0.5261220E+04,2000500E-03,-0.6000E+03,0.2788E+03,0.9824513,-0.0385066,0.1825011
T,9,1,0.5866545E+04,2000443E-03,0.6118E+03,0.4032E+03,0.7740174,0.5703269,0.2749986
T,10,1,0.6376643E+04,2001103E-03,0.6861E+02,0.2583E+03,0.9650565,0.0917170,0.2454669
T,11,1,0.6490434E+04,2000907E-03,-0.1802E+02,-0.2125E+03,0.9039961,-0.0820453,-0.4195946
T,12,1,0.5976479E+04,2000884E-03,0.5791E+03,-0.3300E+02,0.8883030,0.4571233,0.0442273
T,13,1,0.6123229E+04,2001466E-03,-0.7087E+02,-0.4384E+03,0.9836042,0.1293492,-0.1256647
T,14,1,0.6101466E+04,2000777E-03,-0.6021E+01,-0.2860E+02,0.9061617,-0.0261244,0.4221237
T,15,1,0.5950762E+04,2000876E-03,-0.3148E+03,0.2909E+03,0.8277832,-0.3137931,0.4650902
T,16,1,0.7240681E+04,2001521E-03,-0.2728E+03,0.7337E+02,0.9280231,-0.3616050,-0.0895263
T,17,1,0.6332086E+04,2000646E-03,0.2375E+03,0.2457E+02,0.9757948,0.2143719,-0.0432341
T,18,1,0.6159521E+04,2001465E-03,0.3085E+03,-0.1081E+03,0.9840734,0.0851332,0.1560511
T,19,1,0.6451442E+04,2000461E-03,0.3024E+03,0.2659E+02,0.9662714,0.2492366,0.0648132
T,20,1,0.6260283E+04,2000235E-03,0.9089E+02,-0.5604E+02,0.9862125,0.1114011,-0.1223708
T,21,1,0.5754974E+04,2000823E-03,0.1200E+03,0.4193E+03,0.9613247,0.1068524,0.2538450
T,22,1,0.6342500E+04,2000888E-03,0.1991E+03,0.3097E+03,0.9829264,0.0456356,0.1782502
T,23,1,0.6031605E+04,2000589E-03,-0.2601E+03,0.3198E+02,0.8994629,-0.1608804,-0.4063053
T,24,1,0.4855262E+04,2000745E-03,0.8469E+03,-0.1430E+03,0.7038884,0.5567338,-0.4411219
T,25,1,0.5191386E+04,2001426E-03,-0.4337E+03,-0.4008E+03,0.7503120,-0.5744170,0.3272261
T,26,1,0.6361439E+04,2000972E-03,0.1914E+03,-0.9484E+02,0.9649701,0.2623561,0.0013936
T,27,1,0.6572755E+04,2001598E-03,-0.3932E+02,0.1463E+03,0.9679904,-0.0810605,0.2375370
T,28,1,0.6035602E+04,2002170E-03,0.3221E+03,-0.3839E+03,0.9998185,0.0070375,-0.0177040
T,29,1,0.6204783E+04,2000962E-03,0.3833E+03,0.2486E+02,0.8905762,0.4519360,0.0512626
T,30,1,0.6081120E+04,2000780E-03,-0.1547E+01,0.8451E+02,0.9926811,0.1006405,0.0667518
T,31,1,0.6060334E+04,2000683E-03,0.7437E+02,0.8564E+01,0.9992434,0.0133980,0.0365107
T,32,1,0.6181769E+04,2001801E-03,0.2530E+03,-0.1652E+03,0.9741068,0.2042574,-0.0969267
T,33,1,0.6226234E+04,2002057E-03,0.2796E+03,-0.3435E+03,0.9548058,0.1235716,-0.2703255
T,35,1,0.5941365E+04,2000889E-03,0.2244E+03,-0.9766E+02,0.9539431,0.2720238,-0.1264738
T,36,1,0.2425099E+04,2001448E-03,0.1776E+04,0.4901E+03,0.8480724,0.4365926,0.3002666
T,37,1,0.5858090E+04,2001375E-03,0.3458E+03,0.3497E+03,0.8905575,0.3404848,0.3016245
T,38,1,0.5857276E+04,2001778E-03,-0.2035E+03,0.3117E+03,0.9379980,-0.0080550,0.3465470
T,39,1,0.6253847E+04,2001841E-03,0.6313E+02,0.1326E+03,0.9486933,0.0360346,0.3141377
T,40,1,0.5837614E+04,2000571E-03,0.4631E+03,0.2238E+03,0.8201272,0.4034686,0.4057148
T,41,1,0.5975891E+04,2001055E-03,0.1376E+03,0.2768E+03,0.9470482,0.0053912,0.3210463
T,42,1,0.6125726E+04,2001801E-03,-0.4057E+03,0.6692E+02,0.9594795,-0.2584217,0.1123270
T,43,1,0.7018527E+04,2001410E-03,-0.1146E+03,-0.1614E+03,0.9895050,-0.1416218,0.0286902
T,44,1,0.6470598E+04,2000649E-03,-0.4560E+03,-0.4879E+03,0.8871233,-0.4023583,-0.2260974
T,45,1,0.6951928E+04,2000969E-03,0.2021E+03,-0.2729E+03,0.6393759,0.3802111,-0.6683098
T,46,1,0.5972129E+04,2001396E-03,0.2068E+02,-0.1388E+03,0.9684003,0.1680269,-0.1843036
T,47,1,0.6302990E+04,2002083E-03,0.1206E+03,-0.1836E+03,0.9648421,-0.1147405,-0.2364621
T,48,1,0.6237610E+04,2000334E-03,-0.2251E+03,-0.1488E+03,0.9273601,-0.2426475,-0.2848253
T,49,1,0.6777508E+04,2001586E-03,-0.8858E+02,0.4872E+02,0.9493291,-0.2891720,0.1231009
T,50,1,0.5454194E+04,2001837E-03,0.4655E+03,-0.2193E+03,0.9104414,0.4136137,-0.0044922
T,51,1,0.5672063E+04,2001076E-03,-0.4725E+03,-0.2538E+03,0.8709836,-0.4878225,-0.0584534
T,52,1,0.6214201E+04,2001967E-03,0.6342E+02,-0.2015E+03,0.9737154,0.0596925,-0.2198071
T,53,1,0.5986475E+04,2001664E-03,0.3857E+03,-0.1894E+03,0.9992259,-0.0387662,-0.0066934
T,55,1,0.4206165E+04,2000137E-03,-0.1094E+04,0.4927E+03,0.7008992,-0.5738698,0.4235726
T,56,1,0.6046011E+04,2000172E-03,-0.2004E+03,-0.1061E+03,0.9585495,-0.1363802,-0.2501667
T,57,1,0.5960742E+04,2000250E-03,-0.2273E+03,-0.2651E+02,0.9789642,-0.1424065,-0.1461143
T,58,1,0.6234111E+04,2000208E-03,0.4250E+03,0.1119E+03,0.9087088,0.4174133,0.0038117
T,59,1,0.5558326E+04,2001829E-03,-0.4639E+03,-0.5856E+02,0.9848014,-0.1164136,-0.1288957
T,60,1,0.3944508E+04,2000124E-03,0.7945E+03,-0.3834E+03,0.1432748,0.7906639,-0.5952503
T,61,1,0.7188341E+04,2001152E-03,0.2342E+03,0.6137E+02,0.9763084,0.1605229,-0.1451007
T,62,1,0.6176033E+04,2001974E-03,-0.2260E+03,0.6790E+02,0.9968954,-0.0353380,0.0703620
T,63,1,0.4595472E+04,2000393E-03,-0.1168E+04,0.2340E+03,0.4550232,-0.8886868,0.0564769
T,64,1,0.4846051E+04,2000344E-03,-0.6781E+03,-0.6905E+03,0.8139543,-0.3938326,-0.4270530
T,65,1,0.6242485E+04,2000702E-03,-0.4856E+03,0.5478E+02,0.9187234,-0.3909874,0.0554634
T,66,1,0.5519698E+04,2000492E-03,-0.2280E+02,-0.3342E+01,0.8570255,-0.3156091,0.4073061
T,67,1,0.6987353E+04,2001240E-03,0.2878E+03,0.1100E+02,0.9770479,0.1808864,-0.1125055
T,68,1,0.6207281E+04,2000993E-03,-0.1095E+03,0.1596E+03,0.9388064,-0.3052611,0.1595565
T,69,1,0.6366950E+04,2001771E-03,0.8611E+02,0.1016E+03,0.9739405,0.1231791,0.1904386
T,70,1,0.3784556E+04,2000357E-03,-0.1067E+03,-0.7047E+03,0.5304928,0.1456079,-0.8350902
T,71,1,0.5991214E+04,2000330E-03,0.1191E+03,-0.1158E+02,0.9876888,0.1540286,0.0273153
T,72,1,0.6076784E+04,2001429E-03,-0.5152E+03,-0.3466E+03,0.8831636,-0.4004132,-0.2443179
T,73,1,0.6632350E+04,2000181E-03,0.1820E+03,0.2562E+03,0.9413761,-0.0155358,0.3370009
T,74,1,0.5876574E+04,2000961E-03,-0.2752E+03,-0.2803E+03,0.8753651,0.2916398,0.3855932
T,75,1,0.3112735E+04,2000143E-03,-0.2590E+03,-0.9777E+03,0.7781266,-0.3499380,-0.5215960
T,76,1,0.5694804E+04,2000185E-03,0.3238E+03,0.4740E+03,0.9251521,0.3583851,0.1251146
T,77,1,0.6758628E+04,2001337E-03,0.6328E+02,-0.7521E+02,0.9788953,0.1671968,-0.1175129
T,78,1,0.5800456E+04,2000485E-03,0.4722E+03,0.1673E+03,0.8557393,0.4016938,0.3261170
T,79,1,0.5883188E+04,2001470E-03,-0.2167E+03,-0.2670E+03,0.9521948,-0.2413086,0.1873375
T,80,1,0.5613725E+04,2000319E-03,-0.1701E+03,0.1943E+03,0.8964203,-0.0509730,0.4402640
T,81,1,0.5696872E+04,2001083E-03,-0.3736E+03,-0.4523E+03,0.7799187,-0.3504296,-0.5185806
T,82,1,0.7167772E+04,2000672E-03,-0.2392E+03,-0.2581E+02,0.9440698,-0.3295627,-0.0109817
T,83,1,0.5702654E+04,2000644E-03,-0.1514E+03,0.6531E+03,0.8117158,-0.2834414,0.5106646
T,84,1,0.6028085E+04,2000158E-03,-0.9021E+02,-0.1136E+03,0.9813583,-0.0207324,-0.1910655
T,85,1,0.6301460E+04,2001946E-03,0.3450E+03,-0.1412E+03,0.9370309,0.3325951,-0.1065527
T,86,1,0.6838989E+04,2001646E-03,-0.2321E+02,-0.1128E+03,0.9954731,0.0064828,-0.0948219
T,87,1,0.5544488E+04,2000597E-03,0.4488E+02,0.6976E+03,0.9664962,0.0638762,0.2486059
T,88,1,0.6509013E+04,2001312E-03,-0.3101E+03,0.2788E+03,0.9338151,-0.2999787,0.1949415
T,89,1,0.5884977E+04,2001882E-03,-0.3519E+03,-0.3232E+03,0.8770418,-0.2342655,-0.4194250
T,90,1,0.6503814E+04,2000927E-03,-0.1205E+03,0.2213E+03,0.9748502,-0.2151177,0.0582366
T,91,1,0.5820179E+04,2001561E-03,0.1313E+03,0.3496E+03,0.8562458,0.2402586,0.4572953
T,92,1,0.6200138E+04,2000111E-03,-0.7888E+02,0.1073E+03,0.9664161,-0.2132120,-0.1434595
T,93,1,0.6265604E+04,2000386E-03,0.2268E+03,-0.1497E+03,0.9966905,0.0604576,-0.0543411
T,94,1,0.6292181E+04,2001358E-03,-0.9679E+01,-0.2524E+03,0.9953527,-0.0686072,-0.0675721
T,96,1,0.6158872E+04,2001098E-03,-0.2006E+03,0.1826E+03,0.8734100,-0.4014873,0.2756137
T,97,1,0.5879879E+04,2000009E-03,0.3969E+03,-0.4348E+03,0.7958249,0.4614073,-0.3921302
T,98,1,0.6339185E+04,2000109E-03,0.3096E+03,-0.4763E+02,0.8958138,0.3887996,-0.2152966
T,99,1,0.5944225E+04,2002077E-03,0.8569E+02,-0.1012E+03,0.9986988,0.0473207,-0.0190145
T,100,1,0.6042068E+04,2001353E-03,-0.4802E+03,-0.2452E+03,0.8514771,-0.4358807,-0.2915387
T,101,1,0.5719162E+04,2000354E-03,0.7294E+03,0.2335E+03,0.7332523,0.6269994,0.2630832
T,102,1,0.5908666E+04,2000241E-03,-0.1767E+03,-0.1566E+03,0.8697836,0.2435419,-0.4291431
T,103,1,0.6498895E+04,2001528E-03,-0.9555E+02,-0.3391E+03,0.9723704,0.0468145,-0.2287011
T,104,1,0.5858273E+04,2001557E-03,-0.3136E+03,0.5102E+02,0.9331665,-0.3570008,-0.0418412
T,105,1,0.6412861E+04,2001993E-03,-0.7032E+02,0.2885E+03,0.9506196,-0.0869081,0.2979417
T,106,1,0.5857309E+04,2000967E-03,0.2581E+03,0.3674E+03,0.9674294,-0.1569827,0.1985867
T,107,1,0.6127296E+04,2001058E-03,-0.7349E+02,-0.1240E+01,0.9963174,0.0855938,-0.0050425
T,108,1,0.6027451E+04,2000743E-03,0.6084E+02,-0.3509E+03,0.9232793,0.2207967,-0.3143314
T,109,1,0.6208285E+04,2000843E-03,-0.1150E+03,0.2545E+03,0.9825767,-0.0613355,0.1754452
T,110,1,0.6245386E+04,2000233E-03,-0.2415E+03,0.2474E+03,0.9774452,0.0890048,0.1915178
T,111,1,0.5704596E+04,2001465E-03,0.1991E+02,-0.3453E+03,0.9110087,0.2005382,-0.3603437
T,112,1,0.5612355E+04,2000685E-03,0.5226E+03,-0.5794E+03,0.8529282,0.4114109,-0.3213326
T,113,1,0.6917366E+04,2001083E-03,0.1471E+03,-0.5313E+02,0.9510992,0.2279523,-0.2084420
T,114,1,0.6272684E+04,2001069E-03,0.5401E+03,-0.5360E+02,0.9006562,0.4313025,-0.0528818
T,115,1,0.6299065E+04,2000161E-03,0.1646E+03,0.3389E+02,0.9433396,0.2167001,0.2512995
T,116,1,0.5179661E+04,2000613E-03,0.7962E+03,-0.1020E+03,0.7148014,0.6650032,-0.2164017
T,117,1,0.5901548E+04,2002107E-03,-0.2307E+03,-0.1450E+02,0.9783643,-0.1603499,-0.1307331
T,118,1,0.4597649E+04,2000708E-03,0.6284E+03,-0.6177E+03,0.5760264,0.4145484,-0.7045163
T,119,1,0.6031876E+04,2000434E-03,0.5745E+02,0.5190E+03,0.9559259,-0.0851071,0.2810027
T,120,1,0.5363522E+04,2000287E-03,0.6689E+03,-0.2324E+03,0.6823094,0.7283256,-0.0632118
T,121,1,0.5657338E+04,2001652E-03,-0.1023E+03,0.5387E+03,0.9817168,0.0328370,0.1874938
T,122,1,0.6600872E+04,2000763E-03,-0.8600E+00,-0.1284E+03,0.9952129,0.0124941,0.0969284
T,123,1,0.5694945E+04,2001027E-03,0.3662E+03,0.5091E+03,0.7928336,0.4383813,0.4233636
T,124,1,0.5445078E+04,2001740E-03,0.4494E+03,-0.1345E+03,0.9194500,0.3870616,0.0692458
T,125,1,0.4856855E+04,2000228E-03,-0.1007E+04,-0.1105E+03,0.8915806,-0.4508939,0.0421741
T,126,1,0.6311823E+04,2000895E-03,0.1329E+02,0.6956E+02,0.9711500,-0.0300450,0.2365692
T,127,1,0.5949907E+04,2000444E-03,-0.7147E+02,0.5699E+03,0.7005118,-0.1706422,0.6929390
T,128,1,0.5969880E+04,2001751E-03,0.2184E+03,0.2215E+03,0.8882835,0.4235337,0.1776839
T,129,1,0.6282380E+04,2001912E-03,-0.3127E+02,-0.3904E+02,0.9629862,-0.1866748,-0.1944481
T,130,1,0.6189856E+04,2000083E-03,-0.1607E+03,-0.6587E+02,0.9312051,0.1805275,-0.3166496
T,131,1,0.5790215E+04,2001878E-03,-0.1321E+03,0.1761E+03,0.9754992,-0.1766146,-0.1311816
T,132,1,0.4822513E+04,2001078E-03,-0.7745E+03,0.1168E+02,0.8247312,-0.3416241,-0.4506789
T,134,1,0.6296266E+04,2000322E-03,-0.2560E+03,0.1841E+03,0.9576756,-0.2829929,0.0526552
T,135,1,0.6810549E+04,2000604E-03,0.1829E+03,0.2813E+03,0.9786980,0.1454114,0.1449336
T,136,1,0.6157995E+04,2000747E-03,0.2428E+03,0.1612E+03,0.9765743,0.1585806,0.1454469
T,137,1,0.6376997E+04,2002014E-03,-0.3870E+02,0.4065E+03,0.9160753,0.0472806,0.3982091
T,138,1,0.6193267E+04,2000882E-03,0.1258E+03,-0.1598E+02,0.9704551,0.2379324,0.0400630
T,139,1,0.6640018E+04,2001873E-03,0.2375E+03,0.1339E+03,0.9376678,0.3225709,0.1293336
T,140,1,0.4436895E+04,2001606E-03,0.1084E+04,-0.1348E+03,0.9319329,0.3604734,-0.0394977
T,141,1,0.6017131E+04,2000064E-03,0.1995E+03,-0.4467E+03,0.8911433,0.2086906,-0.4028794
T,142,1,0.6578858E+04,2001457E-03,-0.3196E+03,-0.1152E+03,0.9912190,-0.1225539,0.0496528
T,143,1,0.6107962E+04,2001754E-03,0.3267E+02,-0.8375E+02,0.9965484,-0.0129737,0.0819935
T,144,1,0.6914459E+04,2001060E-03,-0.1494E+02,0.1802E+03,0.9611754,-0.0575921,0.2698612
T,145,1,0.6386531E+04,2001152E-03,0.2370E+03,-0.1586E+03,0.9295386,0.0729695,-0.3614325
T,146,1,0.6340815E+04,2001775E-03,0.3937E+03,-0.5723E+02,0.9353661,0.3440263,0.0820738
T,147,1,0.6621631E+04,2001979E-03,0.1128E+03,0.3297E+03,0.9347107,0.1036343,0.3399644
T,148,1,0.6113722E+04,2000960E-03,-0.4885E+03,-0.1555E+03,0.8632701,-0.2469001,-0.4402329
T,149,1,0.4499776E+04,2001197E-03,-0.1123E+04,-0.1583E+03,0.8740829,-0.4842783,-0.0381261
T,150,1,0.6602244E+04,2001463E-03,-0.1839E+03,-0.2390E+02,0.9794455,-0.1958598,-0.0482222
T,151,1,0.5773096E+04,2001735E-03,-0.5828E+03,-0.1533E+03,0.8728388,-0.4753109,-0.1105984
T,152,1,0.6200569E+04,2001837E-03,-0.1642E+03,0.2137E+03,0.9888874,-0.0921130,0.1166915
T,153,1,0.5919727E+04,2000035E-03,0.2887E+03,-0.1357E+03,0.7835345,0.6213483,-0.0002481
T,154,1,0.6328958E+04,2000125E-03,-0.3813E+03,-0.2666E+03,0.7531012,-0.4258001,-0.5015305
T,155,1,0.5701301E+04,2001234E-03,-0.5758E+03,0.5039E+03,0.9948125,-0.0627625,0.0800561
T,156,1,0.6393016E+04,2000186E-03,0.8659E+01,-0.1769E+03,0.9773276,-0.2035110,0.0584296
T,157,1,0.6693584E+04,2001514E-03,0.1917E+02,-0.3109E+02,0.9471078,0.1803491,-0.2654448
T,158,1,0.5946824E+04,2001443E-03,-0.4482E+02,0.1972E+02,0.9661947,-0.2503143,0.0617295
T,159,1,0.4711957E+04,2001123E-03,0.4253E+03,0.9267E+03,0.7099082,0.2016541,0.6748082
T,160,1,0.7695697E+04,2000317E-03,0.8138E+02,-0.6611E+02,0.9643352,0.2287875,0.1330934
T,161,1,0.5888348E+04,2000583E-03,0.3411E+03,-0.7046E+01,0.9268209,0.3752794,0.0129780
T,162,1,0.5625286E+04,2001088E-03,0.5954E+03,0.2280E+03,0.9657215,0.2442005,-0.0880228
T,163,1,0.5842753E+04,2000936E-03,0.6338E+03,-0.2197E+03,0.9804559,0.1939283,-0.0331354
T,164,1,0.5499006E+04,2001651E-03,-0.5187E+03,0.7252E+02,0.9775864,-0.2073445,0.0365126
T,165,1,0.6524729E+04,2000183E-03,0.3924E+02,-0.1349E+03,0.9981403,-0.0317359,-0.0520458
T,166,1,0.6125752E+04,2000864E-03,0.1828E+03,0.3508E+03,0.9265161,0.3024751,0.2237781
T,167,1,0.6077779E+04,2002008E-03,0.5927E+02,-0.1281E+03,0.9884670,0.0443758,-0.1447891
T,168,1,0.6129301E+04,2000859E-03,-0.8048E+02,0.1083E+02,0.9797439,0.1593771,0.1212468
T,169,1,0.4206278E+04,2001630E-03,-0.2603E+03,0.6325E+02,0.8319173,-0.5081314,-0.2229712
T,170,1,0.6342969E+04,2002185E-03,0.3829E+02,0.6817E+02,0.9939076,0.0949381,0.0559865
T,171,1,0.6040554E+04,2001552E-03,0.9467E+02,0.4581E+03,0.8174942,0.2151166,0.5342546
T,172,1,0.5790284E+04,2001005E-03,0.2691E+03,-0.8486E+03,0.8769754,0.0459965,-0.4783288
T,173,1,0.5891888E+04,2000563E-03,-0.3495E+03,0.9139E+02,0.9874455,-0.1488993,0.0527287
T,174,1,0.5578802E+04,2000581E-03,0.6157E+03,-0.2149E+03,0.7269910,0.5257428,-0.4416770
T,175,1,0.5984498E+04,2001058E-03,-0.2854E+03,-0.1084E+03,0.7476657,-0.4607529,-0.4782287
T,176,1,0.4050764E+04,2000255E-03,0.7957E+03,0.6577E+03,0.2827804,0.9422208,0.1795975
T,177,1,0.5334656E+04,2001724E-03,0.2949E+03,-0.8286E+03,0.8600684,0.0788329,-0.5040513
T,178,1,0.6366590E+04,2000505E-03,-0.8298E+02,-0.2013E+03,0.9892216,0.0550392,-0.1356880
T,179,1,0.6205172E+04,2001442E-03,0.6010E+02,0.1955E+03,0.9887205,0.0052051,0.1496820
T,180,1,0.6352365E+04,2000790E-03,-0.4059E+03,-0.4978E+03,0.8795150,-0.1879325,-0.4371895
T,181,1,0.6617447E+04,2000824E-03,-0.3765E+02,-0.1748E+03,0.9865510,-0.1448909,-0.0756549
T,182,1,0.6274740E+04,2001893E-03,0.4567E+02,-0.7088E+02,0.9982596,-0.0588495,0.0038029
T,183,1,0.6647546E+04,2000748E-03,-0.3917E+03,0.4398E+03,0.8809811,-0.0987179,0.4627386
T,184,1,0.5633655E+04,2000497E-03,0.6198E+02,0.3567E+03,0.6076820,0.6467079,0.4609680
T,185,1,0.5448134E+04,2000118E-03,0.3988E+03,0.3843E+03,0.8312247,0.5491912,0.0863393
T,186,1,0.5467634E+04,2001114E-03,-0.3814E+03,-0.5052E+03,0.9761684,0.1735226,-0.1303271
T,187,1,0.5893478E+04,2001334E-03,0.2159E+03,0.6535E+03,0.9044409,0.0940452,0.4161034
T,188,1,0.5862014E+04,2000636E-03,-0.4937E+03,-0.2870E+03,0.9064119,-0.0360338,-0.4208551
T,189,1,0.5882422E+04,2000837E-03,-0.1080E+03,-0.2657E+03,0.9931370,-0.0775676,-0.0875334
T,190,1,0.5805252E+04,2001910E-03,0.1173E+03,-0.1423E+03,0.9637626,0.1086813,-0.2436186
T,191,1,0.6416535E+04,2000859E-03,-0.3301E+03,-0.2119E+03,0.9821208,-0.1330338,-0.1331941
T,192,1,0.6340523E+04,2000056E-03,-0.1736E+03,0.2695E+02,0.9995373,-0.0304155,-0.0002005
T,193,1,0.6531454E+04,2001846E-03,0.1579E+03,-0.2016E+03,0.9668918,0.1499647,-0.2064724
T,194,1,0.6143315E+04,2000787E-03,0.1806E+03,-0.5664E+03,0.9014578,-0.0091732,-0.4327698
T,195,1,0.5870589E+04,2000892E-03,-0.7398E+02,-0.4642E+02,0.9630057,-0.2317854,-0.1374609
T,196,1,0.5945045E+04,2000468E-03,0.1474E+03,-0.2590E+03,0.9401757,0.1596977,-0.3009425
T,197,1,0.5583848E+04,2000610E-03,-0.1975E+03,0.3777E+03,0.9482644,-0.1843638,0.2584660
T,198,1,0.6448939E+04,2000995E-03,-0.1952E+03,-0.7063E+02,0.9646718,-0.2337763,-0.1214782
T,199,1,0.6572835E+04,2000525E-03,-0.5692E+02,-0.1587E+03,0.9671406,-0.1897312,-0.1692367
T,200,1,0.6248475E+04,2001273E-03,0.2524E+03,0.7465E+02,0.9970149,-0.0554663,-0.0537109
T,201,1,0.6726462E+04,2000604E-03,0.1996E+03,0.5863E+02,0.9516647,0.3041649,-0.0426378
T,202,1,0.6104936E+04,2001159E-03,0.6317E+02,0.2671E+03,0.9876129,-0.0313613,0.1537438
T,203,1,0.6258107E+04,2000634E-03,0.3433E+03,-0.4145E+03,0.8972878,0.0557256,-0.4379147
T,204,1,0.5619894E+04,2000597E-03,0.2215E+03,-0.1522E+03,0.7645862,0.3636426,-0.5321391
T,205,1,0.5105030E+04,2001348E-03,0.5466E+03,-0.1330E+03,0.6070193,0.4931533,-0.6231592
T,206,1,0.6598072E+04,2001745E-03,0.8229E+02,-0.3473E+02,0.9841261,0.0973169,-0.1484092
T,207,1,0.6402295E+04,2000773E-03,-0.2306E+02,0.6171E+02,0.9495771,-0.1167606,0.2909817
T,208,1,0.6328535E+04,2001967E-03,0.1370E+03,0.1171E+03,0.9939310,0.0638174,0.0896021
T,209,1,0.6458209E+04,2000574E-03,-0.8407E+02,0.1979E+03,0.9886850,-0.1454332,0.0367590
T,210,1,0.6291962E+04,2001378E-03,-0.2234E+03,-0.2429E+03,0.9542574,-0.0939120,-0.2838545
T,211,1,0.6331857E+04,2000958E-03,-0.1134E+03,-0.2454E+03,0.9103906,-0.1849114,-0.3701307
T,212,1,0.6648017E+04,2001394E-03,-0.1502E+03,0.7511E+01,0.9944177,-0.1020620,-0.0267746
T,213,1,0.5876978E+04,2001440E-03,0.2446E+03,0.1080E+03,0.8980688,0.3838661,0.2147538
T,214,1,0.6290031E+04,2001298E-03,0.4243E+03,0.2074E+02,0.8941810,0.4467737,0.0288730
T,215,1,0.6333606E+04,2001221E-03,0.3214E+03,-0.2658E+02,0.8971974,0.4029942,-0.1806447
T,216,1,0.6520657E+04,2000783E-03,-0.1602E+03,-0.1279E+03,0.9880903,-0.1400494,-0.0637479
T,217,1,0.4280995E+04,2000993E-03,0.1057E+04,0.4898E+03,0.6190403,0.7445503,0.2498678
T,218,1,0.6402497E+04,2000157E-03,-0.1539E+03,-0.3464E+03,0.8778142,-0.4170354,-0.2356348
T,219,1,0.6644545E+04,2002080E-03,0.7034E+02,-0.2482E+03,0.9821631,0.1487085,-0.1150715
T,220,1,0.6770916E+04,2002198E-03,-0.1288E+03,-0.1655E+02,0.9980666,-0.0466900,0.0410246
T,221,1,0.5248183E+04,2001660E-03,-0.7553E+03,-0.3077E+02,0.8943053,-0.3229332,0.3097292
T,222,1,0.5495837E+04,2000570E-03,-0.3946E+03,0.8393E+02,0.8545115,-0.4962941,0.1533048
T,223,1,0.5820064E+04,2000647E-03,0.2383E+03,0.4646E+03,0.6925460,0.1185881,0.7115595
T,224,1,0.6839456E+04,2000547E-03,-0.2276E+03,-0.5960E+02,0.9764255,-0.2053929,-0.0663857
T,225,1,0.5693978E+04,2001515E-03,-0.5289E+03,0.3648E+03,0.8536521,-0.4776251,0.2077316
T,226,1,0.5876664E+04,2000511E-03,0.2654E+03,0.4823E+03,0.8970980,0.2150733,0.3859517
T,227,1,0.6341548E+04,2002226E-03,0.1230E+03,0.4863E+01,0.9913872,0.1149779,0.0627017
T,228,1,0.5501379E+04,2000478E-03,-0.3976E+03,0.1860E+03,0.9489299,-0.2664800,0.1688801
T,229,1,0.6469333E+04,2000748E-03,0.8863E+02,-0.9707E+01,0.9263758,0.2125621,-0.3108783
T,230,1,0.6837592E+04,2000217E-03,0.9915E+02,0.1504E+03,0.9649015,-0.1529077,0.2135046
T,231,1,0.5648664E+04,2000338E-03,0.3677E+03,0.5724E+03,0.8698969,0.2773549,0.4078647
T,232,1,0.3242389E+04,2001107E-03,-0.1490E+04,-0.6271E+03,0.6398762,-0.6069598,-0.4713367
T,233,1,0.5957714E+04,2002024E-03,-0.3387E+02,0.9543E+01,0.9147512,-0.3905882,0.1033004
T,234,1,0.5552219E+04,2001459E-03,0.5191E+03,0.4844E+03,0.7517030,0.5647571,0.3405760
T,235,1,0.5186230E+04,2001736E-03,-0.1899E+03,0.7106E+03,0.9561877,0.0922060,0.2778545
T,236,1,0.5910291E+04,2001528E-03,-0.1465E+03,-0.2060E+03,0.9416170,0.2031489,-0.2684918
T,237,1,0.6287472E+04,2000429E-03,0.1076E+03,0.1500E+03,0.9437548,0.1525275,0.2933635
T,238,1,0.6128656E+04,2000135E-03,0.3528E+03,0.2183E+02,0.9665517,0.2010713,-0.1592110
T,239,1,0.5964795E+04,2001396E-03,0.4246E+03,-0.2968E+03,0.8019770,0.4395402,-0.4045211
T,240,1,0.6533578E+04,2001609E-03,-0.3511E+03,0.5558E+01,0.9594312,-0.2603668,-0.1081711
T,241,1,0.6254976E+04,2001721E-03,-0.2554E+03,0.8003E+02,0.9435286,-0.3305057,-0.0227960
T,242,1,0.5689332E+04,2002185E-03,0.1085E+03,0.2181E+02,0.9733388,0.1917147,-0.1259246
T,243,1,0.6209345E+04,2000342E-03,-0.1533E+03,0.5109E+03,0.8911178,-0.3900647,0.2318590
T,244,1,0.6471425E+04,2001072E-03,0.1704E+03,0.3086E+02,0.9843817,0.1759381,0.0062058
T,245,1,0.5884645E+04,2000651E-03,0.5449E+02,-0.1680E+03,0.9606077,-0.2165761,-0.1741486
T,246,1,0.4822081E+04,2000291E-03,-0.7442E+03,0.1976E+03,0.8960898,-0.4400630,-0.0580309
T,247,1,0.6215635E+04,2002120E-03,0.3866E+03,-0.1846E+03,0.9422693,0.2682861,-0.2003777
T,248,1,0.5826896E+04,2001129E-03,0.2726E+03,0.9391E+02,0.9413083,0.3063003,0.1418406
T,249,1,0.5982708E+04,2001865E-03,0.3150E+03,0.2957E+03,0.8862981,0.3065365,0.3471471
T,250,1,0.5898682E+04,2000477E-03,0.2237E+03,0.2355E+03,0.9275770,0.1929829,0.3199353
T,251,1,0.6179038E+04,2001719E-03,0.3607E+02,-0.1570E+03,0.9663576,0.1819957,-0.1817431
T,252,1,0.6696409E+04,2000658E-03,-0.2991E+03,-0.2686E+03,0.9200561,-0.2665851,-0.2871048
T,253,1,0.6171993E+04,2000380E-03,-0.6457E+02,0.1396E+03,0.8331088,-0.4787101,0.2770676
T,254,1,0.6026573E+04,2000293E-03,-0.8455E+02,-0.9620E+02,0.9982919,0.0485542,-0.0324920
T,255,1,0.6096056E+04,2001703E-03,0.4834E+02,0.1169E+03,0.8758217,0.3180901,0.3629809
T,256,1,0.5646684E+04,2001052E-03,-0.5802E+03,-0.2525E+02,0.8651399,-0.3007874,0.4013227
T,257,1,0.5619324E+04,2002167E-03,0.2056E+03,0.1763E+03,0.9962144,0.0514785,0.0700493
T,258,1,0.6238484E+04,2001704E-03,-0.3320E+03,-0.3732E+03,0.8909738,-0.3253910,-0.3166803
T,259,1,0.6171218E+04,2000537E-03,-0.4620E+01,0.2651E+03,0.9139486,-0.1905234,0.3583278
T,260,1,0.5885047E+04,2000919E-03,0.5905E+02,0.6054E+02,0.9891944,-0.0490922,0.1381461
T,261,1,0.5807148E+04,2001898E-03,-0.1571E+02,0.3488E+03,0.9329419,-0.0279328,0.3589418
T,262,1,0.5705817E+04,2000318E-03,-0.3476E+03,0.1634E+03,0.6511403,-0.7536140,-0.0899016
T,263,1,0.6035212E+04,2000485E-03,0.5203E+03,-0.1495E+03,0.9653193,0.2587541,0.0347136
T,264,1,0.6180738E+04,2000576E-03,0.1753E+03,0.5753E+02,0.9524076,0.2669214,0.1472166
T,265,1,0.2022479E+04,2001034E-03,0.4660E+03,-0.1782E+04,0.7687809,0.6342807,-0.0816331
T,266,1,0.5313072E+04,2001220E-03,0.3071E+02,-0.5893E+03,0.8277541,0.0087608,-0.5610227
T,267,1,0.6180272E+04,2000776E-03,-0.6900E+02,-0.1299E+03,0.9062919,-0.1306171,-0.4019628
T,268,1,0.6216149E+04,2000945E-03,0.5218E+03,0.4207E+03,0.7933746,0.4555806,0.4037363
T,269,1,0.6295299E+04,2001818E-03,0.9608E+02,-0.1543E+03,0.9922317,0.0243054,-0.1220059
T,270,1,0.5929449E+04,2001625E-03,0.2268E+02,-0.3676E+03,0.8487804,-0.0073901,-0.5286939
T,271,1,0.6883545E+04,2000793E-03,0.1263E+03,0.7472E+02,0.9706584,0.0802536,0.2266753
T,272,1,0.6642651E+04,2001094E-03,0.3460E+03,-0.1836E+03,0.9957157,0.0661753,-0.0645846
T,273,1,0.6562234E+04,2001012E-03,0.1021E+03,-0.4883E+01,0.9904701,0.0589082,-0.1244944
T,274,1,0.2992223E+04,2001025E-03,-0.1840E+04,0.5970E+02,0.5066260,-0.8056912,0.3069069
T,275,1,0.6406555E+04,2001840E-03,-0.4719E+03,-0.4010E+02,0.9481598,-0.2663005,0.1734272
T,276,1,0.6653286E+04,2001349E-03,-0.5686E+02,0.2948E+02,0.9723636,-0.1772663,0.1519400
T,277,1,0.6517434E+04,2001723E-03,0.2222E+03,0.2433E+02,0.9056729,0.2210340,0.3618019
T,278,1,0.5643938E+04,2000062E-03,-0.7517E+03,-0.2086E+03,0.8715333,-0.4603111,-0.1689482
T,279,1,0.6247457E+04,2000969E-03,-0.9647E+02,0.3822E+03,0.9383464,-0.0140182,0.3454121
T,280,1,0.5693803E+04,2001658E-03,0.4609E+02,-0.3560E+03,0.9415378,-0.0276229,-0.3357732
T,281,1,0.6470664E+04,2000506E-03,0.2305E+03,0.9866E+02,0.9215767,0.3366390,0.1933147
T,282,1,0.6413561E+04,2002121E-03,-0.2892E+02,-0.8403E+02,0.9941843,-0.0646759,-0.0861076
T,283,1,0.6012638E+04,2000711E-03,0.1394E+03,-0.1090E+03,0.9927223,-0.1202058,-0.0072783
T,284,1,0.6211258E+04,2002207E-03,0.8605E+02,0.1789E+03,0.9993310,0.0072268,-0.0358527
T,285,1,0.6526777E+04,2000590E-03,0.2115E+02,-0.6217E+02,0.9981375,-0.0102982,-0.0601282
T,286,1,0.6948056E+04,2001037E-03,0.3547E+03,0.3627E+02,0.9326529,0.3228628,0.1609912
T,287,1,0.6426928E+04,2000401E-03,-0.1150E+03,0.2678E+03,0.9222549,-0.1973661,0.3324041
T,288,1,0.6257764E+04,2001762E-03,-0.1656E+03,-0.2917E+03,0.9503494,-0.0457209,-0.3078079
T,289,1,0.6754845E+04,2001230E-03,-0.2040E+03,-0.9384E+01,0.9949273,-0.0867746,-0.0508897
T,290,1,0.6859401E+04,2001070E-03,-0.2421E+02,-0.3703E+02,0.9989720,-0.0408627,-0.0196237
T,291,1,0.6717292E+04,2001012E-03,-0.2064E+03,0.3657E+03,0.9368998,-0.2612730,0.2322826
T,292,1,0.6694197E+04,2001555E-03,-0.9169E+02,0.4574E+03,0.9186034,-0.0641790,0.3899345
T,293,1,0.5939741E+04,2001535E-03,-0.3433E+02,0.4262E+03,0.9219491,-0.0944747,0.3756120
T,294,1,0.6362431E+04,2000054E-03,0.8304E+02,-0.2558E+03,0.9544390,0.1264426,-0.2702934
T,295,1,0.6147742E+04,2000488E-03,0.4437E+03,-0.1389E+03,0.9632991,0.2385967,-0.1229899
T,296,1,0.5902111E+04,2000929E-03,0.2031E+03,0.1206E+03,0.9160733,0.2624254,0.3032205
T,297,1,0.5596417E+04,2001463E-03,-0.6907E+02,-0.2811E+03,0.9208402,0.0349502,-0.3883707
T,298,1,0.6935764E+04,2001925E-03,0.1608E+03,-0.2979E+03,0.9814929,0.0711655,-0.1777838
T,299,1,0.4378969E+04,2000093E-03,-0.1317E+04,0.4428E+02,0.8130404,-0.5814598,-0.0294921
T,300,1,0.5528176E+04,2001048E-03,-0.2990E+03,0.4248E+03,0.9833109,-0.0782621,0.1642400
T,301,1,0.5976584E+04,2002038E-03,-0.1756E+03,-0.1769E+03,0.9525537,-0.1371526,-0.2717178
T,302,1,0.6174844E+04,2000120E-03,-0.9000E+02,-0.1467E+03,0.9945106,0.0453865,0.0942799
T,303,1,0.6227608E+04,2000677E-03,-0.2169E+03,-0.4514E+03,0.9120690,-0.1419202,-0.3846932
T,304,1,0.6340054E+04,2000791E-03,-0.1821E+03,0.6272E+02,0.9888162,0.1236166,0.0834357
T,305,1,0.6623186E+04,2000637E-03,0.1190E+03,-0.9222E+01,0.9957306,0.0422834,-0.0820524
T,306,1,0.6387485E+04,2000484E-03,-0.4468E+02,0.1619E+03,0.9690244,-0.2397968,-0.0590692
T,307,1,0.5754207E+04,2001772E-03,-0.5239E+02,-0.1775E+03,0.8748596,-0.3542405,0.3303548
T,308,1,0.6377975E+04,2002148E-03,-0.4719E+02,-0.1554E+03,0.9831275,-0.1047215,-0.1499790
T,309,1,0.6239502E+04,2001323E-03,-0.1345E+03,-0.6184E+02,0.9505428,-0.2814965,-0.1312562
T,310,1,0.5498867E+04,2000871E-03,-0.1241E+03,-0.4697E+03,0.8647066,-0.1450245,-0.4808850
T,311,1,0.5989993E+04,2000662E-03,0.6973E+02,0.1384E+03,0.9759410,0.1575878,0.1506824
T,312,1,0.6366906E+04,2001627E-03,-0.6698E+02,-0.3848E+03,0.8968037,-0.0199802,-0.4419773
T,313,1,0.6438882E+04,2000227E-03,0.1367E+02,0.1752E+03,0.9991348,0.0207016,0.0360707
T,315,1,0.5981429E+04,2000895E-03,0.2461E+03,-0.1089E+03,0.9296341,0.3444383,-0.1309299
T,316,1,0.6525599E+04,2001625E-03,-0.2364E+02,-0.1097E+03,0.9266489,0.1139842,-0.3582309
T,317,1,0.5871905E+04,2001756E-03,0.6528E+03,-0.2625E+03,0.8394969,0.5424903,-0.0308097
T,318,1,0.6384314E+04,2000644E-03,0.3086E+03,0.2971E+03,0.9315219,0.2253393,0.2854630
T,319,1,0.6483535E+04,2000966E-03,0.2107E+03,0.4533E+01,0.9662770,0.1912329,-0.1724492
T,320,1,0.5259289E+04,2001241E-03,-0.4588E+03,-0.3306E+03,0.7066984,-0.6484237,-0.2830619
T,322,1,0.6327548E+04,2000818E-03,0.8485E+02,0.8278E+02,0.9980275,-0.0601248,-0.0180574
T,323,1,0.6093728E+04,2001144E-03,0.2504E+03,0.8668E+02,0.9821360,0.1587024,0.1011061
T,324,1,0.6014156E+04,2001906E-03,-0.8608E+02,-0.1597E+03,0.8985570,-0.1105729,-0.4246987
T,325,1,0.5715408E+04,2000741E-03,-0.6923E+02,-0.1776E+03,0.8494498,-0.0011699,-0.5276682
T,326,1,0.6510882E+04,2000052E-03,0.1892E+03,-0.1663E+03,0.9872349,0.0327477,-0.1558681
T,327,1,0.3898903E+04,2000919E-03,0.1302E+04,0.6040E+02,0.4549813,0.8879342,-0.0675636
T,328,1,0.6704246E+04,2000382E-03,0.3691E+03,0.7833E+02,0.9626290,0.2705046,-0.0131417
T,329,1,0.5974022E+04,2001060E-03,-0.5246E+02,-0.4135E+03,0.9955505,-0.0515995,-0.0788454
T,330,1,0.6195500E+04,2000205E-03,0.4246E+03,0.6914E+02,0.9791697,0.1171815,0.1658170
T,331,1,0.6946062E+04,2002096E-03,0.5990E+02,0.1390E+03,0.9898736,0.1412828,0.0137605
T,332,1,0.6417537E+04,2001981E-03,-0.2381E+02,-0.1179E+03,0.9966706,0.0091493,-0.0810187
T,333,1,0.5768572E+04,2000724E-03,-0.2796E+03,0.2611E+03,0.9313840,-0.0404583,0.3617831
T,334,1,0.5837136E+04,2001136E-03,0.3510E+03,-0.8558E+02,0.9650206,0.2502123,-0.0782889
T,335,1,0.5909427E+04,2001657E-03,0.1537E+03,-0.4620E+02,0.9935895,-0.0245298,-0.1103548
T,336,1,0.6171482E+04,2000367E-03,-0.8745E+02,0.3130E+03,0.9599210,-0.0395788,0.2774621
T,337,1,0.6678575E+04,2001105E-03,0.2244E+03,-0.1049E+03,0.9991791,0.0401960,-0.0050319
T,338,1,0.5412375E+04,2001023E-03,-0.5211E+03,0.5310E+02,0.8940028,-0.4268632,0.1361864
T,339,1,0.6464552E+04,2000163E-03,0.5539E+02,-0.4844E+02,0.9757934,-0.1554055,-0.1538710
T,340,1,0.4400292E+04,2000308E-03,-0.2934E+03,0.1323E+04,0.5738105,-0.0442644,0.8177910
T,341,1,0.5941392E+04,2000643E-03,0.2768E+03,0.3536E+03,0.9493350,0.2604234,0.1759054
T,342,1,0.6703436E+04,2000962E-03,-0.1800E+03,-0.1190E+03,0.9959369,0.0827448,-0.0355386
T,343,1,0.6141166E+04,2000111E-03,0.5460E+03,0.2093E+03,0.9296010,0.3339311,0.1559870
T,344,1,0.6009585E+04,2000215E-03,-0.3094E+02,0.2026E+03,0.9958809,-0.0853865,-0.0305010
T,345,1,0.7107726E+04,2001658E-03,-0.9335E+02,-0.2487E+03,0.9892639,-0.1081683,-0.0982674
T,346,1,0.6520494E+04,2001523E-03,0.2256E+03,0.1278E+03,0.9973082,0.0607892,0.0410011
T,347,1,0.5879398E+04,2001664E-03,0.2617E+03,0.1588E+03,0.9966624,-0.0682844,-0.0447369
T,348,1,0.5602136E+04,2000433E-03,0.4112E+03,-0.2420E+03,0.8851582,0.4387621,-0.1548638
T,349,1,0.6270754E+04,2000136E-03,-0.3571E+03,0.6032E+02,0.9303833,-0.3570518,0.0830717
T,350,1,0.6086102E+04,2000071E-03,0.1026E+03,-0.8522E+02,0.9921157,-0.0569402,-0.1116439
T,351,1,0.6085664E+04,2001915E-03,0.6373E+02,-0.4643E+02,0.9530756,0.2892840,0.0892283
T,352,1,0.5140408E+04,2001417E-03,0.6193E+02,0.7403E+03,0.8206264,0.1084822,0.5610739
T,353,1,0.6006238E+04,2002250E-03,0.1400E+03,0.9682E+02,0.9996977,-0.0131881,0.0207492
T,354,1,0.6395518E+04,2001805E-03,-0.3469E+03,0.6113E+01,0.9605864,-0.2631588,-0.0895613
T,355,1,0.5477435E+04,2001051E-03,0.2744E+03,0.4066E+03,0.8408770,0.2705766,0.4687368
T,356,1,0.6217100E+04,2000425E-03,-0.1094E+03,0.1005E+03,0.8928298,-0.1057292,0.4378085
T,357,1,0.6244071E+04,2001317E-03,-0.1290E+03,0.9470E+02,0.9823125,-0.1858956,0.0224741
T,358,1,0.3001050E+04,2000961E-03,0.8013E+03,-0.1043E+04,0.7055886,0.1795506,-0.6854972
T,359,1,0.4466964E+04,2001042E-03,0.9006E+03,-0.6405E+03,0.8800449,0.4126323,-0.2350648
T,360,1,0.6448723E+04,2000613E-03,-0.5655E+01,0.5787E+02,0.9905346,-0.0164404,-0.1362751
T,361,1,0.6250435E+04,2000176E-03,-0.8476E+02,-0.4640E+02,0.9853943,-0.1701273,-0.0074014
T,362,1,0.6847496E+04,2000088E-03,-0.3203E+02,-0.8897E+02,0.9942684,-0.0933572,-0.0521038
T,363,1,0.6369597E+04,2001888E-03,0.2161E+03,0.3275E+03,0.8977846,0.1696388,0.4064548
T,364,1,0.6876209E+04,2001248E-03,0.2285E+03,0.9932E+02,0.9898561,0.1328420,0.0503775
T,365,1,0.5224520E+04,2001768E-03,0.5378E+03,0.4397E+03,0.8964228,0.4358556,0.0803498
T,366,1,0.5643176E+04,2001030E-03,0.2774E+03,0.9471E+02,0.8907095,0.4433767,0.1002685
T,367,1,0.6602359E+04,2000424E-03,0.2484E+02,0.3380E+03,0.9627097,0.0514232,0.2656044
T,368,1,0.5931166E+04,2001496E-03,0.3120E+03,0.1647E+03,0.8811713,0.3456811,0.3225549
T,369,1,0.6092883E+04,2001387E-03,-0.1250E+03,0.5994E+02,0.9861068,-0.1159384,0.1189608
T,370,1,0.7086968E+04,2001108E-03,-0.2376E+02,-0.5483E+03,0.8943126,0.1113295,-0.4333713
T,371,1,0.6095154E+04,2001494E-03,-0.3213E+03,-0.1574E+03,0.9437364,-0.2414139,-0.2260109
T,372,1,0.5820038E+04,2001643E-03,-0.8721E+02,0.5659E+03,0.9335379,0.0044217,0.3584513
T,373,1,0.5749110E+04,2001597E-03,0.1754E+02,-0.4075E+03,0.9626511,-0.0663641,-0.2624855
T,374,1,0.5791750E+04,2001991E-03,0.1863E+03,-0.3253E+03,0.9654357,-0.1672654,-0.1998903
T,375,1,0.5670018E+04,2001643E-03,-0.2725E+03,0.3746E+02,0.9687299,-0.2477839,0.0128635
T,376,1,0.6389447E+04,2001346E-03,-0.1963E+03,0.6609E+02,0.9808496,-0.1765658,0.0822110
T,377,1,0.5215237E+04,2000681E-03,0.1017E+04,-0.7521E+02,0.8368679,0.5050297,-0.2111803
T,378,1,0.6131060E+04,2001150E-03,0.1549E+03,0.1938E+03,0.9615930,0.2067663,-0.1805177
T,379,1,0.5300505E+04,2001547E-03,-0.2374E+03,0.8067E+03,0.8699861,0.1196681,0.4783343
T,380,1,0.6553980E+04,2001465E-03,-0.1353E+03,0.2232E+03,0.9910766,-0.1097189,0.0756901
T,382,1,0.6025472E+04,2001387E-03,0.2420E+03,0.1776E+03,0.8201421,0.3846858,0.4235371
T,383,1,0.5998398E+04,2000209E-03,0.2365E+02,-0.1177E+03,0.8720027,-0.0182032,-0.4891624
T,384,1,0.6267621E+04,2001026E-03,0.6432E+02,0.1349E+03,0.9656968,-0.1300883,0.2247369
T,385,1,0.5781685E+04,2000410E-03,-0.1342E+03,0.3884E+03,0.8852417,-0.2810729,0.3706012
T,386,1,0.5826591E+04,2000677E-03,0.2493E+03,-0.4495E+02,0.8606805,0.3558311,-0.3641611
T,387,1,0.6094298E+04,2001859E-03,-0.3763E+03,-0.1419E+03,0.9538681,0.0282989,-0.2988892
T,388,1,0.6345965E+04,2001363E-03,0.5988E+02,0.1563E+03,0.9863289,0.0408957,0.1596332
T,389,1,0.5263287E+04,2001764E-03,0.5960E+03,-0.1509E+03,0.8604948,0.4966307,-0.1136076
T,390,1,0.5728430E+04,2001836E-03,-0.2490E+02,0.1219E+02,0.9854051,0.0002833,-0.1702254
T,391,1,0.5294378E+04,2000639E-03,-0.1666E+03,0.6215E+03,0.6207358,-0.4447765,0.6456477
T,392,1,0.6195871E+04,2001030E-03,0.1909E+02,0.2367E+03,0.9803081,-0.1939192,0.0373024
T,393,1,0.6260974E+04,2000061E-03,0.5866E+02,0.5269E+03,0.8765582,0.1689777,0.4506577
T,394,1,0.6699581E+04,2001375E-03,0.2608E+03,0.1962E+02,0.9677511,0.1133461,-0.2249677
T,395,1,0.6461393E+04,2001921E-03,0.4839E+02,0.7291E+02,0.9979421,0.0358821,0.0531425
T,396,1,0.5367347E+04,2001680E-03,-0.3224E+03,-0.8083E+03,0.7772155,-0.3773157,-0.5035562
T,397,1,0.6357449E+04,2000486E-03,0.7251E+01,0.9707E+02,0.9815939,-0.1705536,-0.0859350
T,398,1,0.6023763E+04,2001140E-03,-0.3205E+03,0.1148E+03,0.9818993,-0.1803123,0.0579765
T,399,1,0.6386597E+04,2000620E-03,-0.2448E+02,-0.9605E+02,0.9956975,0.0877981,0.0296307
T,400,1,0.6488724E+04,2000625E-03,0.9540E+02,-0.9305E+01,0.9838570,0.1470679,-0.1019624
T,401,1,0.6398693E+04,2000348E-03,-0.9085E+00,-0.3750E+01,0.8318144,0.3912012,0.3937594
T,402,1,0.6361741E+04,2000605E-03,0.1607E+03,-0.2652E+03,0.9527966,0.1092774,0.2832615
T,403,1,0.5288726E+04,2000821E-03,-0.5245E+03,0.4223E+02,0.8525068,-0.5226760,-0.0064732
T,404,1,0.5783447E+04,2001186E-03,-0.3722E+03,-0.1176E+03,0.9843557,-0.1742183,0.0263012
T,405,1,0.5606734E+04,2000725E-03,-0.1940E+03,-0.5939E+03,0.9943957,-0.1027250,-0.0249952
T,406,1,0.4309258E+04,2000091E-03,0.4704E+03,-0.1042E+04,0.8981460,0.2405376,-0.3680699
T,407,1,0.5828324E+04,2001504E-03,-0.2166E+03,-0.2846E+03,0.9185692,-0.3836946,-0.0949165
T,408,1,0.6267300E+04,2000533E-03,0.1688E+02,0.4430E+03,0.9617828,0.0588983,0.2674039
T,409,1,0.6601952E+04,2000683E-03,-0.9938E+02,0.3935E+02,0.9862593,0.0871621,0.1403398
T,410,1,0.6119287E+04,2001969E-03,0.6490E+02,-0.2239E+02,0.9945566,0.1038759,-0.0081884
T,411,1,0.2463770E+04,2000072E-03,0.8601E+03,-0.1434E+04,0.4463326,0.2735304,-0.8520377
T,412,1,0.6353383E+04,2001883E-03,0.2328E+03,-0.4101E+03,0.9558531,0.1491260,-0.2531923
T,413,1,0.6508307E+04,2000311E-03,0.7948E+02,-0.7413E+02,0.9715191,-0.0324059,-0.2347351
T,414,1,0.5721415E+04,2000102E-03,0.9557E+02,-0.5240E+03,0.9269671,0.1704300,-0.3341939
T,415,1,0.5751066E+04,2001409E-03,0.4046E+03,0.5000E+03,0.9225622,0.3780545,0.0771605
T,416,1,0.6402935E+04,2001892E-03,0.2252E+03,-0.2714E+03,0.9161772,0.4005583,0.0131290
T,418,1,0.6140808E+04,2000444E-03,-0.1278E+03,-0.1572E+03,0.9696621,-0.1488372,-0.1939148
T,419,1,0.6301160E+04,2001973E-03,-0.4871E+02,0.2693E+03,0.9430515,-0.2060684,0.2611316
T,420,1,0.5920557E+04,2001380E-03,0.1311E+03,-0.3069E+03,0.9312163,-0.0279038,-0.3633974
T,421,1,0.5984476E+04,2000881E-03,0.3041E+03,-0.1213E+03,0.9272533,0.3170004,-0.1992789
T,422,1,0.5852622E+04,2000751E-03,0.1270E+03,0.2908E+03,0.9583333,0.1372858,0.2504992
T,423,1,0.6365908E+04,2001226E-03,-0.3038E+03,-0.7580E+00,0.9639621,-0.2635382,0.0363969
T,424,1,0.5176171E+04,2000742E-03,-0.6375E+03,0.1358E+03,0.7411646,-0.6710512,0.0191118
T,425,1,0.6142564E+04,2002156E-03,-0.3316E+03,0.1992E+02,0.9893922,-0.0974560,-0.1077282
T,426,1,0.6208065E+04,2001311E-03,-0.1396E+03,-0.8021E+02,0.9962693,-0.0859460,0.0077912
T,427,1,0.6481680E+04,2001370E-03,0.2873E+03,-0.2737E+03,0.9526497,0.3031594,0.0235125
T,428,1,0.4968786E+04,2001181E-03,-0.1411E+03,0.4882E+03,0.8275473,-0.1609052,0.5378428
T,429,1,0.6401997E+04,2000874E-03,0.2732E+03,-0.1751E+03,0.9672408,0.1381297,-0.2129914
T,430,1,0.6399759E+04,2001548E-03,-0.9550E+02,0.4096E+02,0.9682782,-0.1308834,-0.2128542
T,431,1,0.6223608E+04,2000340E-03,-0.6481E+02,-0.9631E+02,0.9853299,-0.1588216,-0.0624550
T,432,1,0.5997077E+04,2001911E-03,0.2732E+03,0.2406E+03,0.9177705,0.2040141,0.3406986
T,433,1,0.6226721E+04,2001539E-03,-0.2282E+02,-0.7069E+02,0.9761294,0.1480831,-0.1588798
T,434,1,0.6092032E+04,2001943E-03,0.1515E+03,0.6775E+01,0.9507669,0.3087135,-0.0271704
T,435,1,0.6440565E+04,2001493E-03,-0.1936E+03,-0.1439E+03,0.9617232,-0.2535419,0.1039475
T,436,1,0.3896441E+04,2000276E-03,-0.3374E+03,0.1288E+04,0.7002103,-0.1951965,0.6867343
T,437,1,0.5338633E+04,2001828E-03,0.1973E+03,-0.3104E+03,0.9424000,0.2889354,-0.1685187
T,438,1,0.6523570E+04,2001813E-03,-0.3949E+03,-0.6015E+02,0.9333363,-0.3397602,0.1159585
T,439,1,0.6272078E+04,2000959E-03,0.4247E+03,0.8783E+01,0.7962468,0.5851434,0.1536173
T,440,1,0.5498663E+04,2000569E-03,-0.3151E+03,0.1790E+03,0.9300617,-0.1810527,-0.3196954
T,441,1,0.5818047E+04,2000192E-03,-0.4563E+03,-0.2905E+03,0.9755610,-0.2107992,-0.0620029
T,442,1,0.5447325E+04,2001000E-03,0.5633E+03,0.2778E+03,0.8938675,0.3818419,0.2349417
T,443,1,0.5801511E+04,2000474E-03,-0.2037E+03,0.2175E+03,0.9770472,-0.1272452,0.1708432
T,444,1,0.6106302E+04,2001337E-03,-0.3822E+02,0.7926E+02,0.9325200,-0.3420098,0.1159131
T,445,1,0.5848719E+04,2000090E-03,0.4565E+03,0.3330E+02,0.6916716,0.6197806,0.3707593
T,446,1,0.6425815E+04,2001954E-03,0.2068E+03,0.1573E+03,0.9199896,0.3617642,0.1508173
T,447,1,0.5806697E+04,2000437E-03,-0.7036E+03,0.4404E+03,0.9092874,-0.2821786,0.3058948
T,449,1,0.6440997E+04,2001453E-03,-0.5927E+02,-0.1499E+03,0.9704272,0.1820687,-0.1584993
T,450,1,0.4101570E+04,2001018E-03,-0.1047E+04,-0.7784E+03,0.8190791,-0.2252828,-0.5275956
T,451,1,0.5208625E+04,2000587E-03,-0.5841E+03,-0.3329E+03,0.4289360,-0.7955004,-0.4280106
T,453,1,0.6177176E+04,2001808E-03,0.1946E+02,-0.9486E+02,0.9940750,0.0679402,-0.0848473
T,454,1,0.5488759E+04,2000326E-03,0.3484E+03,-0.3482E+03,0.9520650,0.2817046,-0.1192256
T,455,1,0.6324985E+04,2001035E-03,0.1730E+03,-0.4959E+02,0.9869699,-0.1420828,0.0755181
T,456,1,0.5402431E+04,2000274E-03,0.6450E+03,0.6135E+03,0.8509305,0.4875455,0.1954908
T,457,1,0.6301784E+04,2001669E-03,0.2218E+03,0.5064E+03,0.8778202,0.2403022,0.4143507
T,458,1,0.6386917E+04,2000739E-03,0.4042E+03,0.2059E+02,0.9806632,0.1293249,0.1468832
T,459,1,0.4598982E+04,2000961E-03,-0.4967E+03,-0.5127E+03,0.8094579,-0.2950254,-0.5076790
T,461,1,0.6891578E+04,2000960E-03,0.1125E+03,0.1113E+03,0.9887831,0.1407890,0.0498651
T,462,1,0.6539379E+04,2000206E-03,-0.2445E+03,-0.4178E+02,0.9844361,-0.0240689,-0.1740871
T,463,1,0.4112552E+04,2001441E-03,0.1157E+04,-0.7264E+03,0.7489859,0.5718039,-0.3347541
T,464,1,0.5988946E+04,2001111E-03,-0.2037E+03,0.1534E+03,0.9834446,0.0149330,0.1805927
T,465,1,0.5923401E+04,2001190E-03,0.5323E+03,0.4423E+03,0.7043760,0.4794943,0.5233925
T,466,1,0.6512938E+04,2000840E-03,0.1834E+03,-0.3517E+02,0.9804804,0.1954825,0.0210908
T,467,1,0.5088497E+04,2001681E-03,0.8513E+03,0.2824E+03,0.8347474,0.4520705,0.3143707
T,468,1,0.5889313E+04,2001354E-03,-0.1048E+03,-0.8272E+02,0.9497445,-0.1367021,-0.2815990
T,469,1,0.6223142E+04,2001965E-03,-0.8338E+02,0.9770E+02,0.9434893,-0.3126588,0.1098743
T,470,1,0.6404341E+04,2000192E-03,0.1361E+03,0.1038E+03,0.9678656,0.2405652,-0.0732438
T,471,1,0.6740947E+04,2000082E-03,0.5339E+02,0.2703E+03,0.9898234,-0.0564058,0.1306446
T,472,1,0.6626555E+04,2000451E-03,-0.7724E+02,-0.1606E+03,0.9995015,0.0253543,-0.0188146
T,473,1,0.5761032E+04,2000381E-03,-0.3694E+02,-0.4065E+02,0.9918736,-0.0605272,0.1119075
T,474,1,0.6396882E+04,2000322E-03,0.2735E+02,-0.1759E+03,0.9731987,-0.2268801,-0.0375463
T,475,1,0.3628549E+04,2000704E-03,-0.1088E+04,-0.4273E+03,0.3801364,-0.8439418,-0.3784952
T,476,1,0.6437975E+04,2000075E-03,0.9515E+01,-0.1814E+03,0.9258929,0.2361904,-0.2948499
T,477,1,0.6301588E+04,2000109E-03,0.8730E+01,0.9867E+02,0.8948912,0.0427783,0.4442294
T,478,1,0.6133442E+04,2001808E-03,0.4032E+03,-0.4586E+02,0.9207811,0.3868964,-0.0497335
T,479,1,0.6449300E+04,2001337E-03,0.1994E+03,0.5776E+02,0.9483141,0.2776810,0.1536023
T,480,1,0.6529991E+04,2002087E-03,0.3637E+01,0.3194E+02,0.9846691,0.1732574,0.0202169
T,482,1,0.6515571E+04,2001525E-03,-0.1188E+03,-0.1323E+03,0.9647861,0.2121249,-0.1555338
T,483,1,0.6391737E+04,2000117E-03,-0.4059E+03,-0.3092E+02,0.9095696,-0.4148699,-0.0237924
T,484,1,0.5921955E+04,2000755E-03,0.3744E+03,0.9624E+02,0.9668627,0.2269208,0.1169761
T,485,1,0.5141784E+04,2000175E-03,0.6754E+03,0.1513E+03,0.6082163,0.6335971,0.4781502
T,486,1,0.6586671E+04,2000922E-03,-0.2055E+03,0.2249E+02,0.9827369,-0.1821504,-0.0323949
T,487,1,0.6152640E+04,2001379E-03,0.2071E+03,-0.3017E+03,0.9596924,0.2611685,-0.1038342
T,488,1,0.6162950E+04,2000030E-03,0.2153E+03,0.5650E+03,0.7966136,0.1685291,0.5805211
T,489,1,0.6311225E+04,2001511E-03,0.1268E+03,0.2021E+03,0.9884974,-0.1060979,0.1077779
T,490,1,0.5580057E+04,2001135E-03,-0.1168E+03,-0.3849E+03,0.9038471,-0.2063962,-0.3747813
T,491,1,0.6402482E+04,2001886E-03,0.2200E+03,0.1697E+02,0.9641635,0.2649246,-0.0142739
T,492,1,0.5808238E+04,2001010E-03,-0.7801E+03,-0.2401E+03,0.8766425,-0.4447407,-0.1835858
T,493,1,0.3973841E+04,2000086E-03,-0.1335E+04,-0.7583E+03,0.4864231,-0.7693267,-0.4141606
T,494,1,0.6455698E+04,2000299E-03,0.1422E+03,-0.9624E+02,0.9686458,-0.0267529,-0.2470010
T,495,1,0.5480754E+04,2000942E-03,0.6234E+02,0.1255E+03,0.9682959,0.1878773,0.1646364
T,496,1,0.5759614E+04,2001768E-03,0.3595E+02,0.1408E+03,0.9777928,0.1023345,0.1828904
T,497,1,0.5816744E+04,2001481E-03,-0.1093E+03,-0.1391E+02,0.9964809,-0.0785844,0.0291611
T,498,1,0.6969963E+04,2001123E-03,-0.3179E+02,0.2042E+03,0.9499646,0.0244173,0.3114018
T,499,1,0.6425398E+04,2000854E-03,0.2968E+03,0.1548E+03,0.9472417,0.2740926,0.1661517
T,500,1,0.5671472E+04,2000230E-03,0.1996E+03,0.2770E+03,0.9130136,0.2439310,0.3269616
T,501,1,0.4597455E+04,2000487E-03,0.4689E+03,-0.2199E+03,0.2791729,0.8072206,-0.5200552
T,502,1,0.6401240E+04,2000734E-03,-0.2166E+03,-0.9122E+02,0.9800293,-0.1022456,0.1705533
T,503,1,0.6843279E+04,2000034E-03,0.9296E+02,-0.6214E+02,0.9822508,0.0316182,0.1848880
T,504,1,0.6392916E+04,2001135E-03,-0.1736E+03,0.2681E+02,0.9973692,-0.0623809,0.0369217
T,505,1,0.6421172E+04,2001059E-03,0.1203E+03,0.1146E+03,0.9986750,0.0436513,0.0272562
T,506,1,0.5318585E+04,2001061E-03,-0.1288E+03,-0.7190E+03,0.9165499,-0.0130945,-0.3997060
T,507,1,0.6953184E+04,2001942E-03,-0.1201E+03,0.1448E+02,0.9624964,-0.2653127,-0.0566547
T,508,1,0.5497801E+04,2001480E-03,-0.5999E+03,-0.1801E+02,0.7989691,-0.5659138,0.2034451
T,509,1,0.5611875E+04,2001920E-03,-0.1691E+03,-0.8835E+02,0.9981104,0.0609304,0.0079460
T,510,1,0.5030530E+04,2000526E-03,-0.2242E+03,0.6250E+03,0.6162659,-0.2782747,0.7367358
T,511,1,0.5690771E+04,2001267E-03,-0.7931E+02,-0.2957E+03,0.8965367,-0.0182721,-0.4425925
T,512,1,0.5098693E+04,2000392E-03,0.4606E+03,-0.3494E+03,0.9326455,0.1139660,-0.3423216
T,513,1,0.6397098E+04,2001182E-03,-0.3077E+03,0.1414E+03,0.9695442,-0.2106755,0.1248994
T,515,1,0.3247578E+04,2000921E-03,-0.3583E+03,0.8017E+03,0.6030299,-0.5790448,0.5486912
T,516,1,0.6289439E+04,2001796E-03,0.2066E+03,-0.2053E+03,0.9650080,0.1610947,-0.2069011
T,517,1,0.6093562E+04,2001097E-03,0.5635E+02,0.1206E+03,0.9926358,-0.1050799,0.0602699
T,518,1,0.6434074E+04,2000148E-03,-0.1052E+03,-0.7854E+02,0.9834445,0.1718685,0.0574298
T,519,1,0.5736338E+04,2000052E-03,0.4587E+03,-0.5087E+03,0.8711893,0.3282345,-0.3650909
T,520,1,0.4247669E+04,2001632E-03,0.8037E+03,0.5628E+03,0.7581498,0.6360748,0.1435885
T,522,1,0.6206201E+04,2001459E-03,-0.4737E+02,0.6301E+02,0.9454496,-0.1615194,0.2829072
T,523,1,0.6558611E+04,2001580E-03,-0.1737E+03,0.1928E+02,0.9653320,-0.1975622,-0.1705972
T,526,1,0.6370607E+04,2000679E-03,-0.1626E+03,-0.9113E+02,0.9610105,-0.2018047,0.1890334
T,527,1,0.3643938E+04,2000408E-03,0.9056E+03,-0.4913E+03,0.4045513,0.3427251,-0.8478666
T,528,1,0.5527153E+04,2002015E-03,0.2427E+03,-0.1709E+03,0.9104049,0.1562479,-0.3830789
T,529,1,0.5623681E+04,2001873E-03,-0.3426E+03,0.2530E+03,0.9363745,-0.2754337,-0.2175752
T,530,1,0.5376192E+04,2001063E-03,0.7931E+03,0.2089E+03,0.7742743,0.6215332,0.1191459
T,531,1,0.5288675E+04,2000415E-03,-0.5787E+03,-0.1424E+03,0.7865140,-0.6130164,0.0748769
T,532,1,0.6564893E+04,2001360E-03,-0.3066E+02,-0.7601E+01,0.9683890,-0.2474495,-0.0314862
T,533,1,0.6612610E+04,2000382E-03,-0.1638E+03,0.1097E+03,0.9927028,0.0251727,0.1179301
T,534,1,0.6591642E+04,2000444E-03,-0.2713E+03,0.3599E+03,0.9563707,-0.0259653,0.2909999
T,535,1,0.4677063E+04,2000885E-03,0.4974E+03,0.7039E+02,0.7313897,0.6575487,-0.1808283
T,536,1,0.5715595E+04,2001868E-03,0.4976E+03,0.2991E+03,0.8804157,0.4446469,0.1647947
T,537,1,0.6351894E+04,2000856E-03,0.2279E+03,0.2671E+02,0.9621696,0.2652986,0.0620193
T,538,1,0.5977885E+04,2000355E-03,-0.5848E+03,0.6395E+03,0.8721325,-0.4364460,0.2211328
T,539,1,0.6205821E+04,2001303E-03,-0.6207E+02,-0.6170E+01,0.9861603,-0.0689671,-0.1507694
T,540,1,0.6671905E+04,2000574E-03,0.1934E+03,0.1792E+02,0.9961131,0.0548975,0.0688843
T,541,1,0.4988864E+04,2001954E-03,0.6516E+03,-0.4934E+03,0.9181684,0.3724874,-0.1349812
T,542,1,0.6594896E+04,2001836E-03,0.5910E+02,-0.7115E+02,0.9327555,0.0333266,-0.3589658
T,543,1,0.6159161E+04,2000807E-03,-0.4434E+03,-0.1737E+03,0.9590225,-0.2610851,-0.1100470
T,544,1,0.5931818E+04,2000304E-03,0.2398E+03,0.3720E+03,0.9434664,0.1077640,0.3134615
T,545,1,0.6563796E+04,2001345E-03,0.2197E+02,0.2492E+03,0.9908379,0.0808534,0.1081808
T,546,1,0.5881723E+04,2000028E-03,0.2138E+03,0.5203E+02,0.9683215,0.1976063,0.1526602
T,547,1,0.5809925E+04,2001091E-03,-0.1363E+03,0.1026E+03,0.9789596,-0.2028124,0.0224772
T,548,1,0.6196167E+04,2000604E-03,0.1852E+03,-0.9835E+02,0.9587888,0.2574796,0.1201174
T,549,1,0.5305879E+04,2002043E-03,-0.5068E+03,0.6775E+03,0.9523640,-0.1403884,0.2707283
T,550,1,0.3569427E+04,2000928E-03,0.9407E+03,-0.1271E+04,0.6537612,0.5046979,-0.5638051
T,551,1,0.6457880E+04,2001722E-03,-0.6611E+02,0.1811E+03,0.9880277,-0.0331484,0.1506732
T,552,1,0.4848487E+04,2001008E-03,0.1760E+03,-0.7785E+03,0.4967576,0.2882197,-0.8186338
T,553,1,0.6618851E+04,2001624E-03,-0.1137E+03,0.3486E+03,0.9831441,0.0117272,0.1824558
T,554,1,0.6028224E+04,2000563E-03,-0.2082E+03,0.3203E+03,0.8995785,-0.1455515,0.4117927
T,555,1,0.5565703E+04,2000991E-03,-0.1550E+03,-0.2344E+03,0.8496236,-0.0467537,-0.5253131
T,557,1,0.6649159E+04,2001060E-03,-0.8570E+02,0.2084E+03,0.9508052,-0.2698077,0.1522275
T,558,1,0.5790039E+04,2001801E-03,-0.5790E+02,0.4284E+03,0.9075373,-0.0032108,0.4199592
T,559,1,0.6083508E+04,2001564E-03,0.4084E+03,-0.3445E+03,0.9193582,0.2228042,-0.3242510
T,560,1,0.6121400E+04,2000908E-03,0.9294E+02,0.5981E+02,0.9966195,0.0821454,-0.0012939
T,561,1,0.6614201E+04,2000745E-03,-0.4405E+01,0.1030E+03,0.9839680,0.0616243,0.1673604
T,562,1,0.6202166E+04,2000392E-03,-0.4298E+03,0.2117E+03,0.9456053,-0.2732928,-0.1764703
T,563,1,0.6338185E+04,2001520E-03,-0.1050E+02,-0.2901E+03,0.9787285,0.1474947,-0.1426034
T,564,1,0.6072518E+04,2000628E-03,0.9653E+02,-0.1110E+03,0.9982305,-0.0019096,0.0594318
T,565,1,0.6342223E+04,2000299E-03,0.2783E+03,0.1100E+02,0.9520410,0.2234104,-0.2090593
T,566,1,0.5985286E+04,2001089E-03,-0.4069E+03,-0.4709E+03,0.9030498,-0.3365488,-0.2669008
T,567,1,0.6771485E+04,2000115E-03,0.2203E+03,0.1652E+03,0.9957133,0.0825651,0.0416899
T,568,1,0.5769528E+04,2001225E-03,0.3003E+02,0.5537E+03,0.8588011,-0.4049493,0.3138100
T,569,1,0.2430882E+04,2001359E-03,-0.1861E+04,0.6605E+03,0.6795328,-0.6090257,0.4090512
T,570,1,0.2424650E+04,2000723E-03,0.5721E+03,-0.7947E+03,0.4262947,-0.3409834,-0.8378563
T,571,1,0.3588209E+04,2000833E-03,0.1374E+04,0.5700E+03,0.4463834,0.8566493,0.2586387
T,572,1,0.5913749E+04,2000187E-03,-0.4954E+01,0.5787E+03,0.9018258,-0.1432671,0.4076577
T,573,1,0.5587034E+04,2002123E-03,0.3838E+03,-0.1665E+03,0.9999944,-0.0013195,-0.0030851
T,574,1,0.5076623E+04,2001554E-03,-0.5575E+03,-0.3144E+03,0.8380824,-0.4147783,-0.3543682
T,575,1,0.3911408E+04,2000792E-03,0.2513E+03,-0.1322E+04,0.6522888,0.1358378,-0.7456992
T,576,1,0.5963321E+04,2000744E-03,-0.2222E+02,-0.4100E+03,0.9615486,0.0227909,-0.2736876
T,577,1,0.6290602E+04,2000087E-03,0.2246E+03,-0.1238E+03,0.9607463,0.2183767,0.1711084
T,578,1,0.5884046E+04,2000933E-03,-0.5441E+03,0.5706E+02,0.9769858,-0.1710114,0.1274906
T,579,1,0.5724051E+04,2000112E-03,0.3014E+03,-0.1622E+02,0.9742747,0.1899207,-0.1213216
T,580,1,0.6515460E+04,2002053E-03,0.9599E+02,-0.7529E+02,0.9909347,0.0966360,0.0933271
T,581,1,0.5775161E+04,2000130E-03,-0.9185E+02,0.4499E+03,0.5516213,0.1334843,0.8233443
T,582,1,0.6279200E+04,2001834E-03,-0.1094E+03,-0.1235E+03,0.9984785,-0.0272791,-0.0479230
T,583,1,0.5954277E+04,2002113E-03,0.1214E+03,0.2003E+03,0.9407901,0.3388801,0.0086177
T,584,1,0.6546861E+04,2001265E-03,0.3683E+02,-0.1368E+03,0.9561341,0.0300798,-0.2913808
T,586,1,0.6476094E+04,2001287E-03,0.5682E+02,0.7428E+02,0.9994810,-0.0016693,0.0321703
T,587,1,0.6219308E+04,2001269E-03,-0.1295E+02,-0.1292E+03,0.9902457,0.0736907,-0.1182502
T,588,1,0.6751294E+04,2000902E-03,-0.2557E+03,-0.6940E+02,0.9315867,-0.3092027,-0.1911540
T,589,1,0.6161677E+04,2001474E-03,0.1671E+03,0.4904E+03,0.9601984,0.0386379,0.2766335
T,590,1,0.5958385E+04,2000358E-03,0.6547E+02,0.2884E+03,0.9673986,0.2294493,0.1072051
T,591,1,0.5979846E+04,2001544E-03,0.3479E+03,0.1068E+03,0.9256669,0.3686471,0.0850889
T,592,1,0.6966934E+04,2000066E-03,0.3392E+03,-0.3518E+02,0.9511849,0.2968781,-0.0843244
T,593,1,0.6104492E+04,2000502E-03,0.1136E+03,-0.1898E+03,0.9550240,0.1163263,-0.2727588
T,594,1,0.6085307E+04,2000435E-03,-0.7899E+02,0.3307E+03,0.9736349,-0.1087279,0.2005324
T,595,1,0.5667758E+04,2000350E-03,-0.5335E+03,-0.1244E+03,0.7582484,-0.6189342,0.2048899
T,596,1,0.5864026E+04,2001957E-03,0.2490E+03,-0.2338E+03,0.9482463,0.2222476,-0.2267926
T,597,1,0.6574286E+04,2000001E-03,0.2244E+03,0.6223E+02,0.9737411,0.1932698,0.1203124
T,598,1,0.5138351E+04,2000352E-03,0.2803E+03,-0.1603E+03,0.8069980,-0.5827874,-0.0954625
T,599,1,0.5933845E+04,2000262E-03,0.9823E+02,-0.4620E+03,0.9597653,0.0362533,-0.2784532
T,600,1,0.6186196E+04,2000727E-03,-0.4949E+02,-0.2482E+02,0.9571034,-0.2400446,0.1622705
T,601,1,0.5720843E+04,2000105E-03,-0.5780E+03,0.5696E+03,0.8232013,-0.3521902,0.4453107
T,602,1,0.6183120E+04,2001585E-03,-0.2779E+03,-0.1950E+03,0.9791107,0.0361673,-0.2000854
T,603,1,0.6355172E+04,2001553E-03,0.9810E+02,-0.3555E+03,0.9952682,0.0236028,-0.0942556
T,604,1,0.4035925E+04,2001375E-03,-0.1227E+04,0.6535E+03,0.7973030,-0.5765505,0.1785985
T,605,1,0.6276851E+04,2002036E-03,-0.5529E+02,0.1160E+03,0.9569272,-0.1487997,0.2492969
T,606,1,0.6585796E+04,2002021E-03,0.2118E+03,0.2281E+03,0.9955767,0.0253192,0.0904767
T,607,1,0.4628207E+04,2000654E-03,0.5503E+02,0.4603E+03,0.5687828,-0.4673139,0.6768337
T,608,1,0.4332006E+04,2000393E-03,-0.1360E+03,-0.7922E+03,0.3886980,-0.2640253,-0.8827256
T,609,1,0.5454652E+04,2000404E-03,0.4470E+03,-0.1665E+03,0.8837572,0.2102823,-0.4180365
T,610,1,0.6018441E+04,2001845E-03,0.8690E+02,-0.2038E+03,0.9718076,0.1145522,-0.2060773
T,611,1,0.5874483E+04,2001114E-03,-0.1633E+03,0.6194E+03,0.8809538,-0.4720985,0.0323015
T,612,1,0.5842957E+04,2000973E-03,-0.5690E+02,0.2605E+03,0.9755978,-0.2042842,0.0804796
T,613,1,0.6475874E+04,2001689E-03,-0.2494E+03,-0.2212E+03,0.9204404,-0.1121345,-0.3744534
T,614,1,0.6606936E+04,2000279E-03,0.9257E+02,0.4048E+02,0.9964202,0.0517572,0.0668434
T,615,1,0.6496160E+04,2000237E-03,-0.2358E+03,0.4604E+02,0.9947743,0.0557946,0.0855043
T,616,1,0.5991172E+04,2001217E-03,-0.1920E+02,0.4173E+02,0.9748457,0.2128586,0.0660837
T,617,1,0.5836989E+04,2001484E-03,0.2053E+03,-0.3981E+03,0.8424014,0.3783180,-0.3837127
T,618,1,0.6281145E+04,2001730E-03,0.3357E+03,0.2583E+02,0.9635271,0.2655051,-0.0335040
T,619,1,0.6181870E+04,2000142E-03,-0.1559E+02,0.1185E+03,0.9787654,-0.0150756,0.2044283
T,620,1,0.5751367E+04,2000715E-03,0.2800E+03,0.2976E+03,0.8646027,0.1010722,0.4921856
T,621,1,0.6299156E+04,2001183E-03,-0.3691E+03,-0.1614E+02,0.9951010,-0.0827413,0.0541091
T,622,1,0.5887755E+04,2000209E-03,-0.1266E+03,-0.2751E+03,0.9642764,-0.1341969,-0.2283903
T,623,1,0.6121097E+04,2000021E-03,0.4582E+03,-0.3781E+03,0.8384874,0.3853654,-0.3852692
T,624,1,0.6099656E+04,2000064E-03,0.1206E+03,-0.3288E+03,0.9590248,-0.2047076,-0.1958731
T,625,1,0.6081450E+04,2001315E-03,0.6257E+02,0.1572E+03,0.9627301,0.1432189,0.2294321
T,626,1,0.7009152E+04,2000302E-03,-0.1753E+03,0.5079E+02,0.9977400,0.0668205,0.0070627
T,627,1,0.6011535E+04,2000003E-03,0.1852E+03,0.4294E+03,0.8893198,0.2730748,0.3667975
T,628,1,0.5899297E+04,2001273E-03,0.3286E+03,0.2154E+03,0.9609306,0.2730387,-0.0454117
T,629,1,0.5779063E+04,2000269E-03,0.3553E+02,-0.1808E+03,0.8041639,0.5503676,-0.2245348
T,630,1,0.3433825E+04,2000387E-03,0.3291E+03,0.1444E+04,0.5922235,0.5675034,0.5720238
T,631,1,0.4928207E+04,2000485E-03,-0.1468E+03,0.8057E+03,0.5863602,0.0630282,0.8075947
T,632,1,0.6483042E+04,2001887E-03,-0.2253E+03,-0.7133E+02,0.9478218,-0.2741179,-0.1627674
T,633,1,0.6097161E+04,2000294E-03,-0.1069E+03,0.3335E+03,0.6005807,-0.4080899,0.6875794
T,634,1,0.6405257E+04,2001130E-03,0.1461E+03,-0.3940E+01,0.9994975,0.0085960,-0.0305100
T,635,1,0.6524230E+04,2000875E-03,-0.1086E+03,-0.2794E+03,0.9943033,-0.0907954,-0.0558306
T,636,1,0.5058014E+04,2000253E-03,-0.2120E+03,0.6120E+03,0.7938079,-0.3857283,0.4701943
T,637,1,0.5307567E+04,2001244E-03,0.3209E+03,0.3747E+03,0.9165709,0.0751120,0.3927543
T,638,1,0.6634180E+04,2001302E-03,-0.8988E+01,0.4738E+02,0.9868787,0.0304776,0.1585608
T,639,1,0.6249223E+04,2001597E-03,0.2252E+02,-0.2115E+03,0.9959118,-0.0209085,-0.0878781
T,640,1,0.5765333E+04,2000525E-03,0.3180E+03,0.3038E+03,0.9618322,0.2447544,0.1223690
T,641,1,0.6224809E+04,2001207E-03,0.1855E+03,-0.3206E+02,0.9033800,0.4194592,-0.0892111
T,642,1,0.6375312E+04,2000645E-03,-0.9472E+02,0.2301E+03,0.9814442,-0.1093496,0.1575115
T,643,1,0.5636142E+04,2001069E-03,-0.4360E+03,-0.3462E+03,0.9551778,-0.2294126,-0.1870967
T,644,1,0.5932177E+04,2000129E-03,0.3602E+03,0.3867E+03,0.9298401,0.2146965,0.2988359
T,645,1,0.6669318E+04,2001854E-03,0.1955E+03,0.1752E+03,0.9610235,0.2341142,0.1470520
T,646,1,0.7094405E+04,2001279E-03,-0.1390E+03,-0.1341E+03,0.9873924,0.1091896,-0.1146028
T,647,1,0.6781086E+04,2001639E-03,-0.1894E+02,-0.1263E+02,0.9984209,-0.0558195,0.0063199
T,648,1,0.6172471E+04,2001325E-03,0.1092E+01,-0.1628E+03,0.9707179,0.2284663,-0.0742292
T,649,1,0.6985433E+04,2001194E-03,-0.2682E+03,-0.8597E+02,0.9772979,-0.1922962,-0.0889441
T,650,1,0.6914616E+04,2000858E-03,-0.9817E+01,0.6283E+02,0.9792547,-0.2025208,0.0067559
T,651,1,0.6335994E+04,2000466E-03,-0.1729E+03,0.2987E+03,0.9561551,-0.0130487,0.2925700
T,652,1,0.5467522E+04,2000208E-03,-0.9307E+03,0.2924E+03,0.8221136,-0.5670180,0.0511838
T,653,1,0.6072000E+04,2000502E-03,0.1073E+03,0.1594E+03,0.9455780,0.2263929,0.2337275
T,654,1,0.5767409E+04,2001804E-03,0.2479E+03,-0.5132E+03,0.8903392,-0.1105735,-0.4416669
T,655,1,0.6678476E+04,2001054E-03,-0.2123E+03,-0.2443E+03,0.9527787,-0.2982530,0.0570778
T,656,1,0.5726381E+04,2000879E-03,0.4961E+03,0.1419E+03,0.7655375,0.6318071,0.1215411
T,657,1,0.6169968E+04,2000505E-03,0.3522E+02,-0.2272E+03,0.9493117,0.1079886,-0.2952048
T,658,1,0.5977328E+04,2001766E-03,0.3251E+03,-0.1996E+03,0.9521533,0.1407855,-0.2712629
T,659,1,0.6708419E+04,2001379E-03,0.5865E+02,-0.6639E+02,0.9761184,0.2118967,0.0478825
T,660,1,0.6293455E+04,2001657E-03,0.1108E+03,0.2725E+02,0.9816811,-0.0602486,-0.1807546
T,661,1,0.6655722E+04,2002144E-03,0.2497E+03,0.7169E+02,0.9974830,0.0254076,0.0661983
T,662,1,0.6367552E+04,2001261E-03,0.6747E+02,-0.1276E+03,0.9740159,0.1876466,-0.1268137
T,663,1,0.6170041E+04,2000192E-03,-0.1717E+03,0.2512E+02,0.9755600,-0.2197267,0.0017048
T,664,1,0.5843445E+04,2000338E-03,-0.3208E+03,-0.2290E+03,0.9658008,-0.0724648,-0.2489533
T,665,1,0.6305025E+04,2000248E-03,0.1928E+03,0.2087E+03,0.9773692,0.0862464,0.1931604
T,666,1,0.6255250E+04,2000595E-03,0.2540E+02,0.9908E+02,0.9939364,0.0805992,0.0747946
T,667,1,0.6103732E+04,2001543E-03,0.8470E+02,0.2951E+03,0.8931047,0.0309908,0.4487802
T,668,1,0.4654184E+04,2001946E-03,-0.9734E+03,-0.3413E+03,0.9028616,-0.4190356,-0.0961773
T,669,1,0.6565395E+04,2000496E-03,-0.6660E+02,0.4412E+02,0.9927568,0.0969917,0.0708983
T,670,1,0.5639110E+04,2000787E-03,-0.8366E+03,-0.3362E+03,0.8461410,-0.4395386,0.3014153
T,671,1,0.6106337E+04,2000006E-03,-0.5658E+02,-0.7606E+02,0.9991357,-0.0201703,-0.0363457
T,672,1,0.5632598E+04,2001473E-03,0.5919E+03,-0.4571E+03,0.9792709,-0.1147499,-0.1669162
T,673,1,0.5895443E+04,2000193E-03,-0.4432E+03,-0.6860E+02,0.9690167,-0.0396722,-0.2437882
T,674,1,0.6691827E+04,2000207E-03,-0.2885E+02,0.2950E+03,0.9551286,0.0907313,0.2819526
T,675,1,0.5038211E+04,2000588E-03,0.2854E+03,0.1150E+04,0.4879558,0.1566938,0.8586887
T,676,1,0.6169616E+04,2000751E-03,0.1226E+03,-0.4142E+03,0.9183582,0.0770753,-0.3881720
T,677,1,0.6008277E+04,2000688E-03,0.3981E+03,0.2674E+03,0.9792733,0.2012109,0.0231923
T,678,1,0.5979521E+04,2000060E-03,-0.5333E+03,0.8481E+02,0.9768312,-0.2030333,-0.0676625
T,679,1,0.6353328E+04,2000980E-03,0.3121E+03,-0.7555E+02,0.9309004,0.3558036,0.0826332
T,680,1,0.5754020E+04,2000944E-03,-0.5819E+03,-0.1844E+03,0.9178722,-0.2775211,-0.2837122
T,681,1,0.5978074E+04,2001075E-03,-0.2704E+03,0.2756E+03,0.9059583,-0.1580359,0.3927648
T,682,1,0.5818296E+04,2000711E-03,-0.3281E+03,0.4316E+03,0.9982389,0.0279646,0.0523166
T,683,1,0.5931540E+04,2001788E-03,0.1114E+03,-0.2326E+02,0.9305837,0.0998834,-0.3521892
T,684,1,0.6108238E+04,2000622E-03,-0.1615E+03,0.2933E+03,0.7650186,-0.4823215,0.4267464
T,685,1,0.6803057E+04,2000311E-03,0.3229E+03,0.2215E+03,0.9895963,0.0656304,0.1280308
T,686,1,0.6358430E+04,2001105E-03,-0.4634E+02,-0.5752E+03,0.8747441,-0.0723552,-0.4791529
T,687,1,0.5534367E+04,2001849E-03,-0.4921E+02,0.4614E+03,0.9791886,-0.0151501,0.2023860
T,688,1,0.6020715E+04,2001882E-03,-0.5103E+03,-0.9794E+02,0.9538941,-0.2847284,0.0949515
T,689,1,0.6282584E+04,2000402E-03,-0.7962E+02,-0.3023E+02,0.9548697,0.2967766,0.0121427
T,691,1,0.5780855E+04,2000196E-03,-0.2628E+03,0.6614E+03,0.9034058,-0.1635198,0.3963826
T,692,1,0.6558556E+04,2000226E-03,-0.1022E+03,0.1909E+02,0.9953166,-0.0742551,0.0618951
T,693,1,0.6974312E+04,2001196E-03,0.2775E+03,-0.1177E+03,0.9458415,0.3227230,-0.0351232
T,694,1,0.6099686E+04,2000288E-03,0.2260E+03,-0.2926E+03,0.9292050,0.1670664,-0.3296466
T,695,1,0.6247916E+04,2000268E-03,0.5189E+02,-0.2453E+03,0.9943578,0.0205636,-0.1040661
T,697,1,0.6232343E+04,2001312E-03,-0.1599E+03,0.2141E+03,0.9851602,-0.0225490,0.1701495
T,698,1,0.5539582E+04,2000551E-03,-0.4038E+02,0.1385E+03,0.9481466,-0.0498171,0.3139048
T,699,1,0.6348941E+04,2000373E-03,-0.3304E+03,-0.1804E+02,0.9568831,-0.2850284,-0.0559784
T,700,1,0.6350691E+04,2000043E-03,0.7749E+02,-0.8346E+02,0.8531178,-0.1839039,-0.4882308
T,701,1,0.6251116E+04,2000939E-03,0.2992E+03,-0.3087E+03,0.9854685,0.1379077,-0.0991630
T,702,1,0.6019170E+04,2001995E-03,0.1344E+03,-0.2860E+03,0.9962234,-0.0034032,-0.0867602
T,703,1,0.6051900E+04,2001324E-03,-0.3819E+03,-0.1051E+03,0.9313349,-0.3640911,-0.0072748
T,704,1,0.6460465E+04,2001567E-03,-0.1345E+02,0.1414E-04,0.8278817,-0.1852401,0.5294317
T,705,1,0.6559935E+04,2000796E-03,-0.3633E+03,0.5415E+02,0.9552761,-0.2889770,0.0627682
T,706,1,0.4567026E+04,2000746E-03,0.5509E+03,-0.9134E+03,0.3804178,0.5410654,-0.7500203
T,707,1,0.6300745E+04,2000448E-03,0.6782E+02,0.1838E+03,0.9896556,0.1424073,0.0173780
T,708,1,0.1731130E+04,2000701E-03,0.2051E+04,0.7294E+03,0.7202671,0.6875427,0.0921978
T,709,1,0.6747668E+04,2002155E-03,-0.9559E+02,0.1620E+03,0.9932289,-0.0015627,0.1161636
T,710,1,0.6463704E+04,2002182E-03,0.8251E+01,0.8681E+01,0.9977388,-0.0472743,0.0477744
T,711,1,0.6268107E+04,2001958E-03,-0.2763E+03,-0.2513E+03,0.9472073,-0.3116556,-0.0752935
T,712,1,0.6190131E+04,2001823E-03,0.2656E+03,-0.2320E+03,0.9490404,-0.0279396,-0.3139136
T,713,1,0.5243945E+04,2000159E-03,0.3087E+03,-0.2880E+03,0.7923286,0.5201765,0.3187976
T,714,1,0.5754025E+04,2000572E-03,-0.1574E+03,0.1870E+03,0.9978189,0.0573780,0.0326373
T,715,1,0.6612886E+04,2001278E-03,0.3764E+03,0.3177E+03,0.9816553,0.1433567,0.1257049
T,716,1,0.6428682E+04,2000235E-03,0.5163E+03,0.2380E+02,0.8534934,0.5148529,0.0804705
T,717,1,0.6654294E+04,2000534E-03,0.3702E+02,-0.2628E+03,0.9866686,-0.0543435,-0.1534008
T,718,1,0.6128851E+04,2000189E-03,-0.2028E+03,0.3220E+03,0.8517714,-0.2948695,0.4330560
T,719,1,0.5989704E+04,2001864E-03,-0.9414E+02,0.1910E+03,0.9148140,-0.2524341,0.3152655
T,720,1,0.6215755E+04,2000644E-03,0.6315E+02,0.7829E+02,0.9867535,-0.0457710,0.1556361
T,721,1,0.6876338E+04,2001634E-03,0.1426E+02,0.5483E+02,0.9934160,-0.0263459,-0.1114919
T,722,1,0.6183076E+04,2000112E-03,-0.1744E+03,0.5286E+01,0.9975596,-0.0567006,-0.0407415
T,723,1,0.6577167E+04,2000912E-03,-0.3958E+03,0.3031E+03,0.9824857,-0.1861257,0.0088904
T,724,1,0.6260437E+04,2001750E-03,-0.1599E+03,0.1234E+03,0.9632314,-0.2646599,0.0462650
T,725,1,0.3922574E+04,2001038E-03,-0.1988E+03,0.7408E+03,0.7527218,-0.5256079,0.3964168
T,726,1,0.5144881E+04,2001315E-03,0.7069E+03,-0.4362E+03,0.6507111,0.5163202,-0.5567661
T,727,1,0.5897673E+04,2001723E-03,0.2607E+03,-0.5075E+03,0.9296476,0.0904489,-0.3571755
T,728,1,0.6007006E+04,2001841E-03,-0.8429E+02,0.1547E+03,0.9926377,-0.1057188,0.0591100
T,729,1,0.6177401E+04,2000558E-03,0.1164E+03,-0.1620E+03,0.9582118,0.0798832,-0.2746797
T,730,1,0.6829226E+04,2001383E-03,0.3673E+02,0.5677E+02,0.9918554,0.0835420,0.0961435
T,731,1,0.6809853E+04,2000828E-03,0.1387E+03,-0.4842E+02,0.9752307,0.1185949,-0.1867091
T,732,1,0.5864720E+04,2001395E-03,0.2336E+03,-0.8209E+02,0.9774084,0.2005685,-0.0666718
T,733,1,0.6038376E+04,2001366E-03,0.5016E+02,-0.1485E+03,0.9823151,-0.1824098,0.0422334
T,734,1,0.5931789E+04,2001242E-03,0.1130E+03,-0.5107E+03,0.8658760,-0.0316947,-0.4992536
T,735,1,0.5465723E+04,2000706E-03,-0.5106E+03,0.1651E+03,0.7431745,-0.6452930,0.1768857
T,736,1,0.5631899E+04,2001985E-03,-0.2049E+03,-0.5757E+02,0.9526478,-0.3040398,0.0046978
T,738,1,0.5847407E+04,2000733E-03,0.2100E+03,-0.2401E+03,0.9502659,0.2874042,-0.1199730
T,739,1,0.6750026E+04,2001424E-03,0.2353E+03,-0.5595E+02,0.9642823,0.2481496,-0.0926364
T,740,1,0.5663076E+04,2001256E-03,-0.2004E+03,0.2001E+03,0.9441710,-0.1717934,0.2811194
T,741,1,0.5361052E+04,2000785E-03,0.6361E+03,-0.1369E+03,0.8820765,0.4706598,-0.0205039
T,742,1,0.4743770E+04,2001543E-03,0.7331E+03,-0.1120E+03,0.8664778,0.4989433,-0.0164881
T,743,1,0.5216458E+04,2000660E-03,0.7609E+03,0.1035E+03,0.8630162,0.4483426,0.2327917
T,744,1,0.6294905E+04,2001710E-03,0.1037E+03,-0.1071E+02,0.9959627,-0.0506458,-0.0741162
T,745,1,0.6927875E+04,2000780E-03,0.1697E+03,-0.1392E+03,0.9644916,0.2638613,-0.0115411
T,747,1,0.6196059E+04,2001018E-03,-0.1938E+02,0.2959E+02,0.9556704,0.2693120,-0.1190171
T,748,1,0.5918576E+04,2000736E-03,0.3180E+03,0.1012E+03,0.9517534,0.1289544,0.2784534
T,749,1,0.6875124E+04,2001474E-03,-0.2136E+03,-0.1494E+03,0.8202133,-0.4590775,-0.3413180
T,750,1,0.6866185E+04,2001859E-03,-0.3439E+03,0.1037E+03,0.9523848,-0.3048226,-0.0068080
T,751,1,0.6456440E+04,2000558E-03,-0.2906E+03,0.9008E+01,0.9773920,0.0017471,-0.2114282
T,752,1,0.6566097E+04,2001594E-03,-0.9083E+02,-0.2641E+03,0.9075803,0.0994266,-0.4079367
T,753,1,0.5578554E+04,2000311E-03,-0.5327E+03,0.8439E+02,0.8452195,-0.5272521,0.0872307
T,754,1,0.5520124E+04,2000388E-03,-0.5250E+03,0.2406E+03,0.8236443,-0.5261027,0.2117216
T,755,1,0.6451383E+04,2000990E-03,0.5476E+02,-0.1043E+03,0.9916500,-0.0262134,-0.1262661
T,756,1,0.6569238E+04,2001858E-03,-0.3789E+03,0.1210E+03,0.9781359,-0.2078082,-0.0081129
T,757,1,0.6057463E+04,2000963E-03,0.2909E+03,-0.1665E+03,0.8490743,0.5254687,-0.0543647
T,758,1,0.6143230E+04,2001228E-03,-0.3203E+03,0.8361E+02,0.9525287,-0.2689961,0.1425836
T,759,1,0.5211369E+04,2001593E-03,0.7025E+03,0.4870E+01,0.8662538,0.4792575,0.1411266
T,760,1,0.6348206E+04,2000678E-03,0.1176E+03,0.2330E+03,0.9539190,0.1386108,0.2661306
T,761,1,0.6272333E+04,2001322E-03,0.3198E+03,-0.2699E+03,0.9646546,0.1520315,-0.2152391
T,762,1,0.6126558E+04,2002077E-03,-0.1557E+03,-0.1096E+03,0.9620881,-0.2280197,-0.1496445
T,763,1,0.5898419E+04,2000599E-03,-0.2196E+03,0.1475E+03,0.9197338,-0.3590250,0.1587162
T,764,1,0.5680968E+04,2000656E-03,0.4134E+03,0.4755E+03,0.7805205,0.5179381,0.3500398
T,765,1,0.6088897E+04,2002180E-03,0.2781E+03,0.4228E+02,0.9853532,0.0666601,0.1569572
T,766,1,0.5616382E+04,2001745E-03,-0.2761E+03,0.2904E+03,0.9310254,-0.2649177,0.2510186
T,767,1,0.5453811E+04,2000543E-03,0.4245E+03,-0.3029E+03,0.8330386,0.1469740,-0.5333342
T,768,1,0.6615667E+04,2000796E-03,0.2959E+02,0.4122E+02,0.9815282,0.0458725,-0.1857367
T,769,1,0.5975227E+04,2000537E-03,-0.7173E+02,-0.3347E+03,0.9596279,-0.0272766,-0.2799471
T,770,1,0.6217521E+04,2000240E-03,0.4779E+03,0.1672E+03,0.9046786,0.4175629,0.0848405
T,771,1,0.5853022E+04,2000217E-03,0.2876E+03,-0.1286E+01,0.9796854,0.1907846,-0.0617883
T,772,1,0.6329318E+04,2001352E-03,-0.5190E+03,-0.3744E+03,0.9329577,-0.3284128,-0.1474277
T,773,1,0.6753707E+04,2000704E-03,-0.4334E+02,0.1415E+03,0.9644841,-0.2561121,-0.0646301
T,774,1,0.6545523E+04,2002000E-03,-0.3151E+03,0.2591E+03,0.9400595,-0.3281754,0.0926775
T,775,1,0.6465788E+04,2000126E-03,0.3256E+03,0.1055E+03,0.9860385,0.1662141,-0.0100470
T,776,1,0.6198291E+04,2002179E-03,-0.3621E+03,-0.3758E+02,0.9939325,-0.0081973,0.1096862
T,777,1,0.6735014E+04,2000956E-03,0.1367E+03,0.7576E+02,0.9862556,0.0941797,0.1357572
T,778,1,0.6108985E+04,2001868E-03,-0.2238E+03,-0.5676E+02,0.9873902,-0.1023652,-0.1207560
T,779,1,0.6273102E+04,2001280E-03,-0.3411E+03,0.5043E+03,0.9229506,-0.2009318,0.3283116
T,780,1,0.5724212E+04,2000628E-03,0.3610E+03,0.4177E+03,0.8464905,0.1681424,0.5051554
T,782,1,0.6461217E+04,2001705E-03,0.1455E+03,0.7630E+02,0.9689618,0.2114536,-0.1280639
T,783,1,0.4809400E+04,2001056E-03,-0.8199E+03,-0.6715E+03,0.8937128,-0.1556539,-0.4207723
T,784,1,0.5986050E+04,2000098E-03,0.1115E+03,-0.1287E+03,0.9675940,-0.1209982,-0.2216332
T,785,1,0.5879897E+04,2000621E-03,-0.1568E+03,-0.6238E+02,0.9972504,0.0462677,-0.0578880
T,786,1,0.6388078E+04,2002093E-03,0.2987E+03,0.2661E+03,0.9751876,0.2206020,-0.0185458
T,787,1,0.6245506E+04,2000126E-03,0.4845E+03,-0.3481E+03,0.9646238,0.0887975,-0.2482255
T,788,1,0.5794341E+04,2001891E-03,-0.7448E+02,-0.4928E+03,0.9321100,0.0233989,-0.3614187
T,789,1,0.6071487E+04,2000592E-03,0.1196E+03,-0.7792E+02,0.9900889,-0.1371580,-0.0301920
T,790,1,0.6753747E+04,2000836E-03,-0.2206E+03,-0.1943E+02,0.9836948,-0.1775332,0.0287494
T,791,1,0.6699038E+04,2000438E-03,0.1349E+03,0.1617E+02,0.9906497,0.1174327,-0.0694461
T,793,1,0.5967644E+04,2002219E-03,-0.7586E+02,0.1611E+03,0.9890704,-0.1174197,-0.0891761
T,794,1,0.6110592E+04,2001543E-03,0.2545E+02,-0.2836E+03,0.8732732,-0.1106917,-0.4744905
T,795,1,0.6414550E+04,2001855E-03,0.3151E+03,-0.9473E+02,0.9497787,0.2872159,-0.1242070
T,796,1,0.6780322E+04,2001206E-03,0.1940E+02,-0.5419E+02,0.9181925,0.0411654,-0.3939898
T,797,1,0.6309476E+04,2000195E-03,-0.5076E+02,-0.1978E+03,0.9872799,0.0371916,-0.1545808
T,798,1,0.5949996E+04,2001110E-03,-0.6550E+03,0.4349E+01,0.9497347,-0.2664085,0.1644099
T,799,1,0.5288796E+04,2000834E-03,0.3136E+03,0.1826E+03,0.6319061,0.7738384,-0.0432293
T,800,1,0.6925868E+04,2001910E-03,0.1509E+02,0.8754E+02,0.9655119,0.0062221,0.2602845
T,801,1,0.6502956E+04,2000697E-03,0.3849E+03,0.3363E+03,0.8797356,0.3925235,0.2683105
T,802,1,0.6186635E+04,2001483E-03,0.1687E+03,0.1793E+03,0.9406552,0.1298780,0.3135274
T,803,1,0.5814550E+04,2001751E-03,-0.5067E+03,0.9503E+02,0.8863517,-0.4216832,0.1912171
T,804,1,0.6053011E+04,2001987E-03,0.1315E+03,-0.2123E+03,0.9492665,0.1646622,-0.2679167
T,805,1,0.6496711E+04,2002139E-03,0.1165E+03,-0.2025E+03,0.9722079,-0.0827112,-0.2190223
T,806,1,0.6204777E+04,2001810E-03,-0.1187E+03,-0.5742E+02,0.9982521,-0.0554897,-0.0203385
T,807,1,0.6198273E+04,2001178E-03,0.2966E+02,-0.3390E+03,0.9297758,-0.2864305,0.2312457
T,808,1,0.9925504E+03,2000217E-03,0.6493E+01,0.1412E+04,0.6396575,0.0152564,0.7685086
T,809,1,0.5585971E+04,2000175E-03,-0.2094E+03,-0.4278E+03,0.7776772,-0.4611658,-0.4272521
T,810,1,0.6481921E+04,2000918E-03,0.4999E+02,0.2337E+03,0.9469985,0.2293097,-0.2249685
T,811,1,0.6146507E+04,2002006E-03,0.2320E+03,-0.1378E+03,0.9407461,-0.3052600,-0.1476925
T,812,1,0.5956331E+04,2000248E-03,-0.1129E+03,-0.1737E+03,0.7906047,-0.4816249,-0.3781290
T,813,1,0.7147327E+04,2000989E-03,-0.9639E+01,-0.9495E+02,0.9898140,0.1377029,-0.0361400
T,814,1,0.6432082E+04,2001358E-03,-0.2890E+03,0.3207E+02,0.9358503,-0.3372637,0.1021640
T,815,1,0.6429592E+04,2001155E-03,0.1131E+03,-0.3306E+02,0.9778258,0.2032413,0.0504937
T,816,1,0.5980364E+04,2001518E-03,-0.7749E+02,-0.4213E+03,0.9456200,-0.1668463,-0.2792224
T,817,1,0.6586269E+04,2001647E-03,0.1425E+03,-0.6711E+02,0.9345973,0.1302795,-0.3309912
T,818,1,0.7189676E+04,2001396E-03,-0.1777E+03,0.3210E+02,0.9853829,-0.0845192,0.1479087
T,819,1,0.6555135E+04,2001873E-03,0.3631E+03,0.8066E+02,0.9923561,0.0700641,0.1015894
T,820,1,0.6219533E+04,2001652E-03,-0.1483E+03,0.1720E+03,0.9757999,-0.0809989,0.2031103
T,821,1,0.6432577E+04,2000284E-03,0.2123E+03,0.3540E+03,0.8916413,-0.0168507,0.4524288
T,822,1,0.6283971E+04,2001344E-03,-0.2322E+02,0.5357E+02,0.9992016,0.0198066,0.0346972
T,824,1,0.6527283E+04,2001626E-03,0.4674E+03,0.6297E+02,0.8705122,0.4681210,0.1518921
T,825,1,0.6567434E+04,2000428E-03,0.3611E+03,-0.1920E+02,0.9091134,0.3959036,-0.1295111
T,826,1,0.7093322E+04,2000402E-03,0.2437E+03,0.7734E+02,0.9953912,0.0951559,0.0119027
T,827,1,0.5897207E+04,2001758E-03,-0.3731E+03,0.4038E+03,0.9448796,0.0729224,0.3191940
T,828,1,0.6306209E+04,2001865E-03,-0.1490E+03,-0.3522E+02,0.9964015,-0.0745642,-0.0403017
T,829,1,0.4806504E+04,2000844E-03,-0.7012E+03,-0.8218E+03,0.8713997,-0.3286503,-0.3642136
T,830,1,0.6036226E+04,2002131E-03,-0.7287E+02,-0.3167E+03,0.9564013,-0.1235081,-0.2646551
T,831,1,0.6281903E+04,2000025E-03,-0.2806E+03,0.4592E+03,0.9323433,-0.3343474,0.1376508
T,832,1,0.5722086E+04,2000476E-03,-0.1754E+03,-0.5891E+02,0.9495032,-0.2572728,0.1795949
T,833,1,0.5437252E+04,2000571E-03,0.2346E+03,0.8262E+03,0.8196325,0.2604123,0.5102822
T,834,1,0.6179446E+04,2001898E-03,-0.6226E+02,-0.3856E+02,0.8698060,-0.4470886,-0.2086847
T,835,1,0.5272812E+04,2001330E-03,0.1375E+03,0.8343E+03,0.8348531,-0.1236774,0.5363993
T,836,1,0.5928545E+04,2002032E-03,0.1749E+03,0.4631E+03,0.9601341,0.0187543,0.2789099
T,837,1,0.5930415E+04,2000159E-03,-0.1259E+02,0.1456E+03,0.9660173,-0.2392966,-0.0977127
T,838,1,0.6012406E+04,2000932E-03,0.4332E+03,-0.1731E+03,0.8946812,0.4432406,0.0555276
T,839,1,0.6287015E+04,2001383E-03,-0.1699E+03,-0.1014E+03,0.9744461,-0.1566261,-0.1610065
T,840,1,0.5997141E+04,2000994E-03,0.2829E+03,-0.6056E+03,0.8907636,0.1136102,-0.4400374
T,841,1,0.6302119E+04,2001686E-03,-0.2815E+03,0.1412E+03,0.9782653,-0.1500990,0.1430639
T,842,1,0.6439735E+04,2000977E-03,-0.1470E+03,-0.4530E+02,0.9823437,-0.1765109,0.0620062
T,843,1,0.4898596E+04,2001610E-03,-0.7412E+02,-0.1086E+04,0.7778061,0.0556877,-0.6260324
T,844,1,0.5904754E+04,2002074E-03,0.1004E+03,0.2519E+02,0.9638480,0.2124222,-0.1608534
T,845,1,0.4472919E+04,2002037E-03,-0.2137E+03,-0.8653E+03,0.9363224,-0.3070688,-0.1703205
T,846,1,0.4837919E+04,2001319E-03,-0.8162E+03,0.3462E+03,0.6661865,-0.7117701,0.2226631
T,847,1,0.6321575E+04,2000893E-03,0.1000E+03,0.4980E+02,0.9942295,-0.0232934,0.1047145
T,848,1,0.5697511E+04,2000931E-03,0.5658E+03,-0.6428E+03,0.8354154,0.5013773,-0.2251707
T,849,1,0.2969667E+04,2000530E-03,0.5118E+03,-0.8014E+03,0.3416037,0.3401312,-0.8761379
T,850,1,0.5616726E+04,2000304E-03,-0.1657E+03,-0.2483E+02,0.8761023,0.2504228,-0.4119868
T,851,1,0.5437556E+04,2001300E-03,0.5214E+03,0.1934E+03,0.7567602,0.5837098,0.2942733
T,852,1,0.5764482E+04,2001451E-03,-0.2298E+02,0.3361E+03,0.9765829,-0.1163358,0.1809744
T,853,1,0.5847135E+04,2000064E-03,-0.4817E+03,0.4422E+03,0.9560129,-0.2558261,0.1435000
T,854,1,0.5349710E+04,2001530E-03,-0.4871E+03,-0.3646E+02,0.8901766,-0.4330036,-0.1417512
T,855,1,0.5003518E+04,2000040E-03,-0.6445E+03,0.3746E+03,0.9169725,-0.3221444,0.2353390
T,856,1,0.5815344E+04,2000736E-03,-0.1760E+03,0.4987E+03,0.9426376,-0.1115142,0.3146410
T,857,1,0.6348770E+04,2001869E-03,0.9152E+02,0.8723E+02,0.9992830,-0.0361640,-0.0112079
T,858,1,0.7123962E+04,2001401E-03,0.4089E+03,-0.1451E+03,0.9339765,0.3475632,0.0829922
T,859,1,0.5781108E+04,2000465E-03,0.4011E+03,-0.8437E+02,0.9564349,0.2218420,-0.1897850
T,860,1,0.5959749E+04,2001732E-03,-0.2340E+02,0.1430E+03,0.9938498,0.0913088,-0.0626516
T,861,1,0.5663792E+04,2001909E-03,-0.1840E+03,0.4771E+03,0.8712765,-0.2494956,0.4226454
T,862,1,0.6584365E+04,2000731E-03,0.3124E+03,-0.7430E+02,0.9548954,0.2859218,0.0801474
T,863,1,0.6281941E+04,2001709E-03,0.3076E+03,-0.2560E+03,0.8851944,0.4394808,-0.1526020
T,864,1,0.5213099E+04,2001176E-03,-0.5157E+03,0.1608E+03,0.9008393,-0.3704136,0.2264560
T,865,1,0.6119360E+04,2001910E-03,-0.1915E+03,-0.3190E+03,0.9966011,-0.0723724,-0.0393506
T,866,1,0.6887123E+04,2001011E-03,0.1288E+02,0.2577E+01,0.9948515,0.0247961,0.0982634
T,867,1,0.6205726E+04,2001942E-03,0.1025E+03,-0.2367E+03,0.9768851,0.2023066,0.0690474
T,868,1,0.6193110E+04,2000093E-03,0.3943E+03,-0.1697E+03,0.8871943,0.3712695,-0.2739440
T,869,1,0.3778196E+04,2001072E-03,0.1383E+04,-0.2132E+03,0.8194861,0.5691575,0.0670995
T,870,1,0.1205228E+04,2000926E-03,-0.3263E+03,-0.1885E+04,0.9698492,-0.2143269,-0.1160018
T,871,1,0.6217871E+04,2000358E-03,-0.3298E+02,0.2021E+03,0.9988403,-0.0243535,0.0415319
T,872,1,0.5908753E+04,2001742E-03,-0.2080E+03,-0.4141E+03,0.9879814,-0.1135500,-0.1048767
T,873,1,0.4848802E+04,2001884E-03,-0.6232E+03,0.3531E+03,0.8963588,-0.2375388,0.3743211
T,874,1,0.6199554E+04,2000783E-03,0.1092E+02,-0.1746E+03,0.9870168,-0.1362781,-0.0850068
T,875,1,0.6181252E+04,2001516E-03,-0.8245E+02,0.2469E+02,0.9980593,0.0388955,0.0486299
T,876,1,0.5296895E+04,2001595E-03,0.9512E+03,-0.3987E+03,0.7734535,0.6042012,-0.1915999
T,877,1,0.6305364E+04,2001723E-03,0.5758E+02,0.1671E+03,0.9725956,0.2072370,0.1054072
T,878,1,0.6260149E+04,2000426E-03,-0.1020E+03,0.1672E+03,0.9531754,-0.1491136,0.2631002
T,879,1,0.6151513E+04,2002121E-03,0.5400E+00,0.6866E+02,0.9927758,0.0466358,-0.1105498
T,880,1,0.6609480E+04,2001088E-03,0.1185E+03,0.9500E+02,0.9887673,0.0351677,0.1452667
T,881,1,0.5791925E+04,2002159E-03,0.1232E+03,0.1861E+03,0.9581603,0.1549750,0.2406484
T,882,1,0.6713161E+04,2001387E-03,-0.8830E+02,-0.2581E+03,0.9331729,-0.0648887,-0.3535221
T,883,1,0.6289883E+04,2001313E-03,0.2380E+03,-0.1096E+03,0.9813096,0.0639711,-0.1814915
T,884,1,0.6577382E+04,2001325E-03,-0.3623E+03,0.2190E+01,0.9484047,-0.2199881,-0.2283282
T,885,1,0.5954147E+04,2000867E-03,0.4007E+03,-0.3897E+03,0.9701294,0.2350127,-0.0601494
T,886,1,0.5099567E+04,2000265E-03,0.7925E+03,-0.5989E+03,0.8786608,0.4628000,0.1173513
T,887,1,0.5809564E+04,2001539E-03,-0.6288E+02,0.5084E+02,0.9374380,-0.0856988,0.3374398
T,888,1,0.6761622E+04,2000662E-03,-0.3173E+03,-0.1518E+03,0.9560789,-0.0747720,-0.2834118
T,890,1,0.6926833E+04,2001079E-03,-0.6194E+02,-0.5723E+02,0.9982140,-0.0279297,-0.0528090
T,891,1,0.6239160E+04,2000112E-03,-0.7100E+02,0.1937E+03,0.9436969,-0.1055561,0.3135189
T,892,1,0.6297053E+04,2001542E-03,0.2044E+03,0.7494E+02,0.9928764,0.1186805,-0.0105532
T,893,1,0.5416045E+04,2000615E-03,0.1087E+03,-0.1849E+03,0.9521314,0.2999461,-0.0589754
T,894,1,0.6284500E+04,2001633E-03,-0.7930E+02,-0.3045E+03,0.9215793,-0.0599525,-0.3835326
T,895,1,0.5835794E+04,2001709E-03,-0.8937E+02,0.7167E+02,0.9752622,-0.1741994,0.1360817
T,896,1,0.5906179E+04,2000091E-03,0.3191E+03,0.4228E+03,0.9412817,0.3213232,0.1036346
T,897,1,0.5689378E+04,2001603E-03,0.6102E+02,0.2780E+02,0.7154253,0.6286295,-0.3049452
T,898,1,0.5701646E+04,2000657E-03,0.1387E+03,-0.4833E+03,0.9561286,-0.0398591,-0.2902230
T,899,1,0.5988387E+04,2001662E-03,0.3719E+03,0.6945E+02,0.7369023,0.6565488,0.1609927
T,900,1,0.6776194E+04,2001954E-03,-0.9853E+02,0.6006E+02,0.9760403,-0.1381055,0.1681436
T,901,1,0.6563188E+04,2001142E-03,-0.4797E+03,-0.3174E+03,0.8693649,-0.4903146,-0.0616135
T,902,1,0.6632353E+04,2001067E-03,-0.1707E+02,-0.3038E+03,0.8751590,-0.2595533,-0.4083245
T,903,1,0.6529496E+04,2001145E-03,0.4219E+03,-0.1935E+03,0.9932610,0.1158986,-0.0000031
T,904,1,0.6603675E+04,2001775E-03,0.3746E+02,-0.1557E+02,0.9716238,-0.1589998,0.1751179
T,905,1,0.4998817E+04,2000444E-03,-0.7529E+03,0.6732E+02,0.7170156,-0.6741440,-0.1772525
T,906,1,0.6101363E+04,2000661E-03,-0.2696E+03,-0.5114E+03,0.9347871,-0.0528922,-0.3512484
T,907,1,0.3169181E+04,2000134E-03,0.1283E+04,0.2280E+03,0.5434357,0.8262181,0.1484631
T,908,1,0.6127448E+04,2001671E-03,-0.2635E+02,-0.1289E+03,0.9866980,-0.1135428,-0.1163406
T,909,1,0.5335460E+04,2001929E-03,0.2925E+03,0.5311E+03,0.9735815,-0.0208527,0.2273858
T,910,1,0.4788225E+04,2000992E-03,-0.9341E+03,0.3665E+03,0.4949444,-0.8019494,0.3345252
T,911,1,0.6415692E+04,2001181E-03,-0.4007E+02,-0.5700E+02,0.9995193,0.0042921,-0.0307041
T,912,1,0.6637445E+04,2001532E-03,0.1724E+02,-0.1502E+03,0.9898342,-0.0094754,0.1419098
T,913,1,0.6075999E+04,2000180E-03,-0.2696E+03,0.7266E+02,0.9717201,-0.2260918,-0.0681366
T,914,1,0.4699525E+04,2000202E-03,-0.9980E+03,-0.7656E+03,0.6533260,-0.5604334,-0.5089986
T,915,1,0.7444632E+04,2000426E-03,0.4095E+02,0.3877E+02,0.9972350,0.0018369,-0.0742902
T,916,1,0.5709668E+04,2000096E-03,0.4403E+03,0.6685E+03,0.8332269,0.4106926,0.3702224
T,917,1,0.6403060E+04,2000930E-03,-0.2348E+03,0.3278E+02,0.9374439,-0.3476723,-0.0179691
T,918,1,0.6718968E+04,2000961E-03,0.7575E+02,0.5453E+02,0.9888581,0.1349300,-0.0628771
T,919,1,0.6070882E+04,2001066E-03,-0.6627E+02,0.1558E+03,0.9978887,-0.0511896,0.0399721
T,920,1,0.6504538E+04,2001570E-03,-0.4096E+03,-0.8922E+02,0.9020204,-0.3584860,-0.2405139
T,921,1,0.6075798E+04,2001872E-03,-0.4878E+02,0.1513E+03,0.9998219,0.0096751,-0.0162034
T,922,1,0.6120366E+04,2000418E-03,0.3360E+02,-0.1403E+02,0.9914312,-0.1257629,-0.0353250
T,923,1,0.5912671E+04,2001523E-03,0.2453E+03,0.2683E+03,0.9769293,0.0991315,0.1891613
T,924,1,0.6576607E+04,2000342E-03,-0.3003E+02,0.4525E+03,0.9847261,0.0638207,0.1619923
T,925,1,0.5644902E+04,2001405E-03,-0.1583E+03,0.5877E+03,0.7798059,-0.6117877,0.1327352
T,926,1,0.6205320E+04,2001863E-03,0.6016E+02,-0.1553E+03,0.9918928,0.1270622,0.0019689
T,927,1,0.5632576E+04,2001402E-03,-0.1656E+03,-0.5615E+02,0.8816342,-0.4556107,-0.1230452
T,929,1,0.5731101E+04,2000260E-03,0.3037E+03,-0.5687E+03,0.8809816,0.1366779,-0.4529796
T,930,1,0.6255789E+04,2000030E-03,0.5716E+02,0.1728E+03,0.9906147,0.1265205,-0.0517212
T,931,1,0.5701670E+04,2000379E-03,0.3001E+03,-0.5918E+03,0.9694691,0.1669311,-0.1796212
T,932,1,0.6827903E+04,2001091E-03,0.1619E+03,0.1208E+03,0.9710474,0.1460404,0.1890482
T,933,1,0.6603745E+04,2000652E-03,0.8269E+02,-0.5836E+02,0.9838139,0.0540439,-0.1708494
T,934,1,0.6155192E+04,2000454E-03,-0.1971E+03,-0.1297E+03,0.9346096,-0.3360558,-0.1164961
T,935,1,0.6337353E+04,2001900E-03,0.2175E+03,0.3005E+03,0.9952442,0.0078811,0.0970920
T,936,1,0.4832615E+04,2000570E-03,0.7891E+03,-0.1797E+03,0.7426811,0.5453564,-0.3886016
T,937,1,0.5006531E+04,2000278E-03,-0.1702E+03,-0.4836E+03,0.7098049,-0.3239275,-0.6254981
T,938,1,0.5554186E+04,2000925E-03,-0.2257E+03,0.4787E+03,0.9704347,-0.0553932,0.2349213
T,939,1,0.6038024E+04,2001223E-03,0.9677E+02,-0.1729E+03,0.8129101,0.3881194,-0.4342125
T,940,1,0.6300776E+04,2001443E-03,-0.3941E+02,0.1483E+03,0.9713448,0.1991855,0.1296703
T,941,1,0.6152621E+04,2000456E-03,-0.3276E+03,0.3713E+02,0.9511026,-0.2460115,0.1867678
T,942,1,0.6747738E+04,2000218E-03,0.7339E+02,-0.7625E+02,0.9867170,-0.0267472,-0.1602313
T,943,1,0.6667886E+04,2001882E-03,-0.3747E+03,-0.1731E+03,0.8646401,-0.4829218,-0.1385067
T,944,1,0.4703962E+04,2000454E-03,-0.5081E+03,-0.2991E+03,0.8072275,-0.5808824,-0.1046867
T,945,1,0.6082739E+04,2001484E-03,-0.4843E+02,0.2851E+03,0.9775566,-0.0869287,0.1919024
T,946,1,0.6335448E+04,2001125E-03,0.2262E+03,0.1809E+03,0.9806941,0.1310116,0.1451727
T,947,1,0.6122533E+04,2000815E-03,-0.1825E+03,0.2207E+03,0.9920262,-0.0921798,0.0859467
T,948,1,0.5321060E+04,2000746E-03,0.6104E+03,0.2620E+03,0.9043365,0.3384011,0.2601158
T,949,1,0.3659637E+04,2000801E-03,0.1397E+04,-0.6936E+02,0.7148810,0.6977719,-0.0453824
T,950,1,0.6347717E+04,2001795E-03,-0.7999E+01,0.1297E+03,0.9904606,0.1352648,0.0262904
T,951,1,0.6715991E+04,2001627E-03,-0.3729E+02,0.3150E+02,0.9997629,-0.0021402,-0.0216705
T,952,1,0.6296511E+04,2000031E-03,-0.4597E+02,0.2114E+03,0.9666334,-0.0392883,0.2531329
T,953,1,0.6339261E+04,2000344E-03,-0.3693E+03,0.2386E+03,0.9117386,-0.4107086,0.0071586
T,954,1,0.4642670E+04,2001423E-03,0.1286E+03,0.1026E+04,0.6619628,-0.0773979,0.7455299
T,955,1,0.6539243E+04,2001813E-03,-0.8410E+02,-0.8053E+02,0.9971558,-0.0423743,-0.0623275
T,956,1,0.5615113E+04,2001800E-03,0.3563E+02,0.3208E+03,0.8089170,0.1423431,0.5704311
T,957,1,0.6051688E+04,2000500E-03,0.3111E+03,0.6446E+02,0.9187520,0.3688386,0.1409003
T,958,1,0.6070779E+04,2000949E-03,0.2823E+03,0.2280E+02,0.9676919,0.2329738,-0.0964138
T,959,1,0.5863943E+04,2001688E-03,-0.2024E+03,0.2229E+03,0.9987336,-0.0035027,0.0501893
T,960,1,0.6160221E+04,2001131E-03,0.1705E+03,-0.2147E+03,0.9668166,0.2379344,-0.0930210
T,961,1,0.4995670E+04,2000822E-03,-0.3296E+03,0.8932E+03,0.8512547,-0.3284901,0.4092184
T,962,1,0.6196984E+04,2000954E-03,-0.1408E+03,-0.7047E+02,0.6780231,-0.7268913,0.1091495
T,963,1,0.6164071E+04,2000355E-03,0.4911E+03,0.3180E+03,0.9853530,0.1244920,-0.1165385
T,964,1,0.5885371E+04,2000759E-03,-0.1067E+03,-0.8849E+01,0.9951511,0.0893026,-0.0412225
T,965,1,0.5790702E+04,2000559E-03,-0.1334E+03,-0.7983E+02,0.9544802,0.0121376,-0.2980273
T,966,1,0.6261153E+04,2001528E-03,-0.2823E+03,0.3244E+02,0.9604784,-0.2780960,-0.0119955
T,967,1,0.4979351E+04,2001678E-03,0.4804E+03,0.4018E+03,0.9551060,0.2866457,0.0748788
T,968,1,0.6353352E+04,2001888E-03,0.1022E+03,-0.2134E+03,0.9760172,-0.1222069,-0.1801554
T,970,1,0.4389037E+04,2000390E-03,-0.3710E+03,-0.8530E+03,0.4615190,0.1018596,-0.8812632
T,971,1,0.6944978E+04,2000942E-03,0.3182E+02,0.1921E+03,0.9931072,-0.0901097,0.0749557
T,972,1,0.5390624E+04,2000983E-03,0.2149E+03,-0.1537E+03,0.9246747,0.3444774,-0.1622099
T,973,1,0.6076736E+04,2001487E-03,-0.2507E+03,0.2276E+03,0.9744461,-0.2233941,0.0234475
T,974,1,0.5591344E+04,2000711E-03,-0.3410E+03,-0.4970E+02,0.9809379,-0.1888758,-0.0456817
T,975,1,0.6930224E+04,2000245E-03,-0.9903E+02,-0.3811E+02,0.9862883,-0.0417985,-0.1596503
T,976,1,0.5417517E+04,2001764E-03,0.5705E+03,-0.2058E+03,0.8848759,0.3765146,-0.2742834
T,977,1,0.5902456E+04,2000098E-03,0.4692E+03,-0.3800E+03,0.8384076,0.3606701,-0.4086439
T,978,1,0.6413415E+04,2001330E-03,-0.2490E+03,-0.1940E+03,0.9927510,-0.0717410,-0.0964300
T,979,1,0.6220002E+04,2001520E-03,0.2010E+03,0.1481E+03,0.9856993,0.1678977,0.0143972
T,980,1,0.5974265E+04,2001633E-03,0.7021E+02,0.3263E+03,0.9890834,0.0766164,0.1258729
T,981,1,0.6088774E+04,2000263E-03,-0.3949E+03,0.8849E+02,0.9833658,-0.1796575,-0.0267393
T,982,1,0.6654249E+04,2001805E-03,-0.3071E+02,0.6581E+01,0.9965760,-0.0640039,0.0523435
T,983,1,0.5944299E+04,2000501E-03,0.1949E+03,-0.7567E+02,0.9408510,0.1579707,-0.2997409
T,984,1,0.6474061E+04,2000391E-03,-0.1324E+03,0.3151E+03,0.7973660,-0.5978220,0.0825611
T,985,1,0.4641356E+04,2000221E-03,0.1084E+04,-0.8463E+02,0.6469733,0.7625033,0.0037725
T,986,1,0.5007609E+04,2001188E-03,0.1724E+03,-0.8185E+03,0.7404217,0.1757865,-0.6487487
T,987,1,0.6105639E+04,2002114E-03,0.4784E+02,0.1462E+03,0.9549231,-0.2702252,0.1228830
T,988,1,0.6731380E+04,2001023E-03,-0.6359E+02,0.1902E+03,0.9556009,0.1453894,0.2562982
T,989,1,0.6314611E+04,2000285E-03,-0.6611E+02,-0.2764E+03,0.9914330,-0.0991320,-0.0850500
T,990,1,0.5830587E+04,2000208E-03,-0.3545E+03,0.1643E+03,0.9816938,0.1432637,0.1255101
T,991,1,0.6735550E+04,2001623E-03,0.1289E+03,0.2249E+03,0.9324942,0.1604027,0.3236132
T,992,1,0.5103791E+04,2001483E-03,-0.6630E+03,0.3183E+03,0.6789290,-0.7327866,0.0455982
T,993,1,0.5259964E+04,2000915E-03,0.3022E+02,0.7004E+03,0.9872317,-0.1312776,0.0902205
T,994,1,0.6017197E+04,2000789E-03,-0.4464E+03,0.3946E+03,0.9188067,-0.2729783,0.2850915
T,995,1,0.6079788E+04,2001264E-03,-0.8545E+02,0.1771E+02,0.9778075,-0.1943645,-0.0781974
T,996,1,0.6881076E+04,2002111E-03,-0.1549E+03,-0.8019E+00,0.9502442,-0.2495689,-0.1864172
T,997,1,0.6546221E+04,2000295E-03,0.2121E+03,0.1921E+03,0.9562671,0.2214008,0.1911410
T,998,1,0.5971127E+04,2000985E-03,-0.1266E+03,-0.2613E+03,0.9842516,-0.1642804,-0.0652747
T,999,1,0.5765229E+04,2000037E-03,-0.4968E+03,0.2484E+03,0.9068965,-0.3427506,0.2450729
T,1000,1,0.5896245E+04,2001292E-03,0.2627E+03,-0.3157E+03,0.9753965,0.0638856,-0.2109983
