T,1,1,0.2042216E+06,5751394E-03,0.8168E+02,-0.2955E+01,0.9983894,0.0507529,0.0253522
T,2,1,0.2038286E+06,5752466E-03,0.2156E+01,0.6020E+02,0.9997239,-0.0021520,0.0233993
T,3,1,0.2038413E+06,5751408E-03,-0.9132E+02,0.3960E+02,0.9995327,-0.0252332,-0.0172517
T,4,1,0.2041381E+06,5750739E-03,0.7270E+02,-0.5103E+02,0.9941894,0.1071152,0.0106679
T,5,1,0.2045847E+06,5750710E-03,0.2200E+03,-0.5649E+02,0.9795084,0.1607130,-0.1213860
T,6,1,0.2030376E+06,5752220E-03,0.1405E+03,0.6764E+00,0.9998774,0.0052198,0.0147629
T,7,1,0.2045416E+06,5751698E-03,-0.1641E+02,0.1600E+03,0.9999506,-0.0037255,0.0092145
T,8,1,0.2028845E+06,5750768E-03,-0.9727E+02,0.5597E+02,0.9980611,-0.0374951,0.0496810
T,9,1,0.2046754E+06,5751675E-03,0.2232E+02,0.8555E+01,0.9931426,0.0120732,0.1162838
T,10,1,0.2040536E+06,5752557E-03,0.3776E+01,0.1826E+02,0.9997309,-0.0229775,-0.0031928
T,11,1,0.2009405E+06,5752729E-03,0.4338E+01,0.2956E+01,0.9998150,0.0186825,0.0045715
T,12,1,0.2025710E+06,5751381E-03,-0.3592E+02,-0.8465E+01,0.9992167,-0.0353444,-0.0177971
T,13,1,0.2042463E+06,5751047E-03,-0.7580E+02,-0.8589E+02,0.9999257,0.0097703,-0.0072843
T,14,1,0.2049882E+06,5751374E-03,-0.1210E+03,0.1113E+03,0.9991739,-0.0279103,0.0295379
T,15,1,0.2030327E+06,5752540E-03,0.5008E+02,0.2213E+02,0.9995971,0.0092460,0.0268341
T,16,1,0.2042112E+06,5751987E-03,0.2022E+03,0.7279E+02,0.9986837,0.0369809,0.0355432
T,17,1,0.2022846E+06,5752407E-03,-0.1494E+02,0.6153E+02,0.9999226,-0.0033057,0.0119921
T,18,1,0.2044984E+06,5752799E-03,-0.6448E+01,0.2636E+02,0.9999823,-0.0040179,0.0043955
T,19,1,0.2034734E+06,5752475E-03,0.1536E+02,-0.1454E+03,0.9948232,0.0197429,-0.0996846
T,20,1,0.2034833E+06,5751244E-03,0.2809E+02,0.1606E+03,0.9990152,0.0025205,0.0442966
T,21,1,0.2036063E+06,5751169E-03,-0.4249E+02,0.7624E+02,0.9991929,-0.0253506,0.0311606
T,22,1,0.2027148E+06,5751468E-03,-0.6223E+02,0.1411E+02,0.9987105,-0.0445115,0.0244130
T,23,1,0.2051611E+06,5751603E-03,-0.7944E+02,0.4949E+01,0.9995050,-0.0270040,-0.0161388
T,24,1,0.2038712E+06,5751643E-03,-0.2139E+02,-0.3733E+01,0.9995554,0.0165504,-0.0248004
T,25,1,0.2042364E+06,5751872E-03,0.8000E+01,-0.3445E+02,0.9972102,-0.0568219,-0.0484058
T,26,1,0.2055755E+06,5750740E-03,0.1232E+03,-0.1213E+03,0.9977836,0.0663244,0.0053840
T,27,1,0.2045334E+06,5750539E-03,-0.1048E+02,-0.1123E+03,0.9995951,-0.0255119,-0.0125995
T,28,1,0.2025209E+06,5752537E-03,-0.2168E+03,-0.2180E+03,0.9977488,-0.0604036,-0.0291330
T,29,1,0.2041751E+06,5750214E-03,-0.9555E+02,-0.1706E+03,0.9989920,-0.0138191,-0.0427082
T,30,1,0.2039732E+06,5752427E-03,-0.4764E+02,0.2113E+03,0.9986267,0.0054949,0.0521001
T,31,1,0.2032056E+06,5752300E-03,0.1552E+02,-0.2832E+02,0.9990612,0.0362696,-0.0236893
T,32,1,0.2030975E+06,5752362E-03,-0.5992E+02,0.1483E+03,0.9995401,-0.0092046,0.0288940
T,33,1,0.2025031E+06,5751350E-03,0.5642E+02,-0.4455E+02,0.9990523,-0.0063471,-0.0430595
T,34,1,0.2021519E+06,5752319E-03,-0.1020E+02,-0.6216E+02,0.9995477,0.0144385,-0.0263813
T,35,1,0.2042682E+06,5750140E-03,-0.3532E+02,-0.2525E+03,0.9979333,-0.0121867,-0.0630925
T,36,1,0.2025858E+06,5751489E-03,0.2339E+02,-0.9225E+02,0.9995797,-0.0090651,-0.0275347
T,37,1,0.2028348E+06,5751169E-03,0.6442E+01,0.1124E+03,0.9995688,-0.0164034,0.0243526
T,38,1,0.2028116E+06,5750422E-03,-0.1114E+03,0.2206E+02,0.9996566,0.0215470,0.0149147
T,39,1,0.2043626E+06,5750622E-03,0.2734E+02,-0.1137E+03,0.9995997,-0.0049747,-0.0278521
T,40,1,0.2041176E+06,5750629E-03,-0.9991E+02,-0.1668E+03,0.9999843,0.0032170,-0.0045870
T,41,1,0.2036067E+06,5752631E-03,-0.3466E+02,0.2333E+02,0.9997572,-0.0206105,0.0077896
T,42,1,0.2034816E+06,5751350E-03,0.3316E+02,-0.1882E+03,0.9701327,-0.2086037,-0.1238026
T,43,1,0.2040596E+06,5751065E-03,-0.3563E+02,-0.3330E+02,0.9963167,0.0156146,0.0843160
T,44,1,0.2025973E+06,5750086E-03,-0.1347E+03,-0.1679E+01,0.9970527,-0.0296981,-0.0707392
T,45,1,0.2029387E+06,5752671E-03,-0.9427E+01,0.1510E+02,0.9995910,-0.0285981,0.0000088
T,46,1,0.2020841E+06,5750706E-03,-0.9569E+02,-0.9485E+00,0.8465214,-0.5264752,0.0789005
T,47,1,0.2025870E+06,5752934E-03,0.3613E+02,-0.1250E+03,0.9985750,-0.0331368,-0.0418309
T,48,1,0.2042792E+06,5752508E-03,-0.4151E+02,0.2271E+02,0.9996763,-0.0242820,0.0075922
T,49,1,0.2038369E+06,5752371E-03,0.1978E+02,0.6311E+02,0.9999857,0.0052792,-0.0008902
T,50,1,0.2043573E+06,5750404E-03,0.1955E+03,-0.1552E+03,0.9976190,0.0486273,-0.0489056
T,51,1,0.2032497E+06,5752524E-03,0.1686E+02,-0.3924E+02,0.9992909,-0.0140602,-0.0349274
T,52,1,0.2054475E+06,5751692E-03,0.2708E+03,-0.5320E+02,0.9965895,0.0633858,-0.0528359
T,53,1,0.2038267E+06,5750289E-03,-0.5471E+02,-0.1668E+03,0.9957589,0.0267722,-0.0880200
T,54,1,0.2031254E+06,5750190E-03,-0.1288E+03,-0.2447E+01,0.9981179,-0.0556878,-0.0256793
T,55,1,0.2041783E+06,5752915E-03,-0.1030E+03,-0.2088E+03,0.9893057,-0.0702316,-0.1278352
T,56,1,0.2032605E+06,5751724E-03,-0.5085E+02,-0.5495E+02,0.9998623,-0.0164986,0.0017596
T,57,1,0.2025807E+06,5752442E-03,0.8752E+02,0.1468E+02,0.9953400,0.0682937,0.0680747
T,58,1,0.2044237E+06,5752563E-03,0.1699E+02,-0.1418E+03,0.9989500,-0.0345821,-0.0300495
T,59,1,0.2028648E+06,5751405E-03,0.2324E+02,0.8728E+01,0.9990835,0.0334416,0.0267158
T,60,1,0.2036773E+06,5752713E-03,-0.2945E+03,-0.2165E+03,0.9971899,-0.0556339,-0.0501720
T,61,1,0.2041164E+06,5752288E-03,-0.2389E+02,0.3929E+02,0.9994309,0.0196939,0.0273857
T,62,1,0.2033169E+06,5752704E-03,0.1808E+03,-0.6006E+02,0.9931057,0.0240036,-0.1147388
T,63,1,0.2038239E+06,5750156E-03,-0.1197E+03,0.6175E+02,0.9982998,-0.0455063,0.0364228
T,64,1,0.2040653E+06,5752143E-03,-0.5184E+02,0.1245E+02,0.9975077,-0.0599073,0.0372758
T,65,1,0.2030718E+06,5752374E-03,0.3142E+02,0.3040E+03,0.9985063,0.0145315,0.0526683
T,66,1,0.2048722E+06,5752448E-03,0.2105E+03,-0.5507E+02,0.9970437,0.0677785,-0.0361924
T,67,1,0.2043410E+06,5750214E-03,-0.5701E+02,-0.1099E+03,0.9979920,-0.0560181,-0.0295617
T,68,1,0.2039235E+06,5752741E-03,0.4126E+01,0.5787E+01,0.9999982,0.0012382,0.0014190
T,69,1,0.2030304E+06,5750668E-03,0.2670E+03,0.2715E+03,0.9920731,0.1052182,0.0687034
T,70,1,0.2036590E+06,5752235E-03,0.7859E+02,-0.1068E+02,0.9998395,0.0153994,-0.0091572
T,71,1,0.2030579E+06,5750714E-03,-0.6677E+02,-0.1660E+03,0.9895013,0.0040726,-0.1444667
T,72,1,0.2038347E+06,5752414E-03,-0.4391E+02,-0.1562E+02,0.9992347,-0.0346500,-0.0181490
T,73,1,0.2037960E+06,5752226E-03,0.7481E+02,0.1310E+02,0.9992776,0.0365480,0.0104212
T,74,1,0.2037049E+06,5752281E-03,0.3789E+01,-0.1268E+03,0.9904974,0.0929429,-0.1013727
T,75,1,0.2031950E+06,5751839E-03,0.1217E+03,0.3160E+02,0.9979509,0.0461082,-0.0443628
T,76,1,0.2016609E+06,5752653E-03,-0.2804E+03,0.1066E+03,0.9709464,-0.2053665,0.1228318
T,77,1,0.2035105E+06,5750115E-03,0.1089E+03,0.6316E+02,0.9992549,0.0385876,0.0007856
T,78,1,0.2039453E+06,5752853E-03,0.9938E+02,-0.1775E+03,0.9987412,0.0135862,-0.0482843
T,79,1,0.2039027E+06,5752310E-03,-0.6721E+02,-0.5666E+01,0.9998674,0.0073715,0.0145237
T,80,1,0.2039349E+06,5750665E-03,0.1732E+03,-0.1550E+03,0.9972219,0.0661359,-0.0342716
T,81,1,0.2027360E+06,5752741E-03,0.1380E+03,-0.2319E+02,0.9995845,0.0228086,0.0176242
T,82,1,0.2021447E+06,5752162E-03,-0.1499E+02,0.1616E+03,0.9982985,-0.0241356,0.0530817
T,83,1,0.2044816E+06,5752724E-03,0.1985E+03,-0.1479E+03,0.9924238,0.0251896,-0.1202521
T,84,1,0.2047665E+06,5751073E-03,0.2012E+03,0.2827E+03,0.9889130,0.0532927,0.1386038
T,85,1,0.2030941E+06,5750777E-03,0.1513E+03,-0.6947E+03,0.9899239,0.0269852,-0.1390056
T,86,1,0.2052818E+06,5751109E-03,-0.1436E+03,0.1031E+03,0.9986568,-0.0317007,0.0409842
T,87,1,0.2037828E+06,5750249E-03,0.5544E+02,-0.1217E+03,0.9990786,0.0142374,-0.0404873
T,88,1,0.2039022E+06,5750806E-03,-0.3693E+02,0.8640E+02,0.9980451,-0.0403772,0.0477038
T,89,1,0.2034280E+06,5752392E-03,-0.5248E+01,0.4507E+02,0.9999298,-0.0091558,0.0075223
T,90,1,0.2054842E+06,5751540E-03,0.1586E+03,-0.2220E+03,0.9950255,0.0713531,-0.0695193
T,91,1,0.2044960E+06,5750769E-03,0.1344E+03,-0.1052E+03,0.9991622,-0.0059713,-0.0404876
T,92,1,0.2024159E+06,5751526E-03,-0.7677E+02,-0.4827E+02,0.9994183,-0.0327856,-0.0093938
T,93,1,0.2039601E+06,5751254E-03,0.4519E+01,0.1121E+02,0.9986676,0.0482843,-0.0182103
T,94,1,0.2033801E+06,5752547E-03,0.1565E+03,-0.1143E+02,0.9997079,0.0236928,0.0047778
T,95,1,0.2056471E+06,5750067E-03,-0.1187E+03,0.7220E+02,0.9990360,-0.0410570,0.0155350
T,96,1,0.2037732E+06,5752382E-03,-0.1695E+02,-0.4547E+02,0.9993444,0.0035041,-0.0360345
T,97,1,0.2035661E+06,5751387E-03,-0.2048E+03,0.6679E+02,0.9980870,-0.0518657,0.0336503
T,98,1,0.2041945E+06,5752578E-03,0.1428E+03,0.1326E+02,0.9954975,0.0889624,0.0327167
T,99,1,0.2044871E+06,5750703E-03,0.1214E+03,-0.3054E+02,0.9989401,0.0360520,-0.0286178
T,100,1,0.2032960E+06,5752307E-03,0.1374E+03,-0.3453E+02,0.9977272,0.0450519,-0.0501076
T,101,1,0.2041636E+06,5752050E-03,0.6660E+02,-0.1986E+02,0.9993196,0.0367925,0.0025775
T,102,1,0.2036229E+06,5752079E-03,0.7296E+02,0.3382E+02,0.9993174,0.0297622,0.0218837
T,103,1,0.2029253E+06,5752468E-03,-0.1216E+02,-0.2945E+02,0.9997829,-0.0011236,-0.0208072
T,104,1,0.2038568E+06,5751193E-03,-0.2396E+02,0.5785E+02,0.9988115,0.0104005,0.0476177
T,105,1,0.2041160E+06,5752664E-03,-0.2455E+02,0.1491E+03,0.9993212,0.0008762,0.0368293
T,106,1,0.2036084E+06,5750219E-03,0.7222E+02,0.1175E+03,0.9986559,0.0057524,0.0515104
T,107,1,0.2030167E+06,5750505E-03,0.1785E+03,0.3609E+02,0.9986382,0.0214877,0.0475398
T,108,1,0.2036662E+06,5752154E-03,0.2761E+03,-0.1421E+03,0.9979559,0.0577825,-0.0272992
T,109,1,0.2042147E+06,5752813E-03,0.1321E+03,-0.7199E+02,0.9993655,0.0263924,0.0239159
T,110,1,0.2028562E+06,5751260E-03,-0.1704E+03,0.2023E+01,0.9981308,-0.0605233,-0.0084752
T,111,1,0.2039248E+06,5752192E-03,-0.2941E+02,0.3323E+02,0.9992875,0.0371222,-0.0068184
T,112,1,0.2022957E+06,5752659E-03,0.6739E+01,0.2258E+03,0.9984371,0.0128811,0.0543827
T,113,1,0.2020513E+06,5751978E-03,0.1808E+03,0.1048E+03,0.9976405,0.0585691,-0.0358195
T,114,1,0.2043040E+06,5750534E-03,-0.5581E+02,-0.7805E+02,0.9971367,-0.0642626,-0.0398586
T,115,1,0.2029111E+06,5750213E-03,-0.1847E+03,0.6810E+02,0.9981876,-0.0464099,0.0383084
T,116,1,0.2033504E+06,5752181E-03,0.9712E+01,0.7273E+02,0.9994796,-0.0234001,0.0222040
T,117,1,0.2043526E+06,5752076E-03,0.5872E+02,-0.3023E+03,0.9977166,0.0216006,-0.0639915
T,118,1,0.2042222E+06,5751130E-03,0.8293E+02,-0.3698E+02,0.9977630,0.0429883,-0.0511964
T,119,1,0.2024506E+06,5751210E-03,-0.2993E+02,0.8891E+02,0.9991074,-0.0369994,0.0203802
T,120,1,0.2036314E+06,5750649E-03,0.6334E+02,-0.7909E+02,0.9985404,0.0370548,-0.0392936
T,121,1,0.2040715E+06,5751139E-03,-0.7520E+02,-0.2960E+02,0.9996921,-0.0248020,0.0007259
T,122,1,0.2045170E+06,5750440E-03,0.1235E+03,0.7425E+01,0.9997510,0.0221655,0.0025622
T,123,1,0.2040154E+06,5752559E-03,-0.1471E+02,-0.4658E+02,0.9995160,0.0007617,-0.0310998
T,124,1,0.2021997E+06,5751536E-03,0.4066E+02,0.7822E+02,0.9979633,0.0504464,0.0390436
T,125,1,0.2033414E+06,5752053E-03,0.7263E+02,0.3190E+02,0.9990536,0.0431141,0.0057436
T,126,1,0.2033249E+06,5751688E-03,0.5833E+02,-0.4589E+02,0.9998779,-0.0113467,0.0107450
T,127,1,0.2020356E+06,5752985E-03,0.1150E+03,0.1315E+01,0.9998039,0.0188034,0.0062113
T,128,1,0.2035123E+06,5752475E-03,0.8139E+02,-0.1160E+03,0.9986588,0.0390112,-0.0340414
T,129,1,0.2025775E+06,5751564E-03,-0.2274E+02,-0.6433E+02,0.9992203,-0.0055443,-0.0390912
T,130,1,0.2038877E+06,5751486E-03,0.5744E+02,0.7241E+02,0.9999422,0.0089061,-0.0060273
T,131,1,0.2034944E+06,5752963E-03,0.2270E+02,0.2124E+03,0.9980917,-0.0077881,0.0612565
T,132,1,0.2024682E+06,5752702E-03,-0.8672E+02,-0.8291E+02,0.9978607,-0.0137763,-0.0639083
T,133,1,0.2036993E+06,5752393E-03,0.2974E+02,-0.5587E+02,0.9997653,0.0206932,0.0064193
T,134,1,0.2043123E+06,5752718E-03,0.1505E+03,0.3356E+00,0.9996760,0.0223607,-0.0121600
T,135,1,0.2030708E+06,5751861E-03,0.8091E+02,0.7807E+02,0.9952472,0.0344113,0.0910977
T,136,1,0.2015813E+06,5752211E-03,0.2203E+02,-0.2345E+02,0.9985384,0.0426904,0.0331463
T,137,1,0.2030518E+06,5752141E-03,-0.5261E+02,0.2676E+02,0.9994018,-0.0048645,0.0342404
T,138,1,0.2046027E+06,5750232E-03,-0.1275E+00,-0.1199E+03,0.9997197,0.0020117,-0.0235890
T,139,1,0.2034485E+06,5751192E-03,-0.3154E+02,0.1053E+03,0.9997817,-0.0105276,0.0180488
T,140,1,0.2053894E+06,5751307E-03,-0.6580E+02,0.3513E+02,0.9996251,-0.0033290,0.0271769
T,141,1,0.2036219E+06,5752647E-03,0.2236E+02,-0.3292E+02,0.9997585,0.0219761,0.0000705
T,142,1,0.2039262E+06,5751722E-03,-0.1226E+03,-0.9044E+02,0.9976511,-0.0522469,-0.0442997
T,143,1,0.2040543E+06,5752571E-03,-0.1384E+03,-0.4705E+02,0.9958283,-0.0890614,0.0198509
T,144,1,0.2026735E+06,5752248E-03,0.6001E+00,-0.8156E+02,0.9998612,0.0022078,-0.0165137
T,145,1,0.2038134E+06,5751590E-03,0.7037E+02,-0.5712E+02,0.9996498,0.0171926,0.0201168
T,146,1,0.2042602E+06,5752632E-03,-0.3138E+02,-0.3952E+00,0.9996477,-0.0223736,0.0142785
T,147,1,0.2029130E+06,5752691E-03,-0.3997E+02,-0.1640E+01,0.9999028,-0.0117260,0.0075492
T,148,1,0.2036512E+06,5752174E-03,0.5295E+02,-0.5595E+02,0.9994689,0.0256167,-0.0201434
T,149,1,0.2037318E+06,5751155E-03,0.9706E+02,-0.6471E+02,0.9996841,0.0121451,-0.0220050
T,150,1,0.2028634E+06,5751337E-03,0.2044E+03,0.1051E+03,0.9991290,0.0385870,0.0158852
T,151,1,0.2027523E+06,5752723E-03,-0.1484E+03,0.3757E+02,0.9989939,-0.0411018,0.0179400
T,152,1,0.2050371E+06,5752523E-03,-0.1799E+02,0.2534E+02,0.9999602,-0.0086657,0.0021383
T,153,1,0.2037334E+06,5751555E-03,-0.9040E+02,0.6552E+01,0.9998397,-0.0154608,-0.0090333
T,154,1,0.2037889E+06,5752661E-03,0.2651E+02,0.1335E+02,0.9997006,0.0167209,0.0178631
T,155,1,0.2034930E+06,5751324E-03,0.2333E+02,-0.1573E+02,0.9418096,-0.3293495,0.0672582
T,156,1,0.2038612E+06,5751330E-03,0.3757E+02,-0.6551E+02,0.9992092,0.0174672,-0.0357201
T,157,1,0.2034387E+06,5752753E-03,-0.4648E+02,-0.1441E+03,0.9998235,-0.0002419,-0.0187882
T,158,1,0.2027504E+06,5750071E-03,-0.1336E+03,-0.2100E+02,0.9998025,-0.0147974,-0.0132652
T,159,1,0.2044285E+06,5751128E-03,0.1071E+03,0.1878E+02,0.9999355,0.0088503,0.0071163
T,160,1,0.2031576E+06,5752343E-03,0.4258E+02,0.8554E+01,0.9995899,0.0133456,0.0253373
T,161,1,0.2035215E+06,5751427E-03,0.9003E+02,0.1027E+02,0.9997281,0.0139320,0.0186961
T,162,1,0.2025458E+06,5752599E-03,-0.1459E+03,-0.6173E+02,0.9994138,-0.0338780,-0.0049312
T,163,1,0.2041546E+06,5751529E-03,-0.4656E+02,-0.5283E+02,0.9989342,0.0092207,-0.0452257
T,164,1,0.2017788E+06,5751443E-03,0.3650E+02,-0.3160E+02,0.9995733,0.0124061,0.0264443
T,165,1,0.2015118E+06,5751207E-03,0.7103E+03,0.1976E+02,0.9808345,0.1946537,-0.0085800
T,166,1,0.2032291E+06,5752179E-03,0.4925E+02,0.1595E+02,0.9991758,-0.0353454,-0.0199621
T,167,1,0.2060283E+06,5751395E-03,-0.9181E+02,0.5726E+01,0.9999282,0.0109189,0.0049432
T,168,1,0.2019451E+06,5752136E-03,-0.1167E+03,-0.1185E+03,0.9989360,-0.0333237,-0.0318806
T,169,1,0.2044332E+06,5750125E-03,-0.1128E+03,0.6145E+02,0.9915292,-0.1058245,0.0753059
T,170,1,0.2039071E+06,5751121E-03,-0.1355E+03,0.6475E+02,0.9996664,-0.0196019,0.0168209
T,171,1,0.2032769E+06,5752193E-03,0.6765E+02,-0.3454E+02,0.9997879,-0.0107444,-0.0175723
T,172,1,0.2031546E+06,5752330E-03,-0.4081E+02,0.2815E+02,0.9992119,-0.0346054,0.0194445
T,173,1,0.2037907E+06,5750288E-03,0.3002E+02,-0.1246E+03,0.9994578,-0.0029761,-0.0327903
T,174,1,0.2021070E+06,5752512E-03,-0.3530E+02,-0.3224E+02,0.9998783,-0.0032589,0.0152534
T,175,1,0.2036350E+06,5752676E-03,-0.1370E+03,0.6598E+01,0.9982060,-0.0596207,-0.0054913
T,176,1,0.2034405E+06,5752989E-03,0.7233E+02,-0.8145E+02,0.9986794,-0.0447752,0.0251901
T,177,1,0.2026600E+06,5752200E-03,0.9920E+02,-0.1255E+03,0.9976542,0.0198328,-0.0655186
T,178,1,0.2018392E+06,5751345E-03,0.1326E+03,-0.1239E+03,0.9997770,0.0207694,-0.0038294
T,179,1,0.2038996E+06,5751901E-03,0.4183E+02,-0.2258E+03,0.9971289,0.0113455,-0.0748688
T,180,1,0.2037278E+06,5750855E-03,-0.1658E+03,0.5176E+02,0.9996345,-0.0262447,-0.0064888
T,181,1,0.2027889E+06,5751637E-03,0.7488E+02,-0.1575E+02,0.9993975,0.0296868,0.0179838
T,182,1,0.2037975E+06,5752731E-03,0.2207E+01,0.3035E+02,0.9999054,-0.0111203,-0.0081000
T,183,1,0.2024390E+06,5752274E-03,0.1940E+03,0.4167E+02,0.9946392,0.0882871,-0.0538361
T,184,1,0.2036895E+06,5751257E-03,-0.9197E+02,0.3990E+02,0.9994925,-0.0315304,0.0045424
T,185,1,0.2031835E+06,5750699E-03,-0.1072E+02,-0.1212E+03,0.9974456,-0.0108759,-0.0705971
T,186,1,0.2038630E+06,5752194E-03,0.6971E+02,0.2614E+02,0.9992818,0.0359752,0.0119009
T,187,1,0.2027692E+06,5751056E-03,0.1009E+03,-0.1185E+02,0.9992307,0.0391708,-0.0019003
T,188,1,0.2022242E+06,5752813E-03,-0.1267E+03,-0.3506E+02,0.9931693,-0.1139800,-0.0249673
T,189,1,0.2032696E+06,5751701E-03,-0.8120E+02,0.6983E+01,0.9999065,-0.0101609,-0.0091535
T,190,1,0.2026704E+06,5751900E-03,0.4566E+01,0.7715E+02,0.9992291,0.0092039,0.0381647
T,191,1,0.2033477E+06,5750994E-03,-0.8061E+02,0.7085E+02,0.9981740,-0.0473652,0.0374859
T,192,1,0.2038493E+06,5752331E-03,-0.4767E+01,0.6501E+02,0.9997395,-0.0208369,0.0093146
T,193,1,0.2016569E+06,5751877E-03,0.1836E+02,-0.6358E+03,0.9943368,0.0284292,-0.1024015
T,194,1,0.2022620E+06,5752619E-03,0.1277E+03,-0.2429E+03,0.9979186,0.0560423,-0.0319010
T,195,1,0.2030129E+06,5752141E-03,0.3443E+02,-0.1162E+01,0.9998639,-0.0006928,-0.0164839
T,196,1,0.2033860E+06,5751013E-03,-0.1822E+03,-0.4880E+02,0.9993174,-0.0364217,-0.0061728
T,197,1,0.2033928E+06,5752201E-03,-0.5561E+02,0.4187E+02,0.9991694,0.0188913,0.0361052
T,198,1,0.2012156E+06,5752452E-03,-0.4901E+02,0.1702E+02,0.9991770,-0.0357062,0.0192450
T,199,1,0.2024547E+06,5750332E-03,-0.3171E+03,0.1095E+04,0.9519513,-0.0105639,0.3060671
T,200,1,0.2036963E+06,5752529E-03,-0.4283E+01,-0.2279E+02,0.9991255,0.0115769,-0.0401772
T,201,1,0.2036298E+06,5752407E-03,-0.6213E+02,-0.1925E+02,0.9998336,-0.0179602,0.0032003
T,202,1,0.2033913E+06,5752249E-03,-0.1114E+03,0.7851E+02,0.8645144,0.4496185,-0.2246287
T,203,1,0.2024365E+06,5752491E-03,-0.1242E+03,-0.1785E+03,0.9993421,-0.0326706,-0.0157486
T,204,1,0.2037934E+06,5751323E-03,0.1511E+03,-0.9028E+01,0.9989659,0.0454637,0.0004458
T,205,1,0.2029432E+06,5750147E-03,-0.1362E+02,0.8109E+02,0.9967608,0.0796749,0.0109457
T,206,1,0.2042798E+06,5751081E-03,0.3918E+03,-0.3448E+03,0.9940918,0.0722319,-0.0810189
T,207,1,0.2030805E+06,5752574E-03,0.1488E+02,0.2765E+02,0.9997264,-0.0095148,0.0213669
T,208,1,0.2039421E+06,5751646E-03,0.5739E+02,-0.5498E+02,0.9997567,0.0208762,-0.0071175
T,209,1,0.2024855E+06,5752484E-03,-0.2776E+02,0.1276E+02,0.9998581,-0.0099911,-0.0135618
T,210,1,0.2032381E+06,5752404E-03,-0.2449E+02,-0.6203E+02,0.9996992,-0.0024970,-0.0243987
T,211,1,0.2043587E+06,5751202E-03,-0.1021E+03,0.1284E+03,0.9989519,-0.0321584,0.0325718
T,212,1,0.2049210E+06,5751520E-03,0.8667E+02,0.2568E+02,0.9997509,0.0065248,-0.0213440
T,213,1,0.2041984E+06,5752429E-03,0.4399E+02,-0.4268E+02,0.9997416,0.0131749,-0.0185239
T,214,1,0.2035825E+06,5752836E-03,0.1153E+03,-0.8749E+02,0.9990258,0.0387177,-0.0211749
T,215,1,0.2032862E+06,5750901E-03,-0.2283E+03,0.1045E+01,0.9992027,-0.0395901,0.0051654
T,216,1,0.2044192E+06,5751570E-03,0.5701E+02,-0.3677E+01,0.9859185,0.0286843,0.1647483
T,217,1,0.2033836E+06,5751403E-03,0.1820E+03,0.1763E+02,0.9991540,0.0336164,0.0236896
T,218,1,0.2046229E+06,5752649E-03,0.5301E+02,0.1295E+03,0.9991117,0.0178116,0.0381904
T,219,1,0.2027061E+06,5750959E-03,0.4540E+00,0.1110E+03,0.9986522,-0.0411084,0.0316831
T,220,1,0.2032603E+06,5752576E-03,0.8805E+01,0.2008E+00,0.9996082,-0.0082074,-0.0267602
T,221,1,0.2039739E+06,5751591E-03,-0.6251E+01,0.1181E+03,0.9806816,-0.1882111,0.0532934
T,222,1,0.2031369E+06,5752031E-03,0.1795E+02,-0.1923E+02,0.9980129,0.0538791,0.0326685
T,223,1,0.2015358E+06,5752509E-03,-0.1002E+02,-0.6535E+00,0.9996837,0.0044134,-0.0247610
T,224,1,0.2034790E+06,5750197E-03,0.2413E+03,0.1360E+03,0.9986131,0.0164033,0.0500286
T,225,1,0.2044048E+06,5751163E-03,-0.5982E+02,-0.5319E+02,0.9990414,-0.0190693,-0.0394033
T,226,1,0.2041520E+06,5751095E-03,-0.3450E+02,0.8721E+01,0.9938958,-0.0004317,0.1103217
T,227,1,0.2040503E+06,5752311E-03,0.1326E+03,0.2674E+02,0.9961203,0.0772912,-0.0420752
T,228,1,0.2041966E+06,5751628E-03,-0.4129E+02,0.6958E+02,0.9993646,-0.0110004,0.0339025
T,229,1,0.2037904E+06,5752670E-03,-0.4087E+02,0.2121E+03,0.9984774,-0.0244837,0.0494316
T,230,1,0.2042981E+06,5752691E-03,-0.7906E+00,-0.8228E+01,0.9997101,-0.0116449,-0.0210745
T,231,1,0.2031488E+06,5751248E-03,0.5481E+02,0.7573E+02,0.9991748,0.0305146,0.0268062
T,232,1,0.2034462E+06,5752163E-03,0.3382E+02,0.1657E+03,0.9661896,0.1624611,0.2002102
T,233,1,0.2021420E+06,5752713E-03,-0.1505E+03,-0.2729E+02,0.9988741,-0.0474169,-0.0014919
T,234,1,0.2039187E+06,5752038E-03,0.7413E+02,-0.6626E+01,0.9956608,0.0761407,0.0534995
T,235,1,0.2031643E+06,5751523E-03,-0.5291E+02,0.7530E+02,0.9987894,-0.0449858,0.0199003
T,236,1,0.2040982E+06,5752078E-03,0.2000E+03,0.2016E+03,0.9992717,0.0089717,0.0370881
T,237,1,0.2032732E+06,5752283E-03,-0.5778E+02,-0.3670E+02,0.9996734,-0.0250827,-0.0049004
T,238,1,0.2037320E+06,5750112E-03,-0.1336E+03,-0.1149E+02,0.9994959,-0.0313676,0.0049076
T,239,1,0.2040807E+06,5752230E-03,0.5998E+02,0.4374E+02,0.9990535,0.0223346,-0.0373259
T,240,1,0.2018546E+06,5751140E-03,0.8518E+02,-0.6056E+01,0.9989712,0.0453474,0.0003377
T,241,1,0.2027111E+06,5752312E-03,0.5979E+02,0.2988E+02,0.9997268,0.0224414,0.0065347
T,242,1,0.2038689E+06,5751761E-03,0.1873E+03,-0.4072E+03,0.9971615,0.0236608,-0.0714779
T,243,1,0.2056524E+06,5752775E-03,-0.1893E+02,0.1489E+03,0.9992181,0.0236523,0.0316821
T,244,1,0.2040277E+06,5750446E-03,0.1536E+03,0.7053E+02,0.9946578,-0.0945607,0.0414022
T,245,1,0.2043875E+06,5750687E-03,0.1354E+03,-0.1391E+03,0.9975398,0.0653996,-0.0252434
T,246,1,0.2048334E+06,5752682E-03,0.5228E+02,-0.1439E+03,0.9995094,0.0186762,-0.0251441
T,247,1,0.2031753E+06,5750377E-03,-0.7176E+02,-0.8941E+02,0.9995868,0.0103623,-0.0268111
T,248,1,0.2026926E+06,5752446E-03,0.3845E+02,0.4138E+02,0.9999697,0.0070651,-0.0032714
T,249,1,0.2046101E+06,5752740E-03,0.3547E+02,-0.1007E+02,0.9999845,0.0052775,-0.0017543
T,250,1,0.2029306E+06,5752417E-03,-0.7004E+02,-0.1682E+01,0.9999659,-0.0053578,0.0062913
T,251,1,0.2032455E+06,5751280E-03,-0.9837E+02,-0.2976E+02,0.9994773,-0.0319911,0.0046605
T,252,1,0.2018489E+06,5750123E-03,0.1765E+02,-0.1328E+03,0.9995365,0.0042100,-0.0301505
T,253,1,0.2040881E+06,5752096E-03,0.5771E+02,-0.2246E+02,0.9993106,0.0343753,-0.0140221
T,254,1,0.2056709E+06,5751621E-03,-0.8408E+02,-0.1600E+02,0.9996935,-0.0162376,-0.0186891
T,255,1,0.2043242E+06,5751009E-03,0.9691E+02,-0.2251E+03,0.9990699,0.0075313,-0.0424565
T,256,1,0.2037800E+06,5752217E-03,-0.1882E+02,-0.5139E+02,0.9994150,-0.0023068,-0.0341217
T,257,1,0.2048140E+06,5751216E-03,-0.9487E+02,0.2999E+02,0.9997821,-0.0165543,-0.0127184
T,258,1,0.2035938E+06,5751150E-03,-0.8606E+02,-0.6824E+02,0.9999220,-0.0037814,-0.0119031
T,259,1,0.2051926E+06,5752613E-03,-0.2416E+02,-0.2897E+02,0.9999120,-0.0109554,0.0074829
T,260,1,0.2018928E+06,5752543E-03,0.3148E+01,-0.1160E+02,0.9993256,-0.0217136,-0.0296131
T,261,1,0.2025476E+06,5750005E-03,0.1161E+03,-0.6208E+02,0.9983579,0.0491070,-0.0294954
T,262,1,0.2035881E+06,5752579E-03,0.2773E+02,0.2561E+02,0.9999882,0.0047260,0.0010943
T,263,1,0.2018266E+06,5750635E-03,-0.5762E+01,0.1323E+03,0.9986611,0.0116917,0.0503924
T,264,1,0.2046337E+06,5750289E-03,-0.9956E+02,-0.8020E+02,0.9993537,-0.0359459,-0.0001022
T,265,1,0.2036243E+06,5752962E-03,0.9702E+02,-0.9528E+02,0.9999062,0.0129589,0.0044357
T,266,1,0.2029404E+06,5750972E-03,-0.1174E+02,-0.2399E+03,0.9982323,0.0151435,-0.0574712
T,267,1,0.2042305E+06,5752497E-03,-0.1276E+03,0.2374E+02,0.9973641,0.0603997,0.0402085
T,268,1,0.2018615E+06,5751527E-03,0.3581E+02,-0.7322E+02,0.9991509,0.0409143,-0.0048399
T,269,1,0.2030601E+06,5752586E-03,-0.2054E+03,-0.1286E+03,0.9930694,-0.0951689,-0.0689641
T,270,1,0.2050820E+06,5752213E-03,0.4724E+00,0.5495E+02,0.9998322,-0.0044814,0.0177645
T,271,1,0.2019557E+06,5751251E-03,0.7577E+02,0.7043E+02,0.9996081,0.0245191,0.0135073
T,272,1,0.2039968E+06,5750989E-03,0.1455E+02,-0.1026E+03,0.9990922,0.0100911,-0.0413869
T,273,1,0.2031328E+06,5752643E-03,-0.1496E+02,-0.6695E+01,0.9994982,0.0070464,0.0308829
T,274,1,0.2022656E+06,5752629E-03,0.3013E+02,0.2811E+02,0.9999070,-0.0115358,-0.0072743
T,275,1,0.2034148E+06,5751393E-03,0.4721E+02,0.2894E+02,0.9990165,0.0433657,0.0092432
T,276,1,0.2036811E+06,5752644E-03,-0.2655E+02,0.2103E+02,0.9977459,-0.0447655,-0.0499913
T,277,1,0.2036813E+06,5751693E-03,-0.1204E+03,-0.1753E+02,0.9916774,0.0535880,0.1170656
T,278,1,0.2023782E+06,5750902E-03,0.6905E+03,0.1407E+03,0.9874015,0.1547797,0.0328850
T,279,1,0.2027800E+06,5751558E-03,-0.6635E+02,0.2254E+02,0.9996086,0.0117135,0.0254058
T,280,1,0.2042384E+06,5750105E-03,-0.1263E+03,0.1562E+02,0.9997189,-0.0040657,-0.0233595
T,281,1,0.2050043E+06,5751825E-03,-0.1431E+03,-0.1022E+03,0.9963798,-0.0849659,0.0028481
T,282,1,0.2030913E+06,5752762E-03,0.1388E+02,0.2246E+02,0.9998458,-0.0170357,-0.0042729
T,283,1,0.2036942E+06,5752146E-03,0.6602E+02,-0.3511E+03,0.9989875,-0.0023197,-0.0449284
T,284,1,0.2041876E+06,5752724E-03,0.2365E+03,-0.1890E+03,0.9993485,0.0186632,-0.0308898
T,285,1,0.2039966E+06,5752517E-03,0.1229E+02,-0.2000E+02,0.9995739,0.0289836,0.0034521
T,286,1,0.2030675E+06,5752256E-03,-0.3454E+02,0.7249E+02,0.9998034,-0.0102119,0.0169990
T,287,1,0.2022715E+06,5752151E-03,-0.1390E+03,-0.2624E+03,0.9972050,-0.0037054,-0.0746219
T,288,1,0.2017026E+06,5750143E-03,0.3828E+02,-0.3848E+03,0.9956441,0.0147655,-0.0920584
T,289,1,0.2036696E+06,5752289E-03,0.2514E+02,-0.6920E+01,0.9978621,0.0653506,-0.0007181
T,290,1,0.2024719E+06,5752216E-03,0.3722E+02,0.3625E+02,0.9992913,-0.0030777,0.0375154
T,291,1,0.2041097E+06,5751519E-03,-0.3601E+02,-0.7857E+02,0.9999388,0.0018297,0.0109065
T,292,1,0.2024675E+06,5752189E-03,-0.5106E+02,0.6011E+02,0.9997612,0.0113417,0.0186797
T,293,1,0.2024927E+06,5752299E-03,0.2795E+03,-0.5110E+03,0.9912404,0.0740710,-0.1093432
T,294,1,0.2036273E+06,5751408E-03,0.1876E+02,-0.9922E+02,0.9997809,-0.0073446,-0.0195996
T,295,1,0.2046295E+06,5750219E-03,0.1274E+03,-0.3240E+01,0.9987278,0.0504215,0.0006841
T,296,1,0.2040967E+06,5752474E-03,0.1499E+02,-0.4248E+02,0.9999484,0.0101207,-0.0008592
T,297,1,0.2030219E+06,5752653E-03,0.2465E+02,-0.7943E+01,0.9996190,-0.0099937,0.0257281
T,298,1,0.2035318E+06,5752581E-03,0.3027E+02,-0.1092E+02,0.9996368,-0.0265355,-0.0047078
T,299,1,0.2051261E+06,5751542E-03,0.2431E+02,0.1490E+03,0.9964522,-0.0436227,0.0719725
T,300,1,0.2033200E+06,5750875E-03,-0.2379E+02,-0.1199E+03,0.9989722,-0.0174800,-0.0418199
T,301,1,0.2035078E+06,5752516E-03,-0.4038E+02,0.9043E+01,0.9995174,-0.0260273,0.0169557
T,302,1,0.2025784E+06,5751489E-03,-0.3145E+02,0.8895E+02,0.9993807,-0.0033256,0.0350316
T,303,1,0.2051354E+06,5752624E-03,-0.1406E+03,0.5262E+02,0.9969064,-0.0538414,0.0572596
T,304,1,0.2034104E+06,5752757E-03,-0.8610E+02,0.1069E+03,0.9938109,-0.0256247,0.1080895
T,305,1,0.2033157E+06,5750985E-03,0.1148E+03,-0.2922E+02,0.9995283,0.0268317,0.0149418
T,306,1,0.2030268E+06,5752664E-03,-0.3467E+02,0.1364E+02,0.9998642,-0.0154700,0.0056879
T,307,1,0.2033634E+06,5752413E-03,-0.3860E+02,0.3168E+02,0.9999448,0.0072238,-0.0076313
T,308,1,0.2033042E+06,5752634E-03,-0.4178E+01,-0.3290E+02,0.9999952,-0.0003162,0.0030746
T,309,1,0.2059472E+06,5752457E-03,0.4408E+02,-0.2115E+02,0.9997930,0.0182155,-0.0090675
T,310,1,0.2023780E+06,5751692E-03,0.8554E+01,0.2976E+02,0.9998403,-0.0178733,0.0001327
T,311,1,0.2023879E+06,5750211E-03,-0.1032E+02,-0.1377E+03,0.9987558,-0.0219930,-0.0447569
T,312,1,0.2043828E+06,5751973E-03,-0.1449E+03,0.1744E+03,0.9992500,-0.0157948,0.0353557
T,313,1,0.2033161E+06,5752895E-03,0.1284E+03,-0.1990E+02,0.9962187,0.0833322,-0.0245762
T,314,1,0.2042794E+06,5751668E-03,-0.5296E+01,-0.7964E+02,0.9999661,0.0082137,0.0006206
T,315,1,0.2035282E+06,5752702E-03,-0.1072E+03,0.4765E+02,0.9989707,-0.0398694,0.0216327
T,316,1,0.2034623E+06,5752805E-03,0.1366E+03,-0.3320E+01,0.9998834,0.0046436,0.0145493
T,317,1,0.2047689E+06,5752739E-03,0.1462E+02,0.7188E+00,0.9999715,0.0010006,0.0074795
T,318,1,0.2037655E+06,5752291E-03,-0.9151E+00,-0.4844E+02,0.9991016,-0.0034453,-0.0422400
T,319,1,0.2036254E+06,5752518E-03,0.1233E+02,-0.5626E+02,0.9999190,-0.0008554,-0.0127001
T,320,1,0.2033081E+06,5751637E-03,-0.1096E+02,-0.3318E+02,0.9995811,0.0162326,-0.0239629
T,321,1,0.2028400E+06,5751584E-03,0.6487E+02,-0.3356E+02,0.9993634,0.0329908,-0.0135790
T,322,1,0.2023311E+06,5752498E-03,-0.1940E+02,0.3986E+02,0.9998121,0.0005425,0.0193758
T,323,1,0.2035497E+06,5752444E-03,0.3649E+02,-0.4627E+02,0.9997950,0.0128617,0.0156401
T,324,1,0.2053391E+06,5750879E-03,-0.1365E+03,-0.1100E+03,0.9980048,-0.0554670,0.0301625
T,325,1,0.2042320E+06,5750538E-03,-0.2849E+02,-0.1108E+03,0.9997822,-0.0018212,-0.0207897
T,326,1,0.2036463E+06,5750688E-03,0.3607E+02,-0.6517E+02,0.9977673,0.0445561,-0.0497503
T,327,1,0.2019716E+06,5752102E-03,-0.8793E+02,-0.6886E+02,0.7363616,-0.5787375,-0.3504777
T,328,1,0.2025867E+06,5751368E-03,0.5461E+02,0.8030E+02,0.9995388,0.0255220,0.0164564
T,329,1,0.2031183E+06,5750665E-03,0.4529E+03,-0.2896E+03,0.9927060,0.1018997,-0.0644302
T,330,1,0.2029613E+06,5752605E-03,-0.1829E+02,0.1957E+01,0.9991545,0.0402987,0.0081400
T,331,1,0.2050994E+06,5752797E-03,-0.6439E+02,0.1015E+03,0.9980201,-0.0490822,0.0393309
T,332,1,0.2039959E+06,5750653E-03,-0.2501E+02,0.9171E+02,0.9961392,0.0658583,0.0580471
T,333,1,0.2030579E+06,5752541E-03,-0.2578E+02,-0.2394E+02,0.9992669,0.0360742,-0.0128173
T,334,1,0.2042736E+06,5751065E-03,0.1755E+03,-0.5161E+02,0.9996722,0.0175491,-0.0186394
T,335,1,0.2049614E+06,5751011E-03,0.1201E+03,0.1104E+02,0.9994551,0.0325035,-0.0057456
T,336,1,0.2028658E+06,5752661E-03,0.1980E+02,-0.7118E+01,0.9995469,0.0147606,0.0262323
T,337,1,0.2018587E+06,5750936E-03,-0.6639E+01,0.1124E+03,0.9996086,0.0092009,0.0264205
T,338,1,0.2028233E+06,5752332E-03,-0.1184E+02,0.3767E+02,0.9993375,-0.0312959,0.0185751
T,339,1,0.2026863E+06,5751842E-03,0.1987E+03,-0.1724E+03,0.9968427,0.0673187,-0.0421042
T,340,1,0.2018995E+06,5752231E-03,0.2615E+02,0.6931E+02,0.9998683,-0.0117516,0.0111919
T,341,1,0.2023750E+06,5752500E-03,-0.5143E+02,0.8918E+01,0.9999647,-0.0081328,0.0021189
T,342,1,0.2034826E+06,5752722E-03,0.4375E+02,-0.1081E+03,0.9936725,0.0153774,-0.1112584
T,343,1,0.2026328E+06,5752434E-03,0.4994E+02,0.1279E+01,0.9997737,-0.0209258,0.0038385
T,344,1,0.2044414E+06,5752662E-03,-0.1508E+02,-0.7470E+01,0.9999487,0.0099716,0.0017981
T,345,1,0.2036031E+06,5752739E-03,0.1569E+03,-0.1010E+02,0.9997314,0.0231701,0.0005530
T,346,1,0.2032446E+06,5752818E-03,-0.8289E+02,0.1047E+03,0.9998576,-0.0158007,0.0059218
T,347,1,0.2037648E+06,5751531E-03,0.1333E+02,-0.9166E+02,0.9996247,0.0123019,-0.0244780
T,348,1,0.2046675E+06,5750550E-03,-0.9697E+01,0.1160E+03,0.9655443,-0.0508644,0.2552196
T,349,1,0.2026463E+06,5751509E-03,0.6708E+02,-0.1892E+01,0.9997823,0.0124208,-0.0167625
T,350,1,0.2035266E+06,5750950E-03,0.3340E+02,-0.1120E+03,0.9984490,-0.0190339,-0.0523189
T,351,1,0.2045713E+06,5751388E-03,-0.4753E+02,0.5809E+02,0.9966412,-0.0367645,-0.0731756
T,352,1,0.2029170E+06,5752661E-03,0.2375E+02,0.2225E+02,0.9999656,0.0049873,0.0066292
T,353,1,0.2037741E+06,5752218E-03,-0.4327E+02,-0.4463E+02,0.9697044,-0.2428104,0.0267652
T,354,1,0.2034936E+06,5751180E-03,-0.5349E+02,0.6703E+02,0.9986186,-0.0389327,0.0352868
T,355,1,0.2039311E+06,5752444E-03,-0.4628E+02,0.3245E+02,0.9999933,-0.0033468,-0.0015056
T,356,1,0.2030590E+06,5752482E-03,-0.1142E+02,-0.9427E+01,0.9991424,0.0295039,-0.0290498
T,357,1,0.2039164E+06,5752421E-03,-0.5885E+02,0.1161E+01,0.9999171,0.0060161,0.0113832
T,358,1,0.2017092E+06,5752133E-03,-0.3816E+02,0.5741E+01,0.9977302,-0.0625563,-0.0249214
T,359,1,0.2035418E+06,5750354E-03,-0.1175E+03,-0.3335E+02,0.9995794,-0.0093275,-0.0274608
T,360,1,0.2029941E+06,5751510E-03,0.6056E+02,-0.7051E+02,0.9996883,-0.0173708,-0.0179316
T,361,1,0.2031150E+06,5750743E-03,0.6470E+02,-0.6069E+02,0.9998929,0.0045040,-0.0139270
T,362,1,0.2038160E+06,5750607E-03,0.1728E+03,-0.9544E+02,0.9996120,0.0210421,0.0182495
T,363,1,0.2039627E+06,5752655E-03,-0.1407E+03,0.5388E+02,0.9989215,-0.0426771,0.0182909
T,364,1,0.2024937E+06,5752777E-03,0.1203E+02,-0.1037E+02,0.9997931,-0.0141759,-0.0145875
T,365,1,0.2034712E+06,5751481E-03,0.7882E+02,-0.2072E+03,0.9995337,-0.0034088,-0.0303455
T,366,1,0.2040422E+06,5751114E-03,-0.1453E+03,0.5626E+02,0.9986857,-0.0011981,0.0512384
T,367,1,0.2040381E+06,5752374E-03,-0.1452E+02,0.5996E+02,0.9987660,0.0224011,0.0443257
T,368,1,0.2040949E+06,5752631E-03,0.1203E+03,-0.3641E+02,0.9974599,-0.0534825,0.0470470
T,369,1,0.2053989E+06,5751475E-03,-0.2481E+02,0.9092E+02,0.9995635,-0.0254044,0.0150779
T,370,1,0.2028895E+06,5750722E-03,0.1503E+03,0.6411E+02,0.9970006,0.0749887,-0.0191468
T,371,1,0.2030913E+06,5752809E-03,-0.1378E+03,-0.3688E+02,0.9987363,-0.0456800,-0.0209547
T,372,1,0.2044441E+06,5752415E-03,-0.1089E+03,0.1008E+03,0.9991465,-0.0300137,0.0283793
T,373,1,0.2034572E+06,5751092E-03,0.9161E+02,-0.6777E+01,0.9991799,0.0354550,-0.0195589
T,374,1,0.2036753E+06,5752207E-03,0.6034E+02,0.4394E+02,0.9994316,0.0024034,0.0336254
T,375,1,0.2042044E+06,5752517E-03,0.2920E+03,-0.1460E+02,0.9934786,0.1106628,-0.0274596
T,376,1,0.2015056E+06,5752579E-03,0.5395E+02,-0.5926E+01,0.9998469,0.0129265,0.0117970
T,377,1,0.2027623E+06,5752191E-03,0.1871E+02,-0.2482E+01,0.9996359,0.0268168,-0.0029746
T,378,1,0.2057620E+06,5751117E-03,0.1017E+03,0.3391E+02,0.9997602,0.0209319,-0.0064291
T,379,1,0.2040740E+06,5752294E-03,-0.1383E+02,0.4657E+02,0.9998527,0.0046727,-0.0165176
T,380,1,0.2051012E+06,5751492E-03,0.8156E+00,0.8399E+02,0.9998903,-0.0148087,0.0003961
T,381,1,0.2039425E+06,5752613E-03,0.2098E+03,-0.5889E+02,0.9991721,0.0369267,-0.0170748
T,382,1,0.2042360E+06,5751177E-03,0.8975E+02,0.4671E+02,0.9998457,0.0165070,0.0060107
T,383,1,0.2047179E+06,5751237E-03,-0.7627E+02,0.7601E+02,0.9996033,-0.0062048,0.0274736
T,384,1,0.2042112E+06,5752668E-03,-0.3317E+02,-0.2157E+02,0.9998987,-0.0115167,0.0083659
T,385,1,0.2046271E+06,5751956E-03,-0.2100E+03,0.8183E+02,0.9975430,-0.0688124,0.0131492
T,386,1,0.2011575E+06,5752349E-03,0.9413E+01,0.4984E+02,0.9997462,0.0074319,0.0212674
T,387,1,0.2050578E+06,5752393E-03,-0.6278E+02,0.1507E+02,0.9995505,-0.0277943,0.0112361
T,388,1,0.2031372E+06,5752623E-03,0.9805E+01,-0.1550E+03,0.9991700,0.0268139,-0.0306653
T,389,1,0.2011389E+06,5750868E-03,-0.4268E+02,0.8208E+02,0.9960406,0.0403741,0.0792029
T,390,1,0.2033717E+06,5752472E-03,0.1236E+03,-0.8122E+02,0.9976509,0.0503311,-0.0464708
T,391,1,0.2049552E+06,5750048E-03,0.1241E+03,-0.2478E+02,0.9983291,0.0338303,0.0468463
T,392,1,0.2024473E+06,5750455E-03,-0.1651E+02,0.6966E+02,0.9975096,-0.0465771,0.0529645
T,393,1,0.2035296E+06,5752911E-03,-0.1351E+03,-0.4613E+02,0.9990204,-0.0399378,-0.0190574
T,394,1,0.2046759E+06,5752250E-03,-0.5426E+02,0.3469E+02,0.9999268,-0.0093493,-0.0076779
T,395,1,0.2025275E+06,5752425E-03,0.7853E+02,-0.1356E+03,0.9982022,-0.0097529,-0.0591383
T,396,1,0.2043056E+06,5752016E-03,0.6185E+02,0.5471E+02,0.9987279,0.0451057,0.0225404
T,397,1,0.2043091E+06,5752561E-03,0.4426E+02,-0.3291E+02,0.9999224,0.0031583,-0.0120497
T,398,1,0.2040902E+06,5752271E-03,0.2001E+03,-0.2417E+03,0.9955029,0.0485904,-0.0813201
T,399,1,0.2042356E+06,5751127E-03,-0.4179E+02,0.8664E+02,0.9991677,-0.0262026,0.0312620
T,400,1,0.2021262E+06,5751146E-03,-0.2106E+03,-0.1119E+03,0.9994726,-0.0307445,-0.0104543
T,401,1,0.2042608E+06,5751415E-03,-0.9371E+02,0.2872E+02,0.9997995,-0.0196106,0.0040501
T,402,1,0.2040051E+06,5752545E-03,0.2479E+02,-0.9240E+02,0.9980076,0.0445616,-0.0446669
T,403,1,0.2027856E+06,5750221E-03,0.5141E+02,0.7918E+02,0.9998884,0.0023123,-0.0147593
T,404,1,0.2032599E+06,5751209E-03,-0.1730E+03,-0.2500E+03,0.9885354,-0.0369670,-0.1463940
T,405,1,0.2023481E+06,5750859E-03,-0.8507E+02,0.9571E+02,0.9965758,-0.0627979,0.0537879
T,406,1,0.2041258E+06,5752451E-03,0.1140E+02,0.5897E+02,0.9998438,0.0138587,0.0109693
T,407,1,0.2045526E+06,5752711E-03,-0.9071E+00,0.3947E+01,0.9995365,-0.0069605,-0.0296352
T,408,1,0.2041262E+06,5750010E-03,-0.5407E+02,-0.1255E+03,0.9999132,0.0045216,-0.0123780
T,409,1,0.2039273E+06,5751448E-03,-0.4890E+02,0.5073E+02,0.9986789,-0.0383546,0.0341973
T,410,1,0.2034639E+06,5752699E-03,0.3986E+02,-0.1583E+02,0.9998900,0.0148325,0.0002093
T,411,1,0.2033595E+06,5751186E-03,0.6670E+02,-0.8029E+02,0.9996732,0.0158496,-0.0200561
T,412,1,0.2039704E+06,5752903E-03,-0.2963E+02,-0.1252E+03,0.9998511,-0.0101037,0.0139904
T,413,1,0.2042921E+06,5752205E-03,-0.2823E+02,-0.1606E+02,0.9781130,0.1984374,-0.0625903
T,414,1,0.2029318E+06,5751019E-03,-0.1074E+03,-0.2403E+02,0.9990133,-0.0361674,-0.0257737
T,415,1,0.2035396E+06,5750668E-03,0.1421E+02,0.9616E+02,0.9994268,0.0020135,0.0337950
T,416,1,0.2026291E+06,5751359E-03,0.4538E+02,0.7911E+02,0.9960867,-0.0071090,0.0880946
T,417,1,0.2049281E+06,5752360E-03,0.2928E+02,-0.4747E+02,0.9994269,0.0285894,0.0181243
T,418,1,0.2055661E+06,5750222E-03,0.1203E+03,-0.5907E+02,0.9998593,0.0150733,-0.0073641
T,419,1,0.2030935E+06,5752817E-03,-0.4542E+02,0.8176E+02,0.9853977,-0.1446524,0.0898172
T,420,1,0.2031076E+06,5752485E-03,-0.3162E+02,0.3301E+02,0.9998741,-0.0155572,0.0031394
T,421,1,0.2057385E+06,5752263E-03,0.7063E+02,0.1106E+01,0.9998497,0.0019110,0.0172300
T,422,1,0.2044083E+06,5752979E-03,-0.1023E+03,0.2688E+03,0.9973129,-0.0441453,0.0584646
T,423,1,0.2038847E+06,5751676E-03,-0.7209E+02,-0.6254E+01,0.9995512,-0.0293532,0.0059824
T,424,1,0.2041544E+06,5751471E-03,0.4081E+02,-0.4248E+02,0.9997845,0.0106181,-0.0178358
T,425,1,0.2053565E+06,5750734E-03,-0.1948E+03,0.1893E+01,0.9989135,-0.0412586,0.0216679
T,426,1,0.2026235E+06,5751416E-03,-0.9955E+01,0.8658E+02,0.9981111,-0.0307654,0.0531758
T,427,1,0.2021446E+06,5750142E-03,-0.3728E+03,0.1547E+03,0.9954520,-0.0885486,0.0351359
T,428,1,0.2051234E+06,5752457E-03,-0.3428E+02,-0.5101E+02,0.9998636,-0.0148582,-0.0072101
T,429,1,0.2035334E+06,5750362E-03,0.8288E+02,0.2583E+03,0.9990440,0.0058229,0.0433258
T,430,1,0.2050871E+06,5752430E-03,0.3243E+03,0.3671E+03,0.9922603,0.0934351,0.0817887
T,431,1,0.2039009E+06,5751025E-03,-0.1046E+03,-0.1245E+03,0.9982266,0.0118098,-0.0583462
T,432,1,0.2008124E+06,5752002E-03,0.1567E+03,0.1149E+03,0.9991569,-0.0389582,0.0129494
T,433,1,0.2031328E+06,5752089E-03,-0.4618E+02,-0.6263E+02,0.9991148,-0.0264648,-0.0326989
T,434,1,0.2038330E+06,5752250E-03,-0.2016E+02,0.5497E+02,0.9989412,0.0023752,0.0459445
T,435,1,0.2033167E+06,5751834E-03,0.3889E+02,-0.1680E+03,0.9970353,0.0209219,-0.0740460
T,436,1,0.2016424E+06,5750830E-03,-0.6475E+02,0.6359E+02,0.9986891,-0.0508299,0.0060295
T,437,1,0.2037114E+06,5751071E-03,0.1889E+03,-0.4128E+02,0.9981963,0.0301686,-0.0519039
T,438,1,0.2044885E+06,5752843E-03,0.6648E+02,0.1263E+03,0.9995482,0.0298764,-0.0032851
T,439,1,0.2030538E+06,5750689E-03,0.9434E+02,0.1530E+02,0.9992847,0.0354968,0.0130437
T,440,1,0.2019836E+06,5752447E-03,-0.1268E+02,-0.5670E+02,0.9981230,0.0039607,-0.0611123
T,441,1,0.2030224E+06,5752683E-03,-0.5353E+01,0.1739E+02,0.9991972,0.0230231,-0.0327868
T,442,1,0.2042948E+06,5751134E-03,-0.7968E+02,-0.7224E+02,0.9988783,0.0026095,-0.0472795
T,443,1,0.2036966E+06,5751300E-03,0.7408E+02,0.5216E+02,0.9974268,0.0707101,-0.0118303
T,444,1,0.2045605E+06,5750258E-03,-0.1168E+03,0.3064E+02,0.9998178,-0.0187216,-0.0037144
T,445,1,0.2023355E+06,5752254E-03,0.5840E+02,0.2750E+02,0.9994313,0.0333134,-0.0052212
T,446,1,0.2023445E+06,5750833E-03,0.1321E+02,0.2278E+02,0.9988762,-0.0277089,0.0384530
T,447,1,0.2035585E+06,5751509E-03,0.6933E+02,0.1492E+02,0.9994025,0.0249189,0.0239520
T,448,1,0.2033981E+06,5750109E-03,0.1088E+03,0.3130E+03,0.9958005,0.0222556,0.0888039
T,449,1,0.2034672E+06,5752056E-03,0.8038E+02,-0.2041E+03,0.9969825,0.0726364,-0.0273843
T,450,1,0.2035589E+06,5751532E-03,-0.4491E+02,0.5161E+02,0.9986737,0.0400941,-0.0323002
T,451,1,0.2042191E+06,5750482E-03,-0.6773E+02,0.8162E+02,0.9997554,-0.0157726,-0.0155046
T,452,1,0.2042176E+06,5751377E-03,0.1262E+02,0.1026E+03,0.9992202,0.0373868,0.0126949
T,453,1,0.2017128E+06,5752506E-03,0.4109E+02,-0.3265E+02,0.9999872,0.0018579,-0.0046978
T,454,1,0.2036373E+06,5752205E-03,-0.4278E+02,-0.1224E+02,0.9984792,-0.0392302,-0.0387325
T,455,1,0.2046258E+06,5750091E-03,-0.2287E+03,-0.2084E+02,0.9980272,-0.0224598,0.0586282
T,456,1,0.2054814E+06,5752424E-03,0.2975E+01,-0.6479E+02,0.9999431,-0.0085945,-0.0063166
T,457,1,0.2053614E+06,5751236E-03,-0.1665E+03,-0.6541E+02,0.9998542,-0.0080429,0.0150626
T,458,1,0.2025473E+06,5750108E-03,-0.1417E+03,-0.1141E+03,0.9971835,-0.0142625,-0.0736313
T,459,1,0.2030322E+06,5752527E-03,0.4898E+02,0.1148E+03,0.9959020,0.0173431,0.0887607
T,460,1,0.2025480E+06,5752357E-03,-0.5155E+02,0.3372E+02,0.9998873,-0.0048232,-0.0142153
T,461,1,0.2025183E+06,5751360E-03,0.5248E+02,0.6366E+02,0.9981364,-0.0223863,0.0567671
T,462,1,0.2048817E+06,5752329E-03,0.3107E+02,-0.2993E+03,0.9960406,0.0323502,-0.0828045
T,463,1,0.2032310E+06,5750801E-03,-0.3375E+03,0.2457E+03,0.9981422,0.0432101,-0.0429546
T,464,1,0.2038936E+06,5752363E-03,0.3286E+02,0.1578E+03,0.9989405,-0.0010602,0.0460078
T,465,1,0.2034240E+06,5750935E-03,0.1105E+03,-0.5024E+02,0.9983860,0.0493693,-0.0280721
T,466,1,0.2031409E+06,5750604E-03,0.2178E+02,0.9731E+02,0.9993656,0.0344544,0.0090149
T,467,1,0.2037978E+06,5750289E-03,-0.8636E+01,0.1254E+03,0.9995558,-0.0008705,0.0297886
T,468,1,0.2040247E+06,5752236E-03,0.6203E+02,-0.3054E+02,0.9997762,0.0206088,0.0047877
T,469,1,0.2034651E+06,5751517E-03,0.7264E+02,0.1271E+03,0.9961058,0.0101127,0.0875836
T,470,1,0.2031842E+06,5752581E-03,0.4790E+02,-0.8884E+01,0.9993943,0.0277490,-0.0209986
T,471,1,0.2024677E+06,5752331E-03,-0.5919E+02,0.3102E+02,0.9995934,-0.0285126,0.0001107
T,472,1,0.2051157E+06,5751498E-03,0.3020E+02,-0.6487E+02,0.9990502,0.0158415,-0.0405928
T,473,1,0.2035875E+06,5751345E-03,-0.6662E+02,0.8166E+02,0.9998243,-0.0137601,0.0127329
T,474,1,0.2030041E+06,5751166E-03,0.9842E+02,-0.1060E+02,0.9999408,0.0079913,0.0073847
T,475,1,0.2026368E+06,5752501E-03,-0.3481E+02,0.4160E+02,0.9995711,-0.0292171,0.0020157
T,476,1,0.2042268E+06,5752554E-03,-0.2036E+01,0.5366E+02,0.9998537,-0.0135214,0.0104760
T,477,1,0.2045954E+06,5752153E-03,0.6976E+02,-0.1347E+03,0.9993271,-0.0273211,-0.0244742
T,478,1,0.2040301E+06,5752352E-03,-0.6955E+01,-0.5191E+02,0.9997500,0.0145549,-0.0169725
T,479,1,0.2044742E+06,5750374E-03,-0.6317E+02,-0.3223E+03,0.9992421,-0.0082390,-0.0380433
T,480,1,0.2033584E+06,5752901E-03,0.3009E+03,0.7579E+02,0.9937278,0.1047838,0.0390557
T,481,1,0.2049454E+06,5752598E-03,0.1040E+02,0.2412E+02,0.9997243,0.0193655,0.0132756
T,482,1,0.2032937E+06,5752319E-03,-0.1393E+03,0.5618E+02,0.9982610,-0.0563105,0.0174377
T,483,1,0.2014214E+06,5750183E-03,-0.7594E+02,0.4309E+02,0.9997496,0.0117591,-0.0190399
T,484,1,0.2041187E+06,5751066E-03,0.7459E+02,0.8781E+02,0.9992338,0.0364481,0.0142572
T,485,1,0.2027168E+06,5752234E-03,-0.1386E+02,-0.2491E+02,0.9992674,-0.0041280,-0.0380488
T,486,1,0.2026522E+06,5751272E-03,0.3628E+02,-0.5680E+02,0.9966608,0.0262043,-0.0773346
T,487,1,0.2034472E+06,5752062E-03,0.1770E+02,-0.6387E+02,0.9993202,-0.0148370,-0.0337477
T,488,1,0.2016146E+06,5751032E-03,0.1113E+03,0.2688E+02,0.9995949,0.0283672,-0.0022921
T,489,1,0.2038544E+06,5751479E-03,-0.5043E+02,0.7343E+00,0.9978540,0.0457738,0.0468206
T,490,1,0.2033817E+06,5752561E-03,0.1351E+03,-0.4128E+02,0.9989043,0.0118635,-0.0452707
T,491,1,0.2054841E+06,5751203E-03,-0.2399E+02,0.9752E+02,0.9996066,-0.0017733,0.0279920
T,492,1,0.2031989E+06,5752469E-03,-0.3885E+02,-0.1901E+02,0.9996150,-0.0009651,0.0277292
T,493,1,0.2030438E+06,5751711E-03,-0.2776E+03,-0.3824E+02,0.9938223,-0.1047780,-0.0365899
T,494,1,0.2018006E+06,5750245E-03,-0.2665E+03,-0.1341E+03,0.9997428,-0.0221735,-0.0047667
T,495,1,0.2036608E+06,5752416E-03,-0.3530E+01,-0.5764E+02,0.9998007,-0.0167307,-0.0108922
T,496,1,0.2029852E+06,5751438E-03,-0.6694E+02,0.7000E+02,0.9995067,-0.0285475,-0.0130943
T,497,1,0.2039574E+06,5751493E-03,0.3705E+02,-0.8184E+02,0.9997648,-0.0098482,-0.0193236
T,498,1,0.2034742E+06,5752387E-03,0.4252E+02,0.4015E+02,0.9996632,0.0176376,0.0190374
T,499,1,0.2040476E+06,5752334E-03,0.2325E+03,0.1322E+03,0.9985055,0.0455861,0.0301437
T,500,1,0.2041814E+06,5752309E-03,-0.8569E+02,0.1313E+03,0.9995049,-0.0119034,0.0291267
T,501,1,0.2042876E+06,5752156E-03,-0.7117E+02,-0.2274E+02,0.9990484,-0.0386637,-0.0201834
T,502,1,0.2049560E+06,5752336E-03,-0.1545E+02,-0.5817E+02,0.9992936,-0.0047145,-0.0372827
T,503,1,0.2050987E+06,5750263E-03,0.4143E+02,0.5883E+02,0.9998792,0.0124443,0.0093085
T,504,1,0.2048289E+06,5750291E-03,0.5309E+02,0.1121E+03,0.9947251,0.0895802,0.0499744
T,505,1,0.2048164E+06,5750635E-03,-0.2415E+01,0.9077E+02,0.9999325,0.0079603,0.0084611
T,506,1,0.2028703E+06,5750438E-03,0.2614E+03,0.1325E+03,0.9976985,0.0539592,0.0410634
T,507,1,0.2035289E+06,5750557E-03,-0.1130E+03,0.4796E+02,0.9982444,-0.0353491,0.0475248
T,508,1,0.2045052E+06,5752137E-03,0.1441E+03,0.5268E+02,0.9975447,0.0680098,0.0167131
T,509,1,0.2040708E+06,5752338E-03,-0.1445E+02,0.5262E+02,0.9995095,0.0212704,0.0229838
T,510,1,0.2031231E+06,5751425E-03,-0.4005E+02,0.8692E+02,0.9992348,-0.0316700,0.0229517
T,511,1,0.2037495E+06,5752311E-03,-0.4815E+02,0.5149E+02,0.9996711,-0.0219307,0.0132966
T,512,1,0.2043168E+06,5752704E-03,0.2800E+02,0.1976E+03,0.9969145,0.0088263,0.0779978
T,513,1,0.2039564E+06,5751375E-03,-0.7814E+02,0.7211E+01,0.9992286,-0.0336739,-0.0202037
T,514,1,0.2036861E+06,5752227E-03,0.3701E+02,-0.7228E+02,0.9998475,0.0122694,-0.0124250
T,515,1,0.2027818E+06,5751009E-03,-0.1073E+03,-0.7759E+01,0.9995507,-0.0160761,-0.0252967
T,516,1,0.2036222E+06,5750816E-03,0.1990E+02,0.7147E+02,0.9995096,0.0301480,-0.0084617
T,517,1,0.2040156E+06,5751404E-03,0.5077E+02,-0.8116E+02,0.9996154,0.0244552,-0.0130774
T,518,1,0.2034875E+06,5752495E-03,-0.1656E+02,0.3074E+02,0.9957861,-0.0684436,0.0610373
T,519,1,0.2025332E+06,5752841E-03,0.8355E+02,0.6613E+02,0.9578377,0.2579183,0.1265905
T,520,1,0.2040004E+06,5751740E-03,0.4642E+02,0.6035E+02,0.9999824,-0.0050489,-0.0031267
T,521,1,0.2025862E+06,5751516E-03,0.1788E+02,-0.4045E+01,0.9993368,0.0204895,-0.0301030
T,522,1,0.2036262E+06,5752950E-03,0.1262E+03,0.4357E+02,0.9998866,0.0107452,0.0105472
T,523,1,0.2031389E+06,5752400E-03,0.6382E+02,0.1422E+03,0.9995773,0.0039104,0.0288073
T,524,1,0.2040491E+06,5751404E-03,-0.1508E+03,-0.1618E+03,0.9998616,-0.0152858,0.0065692
T,525,1,0.2040184E+06,5751289E-03,-0.4176E+01,0.1776E+03,0.9986621,-0.0064499,0.0513073
T,526,1,0.2046118E+06,5752101E-03,0.6430E+02,0.1064E+01,0.9992654,0.0382283,0.0026761
T,527,1,0.2026989E+06,5750226E-03,0.1195E+03,-0.4904E+02,0.9995686,0.0264968,-0.0126678
T,528,1,0.2053158E+06,5750440E-03,0.1182E+03,0.3471E+02,0.9999440,0.0012014,-0.0105148
T,529,1,0.2034611E+06,5752368E-03,0.1089E+02,0.6260E+02,0.9997001,-0.0208212,0.0128930
T,530,1,0.2038739E+06,5751644E-03,-0.6426E+02,0.2374E+02,0.9999329,0.0014015,-0.0114984
T,531,1,0.2031732E+06,5750098E-03,-0.1519E+03,0.2423E+03,0.9989198,-0.0456035,0.0089150
T,532,1,0.2016112E+06,5752450E-03,0.9331E+02,-0.1086E+03,0.9972065,-0.0173679,-0.0726463
T,533,1,0.2024785E+06,5752840E-03,-0.1201E+03,-0.3236E+02,0.9713936,-0.0591276,0.2299965
T,534,1,0.2046330E+06,5750025E-03,-0.2222E+02,-0.1323E+03,0.9990626,-0.0137721,-0.0410406
T,536,1,0.2033696E+06,5751261E-03,0.6406E+02,-0.8350E+02,0.9992975,0.0039980,-0.0372617
T,537,1,0.2042816E+06,5750982E-03,0.4658E+02,-0.7606E+02,0.9983168,0.0342142,0.0468284
T,538,1,0.2050408E+06,5752444E-03,0.1053E+02,0.2958E+02,0.9994221,0.0122264,0.0317164
T,539,1,0.2036699E+06,5752151E-03,-0.1210E+03,0.1188E+03,0.9979941,-0.0182977,0.0606057
T,540,1,0.2025566E+06,5751047E-03,0.4395E+02,0.9065E+02,0.9951442,0.0857055,0.0484001
T,541,1,0.2041148E+06,5752605E-03,0.3030E+02,-0.1406E+01,0.9993684,-0.0328670,-0.0135135
T,542,1,0.2023897E+06,5751479E-03,-0.8897E+02,0.8492E+01,0.9995161,-0.0257353,-0.0174709
T,543,1,0.2027536E+06,5752437E-03,-0.4715E+02,0.4315E+02,0.9998851,-0.0099769,-0.0114126
T,544,1,0.2033787E+06,5750730E-03,-0.2623E+02,-0.9805E+02,0.9973697,0.0412856,-0.0595753
T,545,1,0.2023691E+06,5752380E-03,-0.6202E+01,0.6411E+02,0.9997399,-0.0140541,0.0179605
T,546,1,0.2038361E+06,5750969E-03,0.4943E+02,-0.8847E+02,0.9992551,0.0383930,-0.0038902
T,547,1,0.2025570E+06,5752462E-03,0.1508E+03,-0.4980E+02,0.9992471,0.0369310,0.0118876
T,548,1,0.2047415E+06,5750040E-03,0.1188E+03,0.3901E+02,0.9992825,0.0258432,0.0276892
T,549,1,0.2031222E+06,5752467E-03,-0.4823E+02,-0.2815E+01,0.9997833,-0.0110131,0.0176637
T,550,1,0.2018075E+06,5751078E-03,0.9917E+02,-0.1394E+03,0.9986327,0.0305852,-0.0423934
T,551,1,0.2039726E+06,5752309E-03,-0.4804E+02,-0.3963E+02,0.9994353,-0.0309105,-0.0131756
T,552,1,0.2044811E+06,5752587E-03,0.5233E+02,-0.1672E+03,0.9941679,-0.0570804,-0.0914982
T,553,1,0.2012543E+06,5752141E-03,-0.5312E+01,-0.6945E+02,0.9984624,-0.0393319,-0.0390620
T,554,1,0.2047067E+06,5751517E-03,0.7804E+02,0.1840E+02,0.9995291,0.0301933,-0.0054786
T,555,1,0.2032768E+06,5751893E-03,-0.1219E+03,-0.1166E+03,0.9972095,-0.0534023,-0.0521662
T,556,1,0.2027730E+06,5751929E-03,0.7927E+02,-0.1398E+03,0.9977698,0.0444386,-0.0498057
T,557,1,0.2047762E+06,5752462E-03,0.4831E+02,-0.2732E+02,0.9999614,0.0080987,0.0034075
T,558,1,0.2035515E+06,5751557E-03,0.3496E+02,0.8330E+02,0.9993842,0.0285790,0.0203562
T,559,1,0.2030064E+06,5752252E-03,-0.6284E+02,-0.8378E+01,0.9998735,-0.0096776,-0.0126201
T,560,1,0.2015912E+06,5752745E-03,0.5432E+03,0.4747E+03,0.9883334,0.1186340,0.0955147
T,561,1,0.2050418E+06,5750360E-03,0.9131E+02,0.6045E+02,0.9999920,-0.0036309,-0.0016578
T,562,1,0.2029762E+06,5752142E-03,0.5166E+02,-0.3983E+02,0.9994358,0.0187225,-0.0278845
T,563,1,0.2043726E+06,5751266E-03,-0.1785E+03,0.4009E+02,0.9990001,-0.0361351,-0.0263252
T,564,1,0.2030705E+06,5752803E-03,0.1480E+02,-0.1517E+03,0.9997413,0.0139935,-0.0179334
T,565,1,0.2060361E+06,5751327E-03,0.1805E+03,0.8919E+02,0.9993357,-0.0017856,-0.0363996
T,566,1,0.2042441E+06,5751453E-03,0.6808E+02,-0.4754E+02,0.9998584,-0.0026476,-0.0166187
T,567,1,0.2033699E+06,5752380E-03,-0.5363E+02,-0.2155E+01,0.9998653,-0.0112210,-0.0119779
T,568,1,0.2041882E+06,5752257E-03,0.2338E+02,-0.3010E+02,0.9997462,-0.0089014,0.0206933
T,569,1,0.2027661E+06,5752564E-03,0.5522E+02,0.6207E+00,0.9999780,0.0043136,-0.0050469
T,570,1,0.2025438E+06,5750301E-03,0.6900E+02,0.8789E+02,0.9980333,0.0246935,0.0576171
T,571,1,0.2037222E+06,5752760E-03,-0.2565E+02,0.1140E+00,0.9999606,0.0084185,0.0028006
T,572,1,0.2022187E+06,5751398E-03,0.4124E+02,-0.1769E+02,0.9996814,-0.0000331,-0.0252410
T,573,1,0.2027153E+06,5752452E-03,0.1010E+03,-0.3504E+02,0.9951318,0.0980102,0.0103282
T,574,1,0.2027844E+06,5751406E-03,0.2711E+02,-0.1006E+02,0.9996754,-0.0190546,-0.0169101
T,575,1,0.2027629E+06,5752307E-03,-0.3294E+01,0.6901E+02,0.9998250,0.0177818,0.0058135
T,576,1,0.2032452E+06,5751541E-03,-0.1640E+02,-0.7209E+02,0.9987896,0.0491794,-0.0008431
T,577,1,0.2035593E+06,5750147E-03,-0.7497E+02,-0.1144E+03,0.9999512,0.0003409,-0.0098780
T,578,1,0.2029570E+06,5751651E-03,0.3426E+02,-0.5753E+02,0.9997329,0.0206374,-0.0103994
T,579,1,0.2048955E+06,5750821E-03,-0.6279E+02,-0.6065E+02,0.9986300,-0.0490374,0.0182605
T,580,1,0.2030465E+06,5752669E-03,0.2209E+02,0.1004E+01,0.9997333,0.0075514,-0.0218228
T,581,1,0.2045891E+06,5752011E-03,0.3780E+02,0.6903E+02,0.9990505,0.0292681,0.0322719
T,582,1,0.2037045E+06,5752990E-03,-0.1026E+03,-0.1047E+03,0.9999227,-0.0124271,-0.0003266
T,583,1,0.2023255E+06,5752928E-03,-0.9548E+02,-0.1011E+03,0.9999249,-0.0094300,-0.0078223
T,584,1,0.2033635E+06,5751630E-03,-0.5617E+02,0.5344E+02,0.9997276,-0.0170868,0.0158967
T,585,1,0.2044774E+06,5752659E-03,-0.1213E+03,0.3511E+02,0.9993368,0.0105699,0.0348463
T,586,1,0.2054670E+06,5752183E-03,-0.3244E+02,-0.1666E+01,0.9992602,0.0327915,-0.0200935
T,587,1,0.2040270E+06,5751284E-03,-0.8893E+02,0.1637E+02,0.9996572,-0.0259127,0.0037438
T,588,1,0.2006333E+06,5752860E-03,0.4184E+03,0.3550E+03,0.9953666,0.0820623,0.0501103
T,589,1,0.2038882E+06,5750016E-03,-0.9850E+02,0.1813E+03,0.9996462,0.0034668,0.0263726
T,590,1,0.2041304E+06,5752000E-03,0.1699E+03,0.1304E+03,0.9978797,0.0605734,0.0238121
T,591,1,0.2030341E+06,5751548E-03,-0.8848E+01,-0.7703E+02,0.9997094,-0.0033584,-0.0238693
T,592,1,0.2041097E+06,5751438E-03,-0.4292E+02,0.7345E+02,0.9991463,-0.0401815,0.0095989
T,593,1,0.2028701E+06,5752424E-03,-0.7012E+01,-0.6434E+02,0.9991969,-0.0374615,-0.0142225
T,594,1,0.2029587E+06,5751108E-03,0.5017E+02,0.2001E+02,0.9974702,0.0709318,-0.0046748
T,595,1,0.2044183E+06,5752665E-03,-0.3608E+02,-0.2748E+02,0.9999691,-0.0035366,-0.0070159
T,596,1,0.2026498E+06,5750720E-03,0.1142E+03,0.8357E+01,0.9987004,0.0481441,-0.0167226
T,597,1,0.2033209E+06,5751521E-03,-0.2307E+02,0.9111E+02,0.9996542,0.0154453,0.0212824
T,598,1,0.2040220E+06,5752625E-03,0.4065E+01,-0.3233E+02,0.9998506,-0.0003579,-0.0172842
T,599,1,0.2017386E+06,5752751E-03,0.1466E+03,-0.9643E+01,0.9985849,0.0521419,-0.0104584
T,600,1,0.2036275E+06,5752052E-03,-0.5381E+02,0.1830E+02,0.9984684,-0.0371496,0.0409972
T,601,1,0.2032711E+06,5752310E-03,-0.1231E+03,0.9794E+02,0.9987452,-0.0435019,-0.0248129
T,602,1,0.2043683E+06,5750831E-03,-0.2541E+02,0.1067E+03,0.9982570,-0.0561308,-0.0182268
T,603,1,0.2037956E+06,5750688E-03,0.9034E+02,-0.1548E+02,0.9985542,0.0449007,0.0295550
T,604,1,0.2029818E+06,5752578E-03,0.2620E+02,0.4614E+01,0.9999677,0.0069633,0.0040190
T,605,1,0.2039471E+06,5751222E-03,0.9408E+02,-0.3586E+02,0.9997615,0.0014650,-0.0217882
T,606,1,0.2034169E+06,5752259E-03,0.2750E+02,-0.5640E+02,0.9987376,0.0377700,-0.0331142
T,607,1,0.2040048E+06,5752264E-03,-0.5771E+02,-0.3221E+02,0.9995474,-0.0081786,-0.0289495
T,608,1,0.2019677E+06,5751365E-03,0.9575E+02,0.7638E+01,0.9993770,0.0346113,0.0069105
T,609,1,0.2043904E+06,5750135E-03,-0.6506E+02,-0.1058E+03,0.9994731,-0.0005277,-0.0324548
T,610,1,0.2051039E+06,5750956E-03,-0.2349E+02,-0.1535E+03,0.9970914,-0.0069237,-0.0759002
T,611,1,0.2025454E+06,5750532E-03,0.6916E+02,-0.9994E+01,0.9988727,0.0472751,0.0042829
T,612,1,0.2057363E+06,5752411E-03,-0.2621E+02,0.3563E+02,0.9999713,0.0075707,-0.0003511
T,613,1,0.2043083E+06,5750825E-03,-0.1333E+03,0.8603E+02,0.9985999,-0.0360828,0.0386825
T,614,1,0.2063098E+06,5750732E-03,0.9611E+01,0.1859E+03,0.9998811,-0.0036592,0.0149778
T,615,1,0.2037429E+06,5752426E-03,-0.5084E+02,0.6233E+01,0.9999722,-0.0074454,-0.0003533
T,616,1,0.2034172E+06,5750290E-03,0.1427E+02,-0.1181E+03,0.9979811,0.0212735,-0.0598435
T,617,1,0.2040040E+06,5751908E-03,-0.1218E+02,0.1978E+02,0.9973349,-0.0033437,0.0728829
T,618,1,0.2036059E+06,5752373E-03,-0.1287E+03,-0.7219E+02,0.9978968,-0.0641716,-0.0091674
T,619,1,0.2049876E+06,5752447E-03,-0.1149E+02,-0.5693E+02,0.9996353,-0.0191968,0.0189933
T,620,1,0.2032867E+06,5751532E-03,-0.5359E+02,0.6819E+02,0.9996160,0.0250576,-0.0118348
T,621,1,0.2050888E+06,5752651E-03,0.2059E+02,-0.2422E+02,0.9992751,-0.0374575,0.0067937
T,622,1,0.2046863E+06,5750313E-03,-0.4184E+02,-0.1926E+03,0.9981086,-0.0595680,-0.0151943
T,623,1,0.2033127E+06,5752075E-03,0.6390E+02,0.2910E+02,0.9996188,0.0275221,0.0022096
T,624,1,0.2047010E+06,5752596E-03,-0.9346E+02,-0.1655E+03,0.9940100,-0.0947483,-0.0544689
T,625,1,0.2029261E+06,5751077E-03,0.1396E+02,-0.8024E+02,0.9995382,0.0242193,0.0183506
T,626,1,0.2025949E+06,5750629E-03,0.7423E+02,-0.7204E+02,0.9993609,0.0167458,-0.0315801
T,627,1,0.2026940E+06,5752201E-03,0.7495E+02,-0.2510E+02,0.9997395,0.0169522,-0.0152842
T,628,1,0.2035916E+06,5751310E-03,-0.5840E+02,-0.1697E+03,0.9997413,0.0121896,-0.0192033
T,629,1,0.2033146E+06,5751497E-03,-0.7542E+02,0.3305E+02,0.9999727,-0.0073762,0.0003663
T,630,1,0.2028829E+06,5750770E-03,-0.7430E+02,-0.1404E+03,0.9985205,-0.0066454,-0.0539685
T,631,1,0.2029851E+06,5752606E-03,-0.5926E-03,0.4893E+02,0.9999623,0.0061773,-0.0061058
T,632,1,0.2040719E+06,5752564E-03,-0.3796E+02,0.2387E+02,0.9997065,0.0136211,-0.0200366
T,633,1,0.2047339E+06,5750339E-03,0.7376E+01,0.1259E+03,0.9955341,0.0256146,0.0908613
T,634,1,0.2008183E+06,5751375E-03,0.9373E+01,-0.9936E+02,0.9998813,-0.0011192,-0.0153659
T,635,1,0.2031920E+06,5751908E-03,0.2767E+02,-0.4390E+03,0.9972836,0.0058394,-0.0734259
T,636,1,0.2028553E+06,5750359E-03,-0.2236E+03,-0.1123E+03,0.9941133,-0.1061151,0.0218712
T,637,1,0.2034630E+06,5751442E-03,-0.9717E+01,0.8740E+02,0.9998846,-0.0038640,-0.0146938
T,638,1,0.2037238E+06,5750169E-03,0.1112E+03,0.7168E+02,0.9991671,0.0387729,-0.0127172
T,639,1,0.2032482E+06,5750758E-03,-0.1077E+03,-0.4410E+02,0.9981154,-0.0585779,-0.0182827
T,640,1,0.2015420E+06,5751139E-03,0.7418E+02,0.8337E+02,0.9993202,0.0149228,0.0337107
T,641,1,0.2026185E+06,5752143E-03,0.6574E+02,0.9205E+02,0.9955903,0.0613873,0.0709333
T,642,1,0.2037070E+06,5750908E-03,0.1838E+03,0.6877E+03,0.9891718,0.0529851,0.1368636
T,643,1,0.2034084E+06,5751125E-03,-0.1168E+03,0.1393E+02,0.9993896,-0.0301995,-0.0175606
T,644,1,0.2037679E+06,5752219E-03,0.2059E+02,-0.2780E+02,0.9998120,0.0172159,-0.0089201
T,645,1,0.2027686E+06,5750111E-03,0.3074E+03,0.5736E+02,0.9960558,0.0861723,-0.0211457
T,646,1,0.2041637E+06,5752363E-03,0.5995E+02,-0.2699E+02,0.9999823,0.0055147,-0.0022131
T,647,1,0.2038755E+06,5750986E-03,-0.1095E+03,-0.1206E+03,0.9974018,-0.0307158,-0.0651627
T,648,1,0.2018483E+06,5751650E-03,-0.6309E+02,0.5340E+02,0.9992319,-0.0359366,0.0156263
T,649,1,0.2024466E+06,5751320E-03,-0.2758E+03,0.1373E+03,0.9962204,-0.0865717,0.0070844
T,650,1,0.2043723E+06,5752448E-03,-0.5817E+02,-0.1993E+01,0.9999375,-0.0025410,-0.0108862
T,651,1,0.2032994E+06,5751857E-03,0.9102E+01,-0.1673E+03,0.9987423,0.0152655,0.0477566
T,652,1,0.2024940E+06,5751500E-03,-0.9279E+02,-0.2047E+02,0.9997248,-0.0213091,0.0098055
T,653,1,0.2042178E+06,5751163E-03,0.2845E+02,0.7302E+02,0.9979731,-0.0598609,0.0215959
T,654,1,0.2044081E+06,5751328E-03,-0.5440E+02,0.5013E+02,0.9990830,0.0080806,0.0420457
T,655,1,0.2027302E+06,5750057E-03,0.2037E+03,0.4403E+03,0.9964596,0.0298392,0.0785994
T,656,1,0.2046283E+06,5752265E-03,-0.3907E+02,0.4615E+01,0.9976036,-0.0156279,-0.0674004
T,657,1,0.2034764E+06,5751176E-03,0.2677E+02,-0.9571E+02,0.9998959,0.0128641,-0.0065403
T,658,1,0.2055966E+06,5752466E-03,-0.1328E+02,0.2591E+02,0.9999492,-0.0098039,-0.0023586
T,659,1,0.2034676E+06,5750881E-03,0.9030E+02,-0.8798E+02,0.9975239,0.0681688,-0.0172912
T,660,1,0.2042569E+06,5752345E-03,0.4337E+02,-0.2146E+03,0.9989844,0.0275183,-0.0356779
T,661,1,0.2029582E+06,5752487E-03,0.3130E+01,-0.3891E+02,0.9999829,-0.0016348,-0.0056119
T,662,1,0.2050955E+06,5750244E-03,-0.9717E+02,-0.7453E+02,0.9993308,-0.0155259,-0.0331190
T,663,1,0.2056700E+06,5752954E-03,0.1254E+03,0.5898E+02,0.9999410,-0.0021528,0.0106491
T,664,1,0.2020451E+06,5752757E-03,-0.1495E+03,0.1469E+03,0.9985639,-0.0285305,0.0453456
T,665,1,0.2045428E+06,5752802E-03,-0.1747E+02,-0.4331E+01,0.9997231,-0.0234324,-0.0021415
T,666,1,0.2036822E+06,5752981E-03,0.1322E+03,-0.3872E+02,0.9978726,0.0531746,-0.0377189
T,667,1,0.2040356E+06,5750965E-03,0.7944E+02,0.4907E+02,0.9902002,-0.0663281,-0.1228987
T,668,1,0.2033431E+06,5752051E-03,0.1867E+02,0.6360E+02,0.9977264,0.0467950,0.0484992
T,669,1,0.2030240E+06,5752705E-03,-0.3477E+02,0.1242E+03,0.9974926,-0.0687843,0.0166475
T,670,1,0.2036370E+06,5750405E-03,0.8544E+02,0.5883E+02,0.9996621,0.0234441,0.0112269
T,671,1,0.2031007E+06,5751481E-03,-0.1190E+03,0.1144E+03,0.9993387,-0.0362966,-0.0021839
T,672,1,0.2026557E+06,5752297E-03,-0.2150E+02,-0.6733E+02,0.9996703,-0.0173729,-0.0189066
T,673,1,0.2042294E+06,5751954E-03,0.1872E+02,-0.6233E+02,0.9954990,0.0192085,0.0928050
T,674,1,0.2015634E+06,5752735E-03,-0.2672E+02,0.2368E+02,0.9999350,0.0112108,-0.0020959
T,675,1,0.2040395E+06,5752581E-03,0.3098E+02,0.1520E+02,0.9996729,0.0130223,0.0220113
T,676,1,0.2035955E+06,5751800E-03,0.6592E+02,0.1116E+03,0.9963566,-0.0479478,-0.0705307
T,677,1,0.2045197E+06,5751498E-03,-0.3436E+02,0.8798E+02,0.9997769,-0.0178938,0.0112274
T,678,1,0.2040750E+06,5752359E-03,0.4440E+02,0.1787E+02,0.9996479,0.0260648,-0.0049623
T,679,1,0.2034439E+06,5752660E-03,0.3403E+02,0.1217E+02,0.9999550,0.0040048,0.0086023
T,680,1,0.2036909E+06,5752860E-03,-0.6349E+02,-0.1303E+03,0.9996931,-0.0062388,-0.0239755
T,681,1,0.2033625E+06,5752494E-03,0.7255E+02,0.1282E+03,0.9999485,-0.0096161,0.0032569
T,682,1,0.2037484E+06,5751028E-03,0.8730E+02,0.3911E+01,0.9996357,0.0244526,0.0114247
T,683,1,0.2037294E+06,5751214E-03,-0.8458E+02,0.6480E+02,0.9982644,-0.0522188,0.0272300
T,684,1,0.2034471E+06,5751529E-03,-0.3548E+01,-0.1625E+03,0.9988253,-0.0368038,-0.0315188
T,685,1,0.2039452E+06,5752476E-03,-0.2512E+03,-0.8287E+02,0.9991565,-0.0406214,-0.0060233
T,686,1,0.2022467E+06,5752250E-03,0.9721E+02,-0.1114E+03,0.9990383,0.0295434,-0.0323983
T,687,1,0.2040978E+06,5752326E-03,0.8477E+01,-0.7080E+02,0.9999436,0.0080159,-0.0069722
T,688,1,0.2045050E+06,5750106E-03,0.2429E+03,-0.2492E+02,0.9985544,0.0503890,-0.0187089
T,689,1,0.2039145E+06,5752677E-03,-0.8959E+01,0.1694E+02,0.9996632,0.0132692,0.0223019
T,690,1,0.2039148E+06,5750725E-03,-0.1081E+03,-0.5509E+02,0.9996223,-0.0221419,-0.0162816
T,691,1,0.2026256E+06,5750500E-03,-0.1157E+03,-0.8194E+02,0.9888202,-0.1235677,-0.0834607
T,692,1,0.2035804E+06,5751403E-03,-0.1352E+02,-0.4398E+02,0.9994573,0.0256979,-0.0206077
T,693,1,0.2062840E+06,5751564E-03,0.4596E+02,0.8410E+02,0.9997469,0.0180464,0.0134363
T,694,1,0.2033733E+06,5752580E-03,-0.3893E+01,0.3574E+02,0.9997021,-0.0230522,0.0080159
T,695,1,0.2048797E+06,5750022E-03,-0.7648E+02,0.7950E+02,0.9989758,-0.0305518,0.0333745
T,696,1,0.2036207E+06,5752727E-03,0.1843E+02,-0.1344E+02,0.9993128,0.0001061,-0.0370659
T,697,1,0.2030156E+06,5750612E-03,-0.6357E+01,-0.1154E+03,0.9998359,0.0120656,-0.0135102
T,698,1,0.2041054E+06,5751235E-03,0.4054E+00,-0.1437E+03,0.9975376,-0.0173909,-0.0679430
T,699,1,0.2033708E+06,5752185E-03,0.1061E+03,0.1273E+03,0.9981487,0.0240836,0.0558494
T,700,1,0.2036069E+06,5751126E-03,-0.3767E+02,0.8821E+02,0.9999661,-0.0077191,0.0028709
T,701,1,0.2044062E+06,5750506E-03,-0.1147E+03,0.9082E+01,0.9998370,-0.0178605,0.0026427
T,702,1,0.2036377E+06,5751541E-03,0.5396E+02,-0.6017E+02,0.9998824,0.0077347,-0.0132401
T,703,1,0.2021488E+06,5752803E-03,-0.8432E+02,0.1034E+03,0.9990426,-0.0376129,0.0223421
T,704,1,0.2046863E+06,5752610E-03,-0.2345E+01,-0.1976E+02,0.9996137,-0.0161167,-0.0226426
T,705,1,0.2054219E+06,5752509E-03,-0.4611E+02,-0.1051E+02,0.9998062,-0.0080499,0.0179643
T,706,1,0.2013745E+06,5751038E-03,-0.7424E+02,-0.6579E+02,0.9998517,-0.0027882,-0.0169969
T,707,1,0.2036932E+06,5752332E-03,0.4334E+02,-0.4820E+02,0.9998104,0.0185779,-0.0058313
T,708,1,0.2034136E+06,5750456E-03,0.5240E+02,-0.1094E+03,0.9993606,-0.0013966,-0.0357265
T,709,1,0.2042819E+06,5751497E-03,0.1249E+03,-0.8631E+02,0.9983134,0.0473658,-0.0335674
T,710,1,0.2023982E+06,5752352E-03,-0.1220E+03,0.2651E+03,0.9877399,-0.0991860,0.1205485
T,711,1,0.2030957E+06,5752794E-03,0.7929E+01,0.1210E+02,0.9997957,0.0163253,-0.0119183
T,712,1,0.2041521E+06,5750420E-03,-0.3958E+02,0.1120E+03,0.9971432,-0.0113253,0.0746809
T,713,1,0.2028351E+06,5751771E-03,-0.7246E+02,-0.1742E+03,0.9978821,0.0049049,-0.0648627
T,714,1,0.2036905E+06,5752315E-03,-0.6117E+02,0.4513E+02,0.9995654,-0.0162492,0.0245943
T,715,1,0.2026165E+06,5752023E-03,-0.7325E+03,-0.3184E+01,0.9946001,-0.1024763,0.0164108
T,716,1,0.2034850E+06,5751602E-03,0.1657E+02,0.9096E+02,0.9995536,-0.0117884,0.0274518
T,717,1,0.2033326E+06,5751523E-03,-0.3843E+01,-0.9059E+02,0.9995097,-0.0004309,-0.0313067
T,718,1,0.2029320E+06,5752156E-03,-0.4176E+02,-0.6851E+02,0.9945788,0.0957458,-0.0405669
T,719,1,0.2056355E+06,5751553E-03,0.6279E+02,-0.4050E+02,0.9995346,0.0160581,-0.0259385
T,720,1,0.2043069E+06,5752141E-03,0.3844E+02,-0.1556E+03,0.9972419,0.0300968,-0.0678437
T,721,1,0.2048746E+06,5751546E-03,0.6472E+02,0.7413E+01,0.9998836,0.0149570,-0.0030129
T,722,1,0.2020616E+06,5751568E-03,-0.1347E+02,-0.8699E+02,0.9996590,-0.0215304,-0.0147726
T,723,1,0.2032931E+06,5751641E-03,-0.6875E+02,-0.4028E+02,0.9999034,0.0135718,-0.0030060
T,724,1,0.2021313E+06,5752258E-03,0.2520E+02,0.6965E+01,0.9996839,-0.0142747,-0.0206952
T,725,1,0.2036022E+06,5752383E-03,0.2740E+02,-0.5642E+02,0.9991324,-0.0185723,-0.0372755
T,726,1,0.2036325E+06,5752459E-03,-0.2499E+02,0.1451E+02,0.9993042,-0.0341989,-0.0148831
T,727,1,0.2057873E+06,5750466E-03,0.4148E+02,0.9772E+02,0.9988390,-0.0255399,0.0408465
T,728,1,0.2027642E+06,5751720E-03,-0.9312E+02,-0.4113E+03,0.9940412,-0.0393382,-0.1016587
T,729,1,0.2046705E+06,5752146E-03,0.1475E+02,-0.1537E+03,0.9987292,-0.0451950,-0.0223028
T,730,1,0.2046758E+06,5751538E-03,0.6109E+02,0.4535E+02,0.9993869,0.0327889,-0.0122737
T,731,1,0.2021671E+06,5750696E-03,-0.1307E+03,0.2143E+02,0.9979775,-0.0633120,-0.0057075
T,732,1,0.2043255E+06,5751532E-03,-0.8008E+02,0.5209E+02,0.9994247,-0.0254641,0.0224000
T,733,1,0.2037265E+06,5752474E-03,-0.1927E+03,0.2051E+03,0.9810517,-0.1600542,0.1091799
T,734,1,0.2037531E+06,5750089E-03,-0.2275E+02,0.5730E+02,0.9942747,-0.0248001,0.1039368
T,735,1,0.2015749E+06,5750726E-03,0.1112E+03,-0.5296E+02,0.9986340,0.0510522,-0.0111239
T,736,1,0.2039819E+06,5751611E-03,0.2260E+02,-0.1665E+03,0.9995827,0.0163852,-0.0237904
T,737,1,0.2028190E+06,5751423E-03,-0.7717E+02,-0.4294E+02,0.9993011,-0.0346106,-0.0141207
T,738,1,0.2025183E+06,5751421E-03,-0.6923E+02,-0.2260E+02,0.9996657,-0.0130144,0.0223422
T,739,1,0.2028171E+06,5752413E-03,0.1929E+02,0.3289E+02,0.9995434,0.0224208,-0.0202535
T,740,1,0.2022567E+06,5752363E-03,-0.1042E+02,-0.4557E+02,0.9997735,-0.0083202,-0.0195863
T,741,1,0.2044865E+06,5751419E-03,0.5103E+02,0.6640E+02,0.9998262,-0.0052524,0.0178877
T,742,1,0.2038808E+06,5750100E-03,-0.6258E+02,-0.1126E+03,0.9962683,-0.0375854,-0.0776964
T,743,1,0.2046446E+06,5750301E-03,-0.1116E+03,-0.5215E+01,0.9997421,-0.0195589,-0.0115390
T,744,1,0.2028725E+06,5751925E-03,-0.2721E+02,0.4003E+02,0.9984428,-0.0308139,0.0465021
T,745,1,0.2041619E+06,5750443E-03,0.2315E+02,-0.1242E+03,0.9999359,0.0032061,-0.0108576
T,746,1,0.2014753E+06,5752523E-03,-0.1167E+02,0.4601E+02,0.9999152,0.0109359,-0.0070755
T,747,1,0.2038911E+06,5750167E-03,0.9481E+02,0.9200E+02,0.9998265,0.0133534,0.0129888
T,748,1,0.2044294E+06,5752550E-03,-0.3174E+02,0.4020E+02,0.9994606,0.0281893,0.0168483
T,749,1,0.2046733E+06,5752430E-03,0.1175E+03,-0.2703E+02,0.9996289,0.0149226,0.0227907
T,750,1,0.2037455E+06,5752259E-03,-0.6611E+02,-0.2389E+02,0.9989920,-0.0368579,0.0256211
T,751,1,0.2047937E+06,5752517E-03,-0.4797E+02,-0.2167E+02,0.9999541,-0.0025404,0.0092350
T,752,1,0.2028411E+06,5752756E-03,-0.1354E+03,0.6317E+02,0.9997888,-0.0202814,0.0033119
T,753,1,0.2010111E+06,5750808E-03,-0.2760E+01,0.9994E+02,0.9965464,0.0357188,0.0749636
T,754,1,0.2016590E+06,5750673E-03,0.2628E+03,0.8337E+02,0.9990412,0.0408109,0.0158446
T,755,1,0.2031214E+06,5750880E-03,0.1176E+03,0.1382E+03,0.9966602,0.0305742,0.0757216
T,756,1,0.2034980E+06,5752924E-03,-0.4842E+02,-0.1302E+03,0.9992484,-0.0184883,-0.0340694
T,757,1,0.2035546E+06,5751619E-03,-0.5040E+02,-0.6230E+02,0.9997491,0.0129395,0.0182829
T,758,1,0.2037137E+06,5750046E-03,-0.4931E+02,-0.1131E+03,0.9990036,-0.0426208,-0.0132426
T,759,1,0.2046957E+06,5751512E-03,0.7410E+02,-0.3782E+02,0.9998506,0.0170316,-0.0029642
T,760,1,0.2027282E+06,5751647E-03,0.8605E+02,0.1440E+02,0.9996428,0.0231472,0.0133559
T,761,1,0.2027523E+06,5752262E-03,0.2458E+02,0.4782E+02,0.9997620,-0.0194595,0.0098636
T,762,1,0.2033686E+06,5752452E-03,0.5868E+02,-0.6973E+02,0.9946570,0.0839095,-0.0601383
T,763,1,0.2023867E+06,5750405E-03,-0.1169E+03,-0.2986E+02,0.9968697,-0.0647082,0.0454280
T,764,1,0.2033621E+06,5752091E-03,-0.1973E+02,-0.1693E+02,0.9982430,0.0583598,-0.0102485
T,765,1,0.2038575E+06,5752708E-03,0.3317E+00,-0.1816E+02,0.9999925,-0.0036724,-0.0012234
T,766,1,0.2043524E+06,5751642E-03,0.6840E+02,0.8228E+01,0.9996430,0.0108430,0.0244190
T,767,1,0.2028840E+06,5752943E-03,-0.6674E+02,0.1096E+03,0.9996174,0.0010896,0.0276365
T,768,1,0.2051455E+06,5750061E-03,-0.7553E+02,-0.1155E+03,0.9991480,-0.0156813,-0.0381742
T,769,1,0.2006366E+06,5751455E-03,-0.1811E+03,-0.2279E+03,0.9957319,-0.0638565,-0.0666358
T,770,1,0.2024058E+06,5751215E-03,0.9649E+02,-0.3922E+02,0.9998680,0.0070312,-0.0146471
T,771,1,0.2043203E+06,5751108E-03,0.6927E+00,0.9411E+02,0.9998260,0.0079802,-0.0168621
T,772,1,0.2034991E+06,5752457E-03,-0.4351E+01,0.6209E+02,0.9999071,-0.0118134,-0.0067954
T,773,1,0.2037389E+06,5750529E-03,-0.6312E+02,-0.1138E+03,0.9988719,-0.0188121,-0.0436007
T,774,1,0.2036832E+06,5751321E-03,0.1885E+03,0.3523E+03,0.9964965,0.0465406,0.0694888
T,775,1,0.2030838E+06,5751944E-03,0.3091E+03,0.1964E+03,0.9957660,0.0846597,0.0358159
T,776,1,0.2040933E+06,5750185E-03,-0.3036E+01,-0.1320E+03,0.9980448,0.0568391,-0.0259993
T,777,1,0.2045225E+06,5752215E-03,0.6999E+01,0.7962E+02,0.9997027,0.0146864,0.0194634
T,778,1,0.2056345E+06,5752537E-03,-0.4374E+02,0.9255E+01,0.9999331,-0.0024038,0.0113181
T,779,1,0.2026051E+06,5750320E-03,-0.9661E+02,-0.6728E+02,0.9997579,-0.0219956,-0.0006478
T,780,1,0.2037615E+06,5750370E-03,0.6124E+02,-0.3027E+02,0.9907872,0.1329104,-0.0259931
T,781,1,0.2038521E+06,5751086E-03,0.2210E+02,0.5215E+02,0.9979761,-0.0333915,0.0541182
T,782,1,0.2037568E+06,5752173E-03,-0.3803E+02,-0.6162E+02,0.9994953,-0.0004638,-0.0317624
T,783,1,0.2025955E+06,5752038E-03,0.6238E+02,0.1743E+02,0.9803835,0.1594279,0.1158922
T,784,1,0.2045901E+06,5752713E-03,-0.6890E+01,-0.3622E+02,0.9996082,0.0103986,-0.0259866
T,785,1,0.2032156E+06,5752034E-03,-0.2513E+02,0.3882E+02,0.9978936,-0.0647261,0.0043545
T,786,1,0.2006637E+06,5751864E-03,0.2449E+03,0.2264E+03,0.9971776,0.0562593,0.0497162
T,787,1,0.2038635E+06,5752375E-03,0.3040E+01,0.5645E+02,0.9997933,-0.0199720,-0.0038115
T,788,1,0.2035025E+06,5751389E-03,-0.1089E+03,-0.1466E+03,0.9972490,-0.0222628,-0.0707028
T,789,1,0.2029833E+06,5751522E-03,-0.6117E+02,0.6958E+02,0.9996827,0.0129087,0.0216323
T,790,1,0.2033305E+06,5752504E-03,0.3035E+02,-0.1708E+02,0.9997899,-0.0197024,0.0056593
T,791,1,0.2045480E+06,5752434E-03,-0.6044E+02,-0.3834E+01,0.9997895,-0.0203427,0.0026791
T,792,1,0.2040243E+06,5752717E-03,-0.3254E+02,0.6752E+01,0.9998723,-0.0050293,-0.0151676
T,793,1,0.2027296E+06,5751081E-03,-0.8412E+02,-0.2235E+02,0.9990933,-0.0420627,-0.0065759
T,794,1,0.2030208E+06,5752440E-03,-0.1262E+03,0.2701E+02,0.9987235,-0.0399676,-0.0308859
T,795,1,0.2031972E+06,5750548E-03,0.7078E+02,0.1039E+03,0.9984941,0.0186769,0.0515812
T,796,1,0.2035129E+06,5752934E-03,-0.6267E+02,-0.6218E+02,0.9955518,-0.0938318,-0.0084932
T,797,1,0.2048252E+06,5750358E-03,-0.9605E+02,0.1570E+02,0.9971395,-0.0564170,0.0502986
T,798,1,0.2027582E+06,5751413E-03,-0.1437E+02,0.7376E+02,0.9976604,-0.0414124,-0.0543950
T,799,1,0.2050149E+06,5752437E-03,0.5565E+02,0.3454E+02,0.9997198,0.0124785,0.0201132
T,800,1,0.2032475E+06,5752757E-03,-0.1570E+02,-0.5848E+01,0.9998994,-0.0138236,-0.0031767
T,801,1,0.2050918E+06,5752693E-03,-0.2922E+02,-0.1549E+02,0.9996778,-0.0185874,-0.0172844
T,802,1,0.2030485E+06,5752531E-03,-0.4234E+02,-0.1041E+01,0.9995416,-0.0300164,-0.0039602
T,803,1,0.2049002E+06,5751498E-03,0.5661E+02,0.7397E+02,0.9999874,0.0023433,0.0044357
T,804,1,0.2023661E+06,5751324E-03,-0.1797E+02,0.4634E+01,0.9870522,-0.0862876,-0.1352123
T,805,1,0.2035622E+06,5752766E-03,-0.1750E+02,-0.1401E+02,0.9999225,-0.0122902,-0.0019823
T,806,1,0.2029352E+06,5750433E-03,-0.7897E+01,-0.8515E+02,0.9807205,0.1781307,0.0803540
T,807,1,0.2040129E+06,5751606E-03,-0.2557E+03,-0.1167E+03,0.9978917,-0.0648594,-0.0023101
T,808,1,0.2040834E+06,5750954E-03,0.1610E+03,-0.5277E+02,0.9925127,0.1069293,-0.0590308
T,809,1,0.2049769E+06,5750081E-03,-0.2523E+03,-0.4805E+02,0.9986097,-0.0508957,-0.0137238
T,810,1,0.2027710E+06,5752761E-03,0.1811E+02,-0.6453E+01,0.9999043,0.0087031,0.0107561
T,811,1,0.2051086E+06,5750640E-03,0.1025E+03,0.8300E+01,0.9996942,0.0234714,-0.0077845
T,812,1,0.2025666E+06,5752325E-03,0.4059E+01,0.4592E+02,0.9999837,0.0040790,-0.0040044
T,813,1,0.2027450E+06,5752746E-03,-0.1638E+02,-0.1331E+02,0.9997505,0.0078693,0.0209036
T,814,1,0.2033113E+06,5752335E-03,0.5502E+02,-0.3795E+02,0.9996991,0.0083624,-0.0230620
T,815,1,0.2031025E+06,5751383E-03,0.1145E+03,0.1217E+03,0.9978184,0.0428360,0.0502336
T,816,1,0.2042714E+06,5751556E-03,0.1362E+02,0.3652E+02,0.9995646,0.0146228,0.0256274
T,817,1,0.2036434E+06,5752643E-03,0.3830E+02,0.2887E+02,0.9997048,-0.0030736,0.0241018
T,818,1,0.2033363E+06,5751645E-03,-0.1309E+02,-0.8361E+02,0.9999831,0.0057420,-0.0008553
T,819,1,0.2050128E+06,5752072E-03,-0.2602E+02,0.4593E+02,0.9995887,-0.0079555,0.0275527
T,820,1,0.2039030E+06,5752848E-03,0.1128E+01,0.4191E+01,0.9997865,0.0154375,0.0137379
T,821,1,0.2031836E+06,5752720E-03,0.3319E+03,0.1981E+03,0.9928817,0.1152980,0.0298705
T,822,1,0.2026857E+06,5752413E-03,0.3131E+03,-0.5100E+02,0.9991132,0.0364670,-0.0210464
T,823,1,0.2026924E+06,5750390E-03,-0.2133E+03,-0.5413E+03,0.9898716,-0.0417736,-0.1356807
T,824,1,0.2040956E+06,5752422E-03,0.2828E+02,0.4452E+02,0.9996523,-0.0261902,0.0030689
T,825,1,0.2053029E+06,5751240E-03,-0.1065E+03,-0.2389E+02,0.9981109,-0.0578722,-0.0206258
T,826,1,0.2039935E+06,5752339E-03,0.2410E+02,0.1641E+02,0.9998465,0.0169924,0.0042736
T,827,1,0.2028447E+06,5752660E-03,0.3304E+02,0.9362E+02,0.9983250,0.0576907,-0.0043631
T,828,1,0.2028595E+06,5752701E-03,0.2217E+02,-0.2161E+02,0.9997633,-0.0131710,-0.0173165
T,829,1,0.2038881E+06,5751349E-03,-0.1892E+02,-0.3225E+02,0.9992063,0.0380696,0.0117229
T,830,1,0.2046021E+06,5752345E-03,0.1241E+03,-0.5082E+02,0.9982170,0.0526877,-0.0280489
T,831,1,0.2044799E+06,5750595E-03,0.1195E+03,0.7163E+01,0.9874964,0.1568257,0.0160192
T,832,1,0.2050097E+06,5752274E-03,0.6023E+02,-0.4589E+02,0.9998479,0.0047755,-0.0167714
T,833,1,0.2037408E+06,5751994E-03,-0.2482E+02,-0.4946E+02,0.9985909,-0.0499602,-0.0178961
T,834,1,0.2034167E+06,5752006E-03,-0.2020E+02,0.3312E+02,0.9987033,0.0490529,-0.0136225
T,835,1,0.2038494E+06,5752257E-03,-0.1598E+03,-0.1474E+03,0.9987010,-0.0373002,-0.0347119
T,836,1,0.2035287E+06,5752167E-03,0.1339E+03,-0.5423E+02,0.9987106,0.0388018,-0.0327340
T,837,1,0.2056038E+06,5752236E-03,-0.4857E+02,0.5652E+02,0.9997112,-0.0178164,0.0161295
T,838,1,0.2046199E+06,5751319E-03,-0.8363E+02,0.6671E+02,0.9990739,-0.0334089,0.0271133
T,839,1,0.2038405E+06,5752553E-03,0.4479E+01,-0.1470E+03,0.9993732,-0.0042405,-0.0351444
T,840,1,0.2043160E+06,5751296E-03,-0.9109E+02,0.4377E+02,0.9993858,-0.0170154,0.0306348
T,841,1,0.2037596E+06,5752068E-03,0.3103E+02,0.1591E+03,0.9961595,-0.0007437,0.0875542
T,842,1,0.2027469E+06,5750807E-03,-0.1034E+02,-0.6995E+02,0.9939240,-0.0857028,-0.0690656
T,843,1,0.2019423E+06,5751370E-03,0.9997E+02,0.6384E+01,0.9996332,0.0267478,0.0042396
T,844,1,0.2038412E+06,5751452E-03,-0.6715E+02,-0.6604E+02,0.9988917,-0.0448575,-0.0142546
T,845,1,0.2031615E+06,5752369E-03,0.2822E+02,-0.6226E+02,0.9997788,0.0136379,-0.0160102
T,846,1,0.2042045E+06,5751585E-03,-0.6540E+02,-0.5847E+01,0.9992705,-0.0224145,-0.0309217
T,847,1,0.2025650E+06,5750929E-03,0.1823E+03,0.3444E+03,0.9981938,0.0240841,0.0550377
T,848,1,0.2035621E+06,5752598E-03,-0.3812E+02,0.2882E+02,0.9999188,-0.0033465,0.0122932
T,849,1,0.2039122E+06,5751421E-03,-0.6620E+02,-0.5190E+02,0.9983419,-0.0543066,-0.0190846
T,850,1,0.2042534E+06,5752515E-03,-0.1247E+02,-0.1527E+03,0.9982086,0.0056994,-0.0595572
T,851,1,0.2031080E+06,5751214E-03,0.5103E+02,-0.8458E+02,0.9997131,0.0209975,-0.0115218
T,852,1,0.2051245E+06,5751659E-03,-0.1083E+01,0.8133E+02,0.9998850,-0.0144588,0.0045700
T,853,1,0.2021931E+06,5752571E-03,0.3831E+02,-0.2215E+02,0.9986679,0.0444528,0.0261994
T,854,1,0.2026862E+06,5750193E-03,-0.4702E+03,-0.1846E+03,0.9877428,-0.1193963,-0.1005416
T,855,1,0.2049554E+06,5750243E-03,-0.3638E+02,0.1076E+03,0.9997584,-0.0143665,0.0166381
T,856,1,0.2026882E+06,5751724E-03,-0.3291E+02,-0.7355E+02,0.9998347,0.0128987,-0.0128167
T,857,1,0.2037656E+06,5750308E-03,0.7411E+02,-0.2819E+03,0.9987446,0.0500087,0.0028920
T,858,1,0.2024781E+06,5752484E-03,0.3195E+02,0.5201E+02,0.9994394,0.0029668,0.0333478
T,859,1,0.2016038E+06,5752412E-03,0.2976E+02,0.5002E+02,0.9999651,0.0040136,0.0073285
T,860,1,0.2037099E+06,5751668E-03,-0.8765E+02,0.1393E+02,0.9999329,-0.0095871,0.0065033
T,861,1,0.2022005E+06,5752223E-03,0.8431E+02,0.1921E+03,0.9991097,0.0084617,0.0413302
T,862,1,0.2048102E+06,5752565E-03,0.8529E+00,0.4035E+02,0.9999847,-0.0035111,-0.0042801
T,863,1,0.2036195E+06,5751668E-03,-0.1725E+02,-0.7914E+02,0.9998391,-0.0114274,-0.0138243
T,864,1,0.2035398E+06,5751306E-03,0.1079E+03,-0.1412E+03,0.9982232,0.0539116,-0.0253760
T,865,1,0.2030402E+06,5752586E-03,-0.1728E+02,-0.4879E+02,0.9995809,0.0006693,-0.0289407
T,866,1,0.2020887E+06,5750277E-03,0.1289E+03,0.1435E+02,0.9994179,0.0244891,-0.0237497
T,867,1,0.2043896E+06,5752357E-03,0.3875E+02,0.2445E+02,0.9989807,0.0254204,0.0373022
T,868,1,0.2026140E+06,5752363E-03,-0.8623E+01,-0.2490E+02,0.9996889,-0.0247309,0.0032287
T,869,1,0.2026111E+06,5750685E-03,0.5257E+02,0.9082E+02,0.9992130,-0.0244798,0.0312121
T,870,1,0.2024903E+06,5752973E-03,0.3573E+02,0.4248E+03,0.9965374,-0.0053062,0.0829764
T,871,1,0.2034249E+06,5751083E-03,0.1003E+03,0.3842E+02,0.9998040,0.0191939,0.0048466
T,872,1,0.2046419E+06,5752807E-03,-0.1165E+03,0.8371E+02,0.9994045,-0.0222216,0.0263970
T,873,1,0.2046354E+06,5752217E-03,0.3899E+02,0.6530E+02,0.9999137,-0.0128607,-0.0026783
T,874,1,0.2021462E+06,5752435E-03,-0.6121E+02,-0.8338E+01,0.9996034,-0.0187194,-0.0210403
T,875,1,0.2024868E+06,5751099E-03,0.3432E+02,0.1152E+02,0.9994611,0.0157157,0.0288175
T,876,1,0.2041438E+06,5752524E-03,0.2327E+01,0.1494E+02,0.9998014,0.0032943,-0.0196555
T,877,1,0.2030346E+06,5752169E-03,-0.4359E+02,0.2715E+02,0.9994901,-0.0309760,-0.0077497
T,878,1,0.2035647E+06,5752503E-03,0.3784E+02,0.1723E+00,0.9952654,0.0270428,-0.0933570
T,879,1,0.2024097E+06,5751274E-03,0.2645E+03,-0.1867E+03,0.9926563,0.0930730,-0.0772719
T,880,1,0.2026512E+06,5750493E-03,0.5599E+02,-0.9185E+02,0.9986283,0.0077047,-0.0517902
T,881,1,0.2038924E+06,5751485E-03,0.2178E+02,-0.8004E+02,0.9991798,0.0203714,-0.0349967
T,882,1,0.2037289E+06,5752641E-03,0.4037E+02,0.2279E+01,0.9999201,-0.0099891,0.0077474
T,883,1,0.2031224E+06,5752784E-03,0.1956E+03,0.1518E+01,0.9968379,-0.0462068,0.0646467
T,884,1,0.2041874E+06,5751389E-03,0.6165E+02,0.6206E+02,0.9989460,0.0421895,0.0180800
T,885,1,0.2032413E+06,5752438E-03,-0.7623E-01,0.8566E+01,0.9988323,0.0147457,0.0460065
T,886,1,0.2038169E+06,5750754E-03,0.1189E+03,0.8744E+01,0.9994837,0.0303044,-0.0106737
T,887,1,0.2043885E+06,5751339E-03,-0.5692E+02,0.8326E+02,0.9997246,-0.0223070,0.0072954
T,888,1,0.2035465E+06,5751004E-03,0.8529E+02,-0.5700E+02,0.9995581,0.0294854,-0.0037729
T,889,1,0.2052886E+06,5752088E-03,-0.2269E+03,0.3228E+02,0.9987560,-0.0497620,0.0031828
T,890,1,0.2051846E+06,5751028E-03,-0.1095E+03,0.1470E+02,0.9985427,-0.0525247,0.0123986
T,891,1,0.2018344E+06,5750611E-03,-0.6830E+02,0.9820E+02,0.9962320,-0.0786898,0.0364656
T,892,1,0.2023704E+06,5752774E-03,0.1631E+02,-0.2230E+02,0.9999266,0.0015409,-0.0120200
T,893,1,0.2033637E+06,5751485E-03,-0.6675E+02,0.5206E+02,0.9992934,-0.0110604,0.0359219
T,894,1,0.2025343E+06,5752593E-03,-0.1615E+02,-0.4381E+02,0.9999505,0.0090226,-0.0041939
T,895,1,0.2028337E+06,5751457E-03,-0.1163E+03,0.1229E+03,0.9999087,0.0129063,-0.0039947
T,896,1,0.2030005E+06,5751158E-03,0.2654E+03,-0.5155E+02,0.9981797,0.0601987,-0.0036519
T,897,1,0.2038770E+06,5750908E-03,0.1784E+02,0.1189E+03,0.9992751,0.0245952,0.0290572
T,898,1,0.2035687E+06,5750596E-03,-0.1479E+02,-0.9696E+02,0.9976506,0.0484187,-0.0484651
T,899,1,0.2044390E+06,5751583E-03,0.7565E+02,0.4440E+02,0.9998172,0.0167287,0.0092601
T,900,1,0.2027347E+06,5751695E-03,-0.2366E+02,-0.7977E+02,0.9995948,-0.0239950,-0.0153099
T,901,1,0.2031225E+06,5752275E-03,0.3759E+02,0.2749E+02,0.9997218,0.0183197,0.0148583
T,902,1,0.2033720E+06,5751554E-03,0.9347E+01,-0.1684E+02,0.9999369,-0.0092534,0.0063700
T,903,1,0.2030546E+06,5750588E-03,0.9875E+02,-0.4510E+02,0.9851255,-0.1112745,0.1309414
T,904,1,0.2015411E+06,5751610E-03,0.7366E+02,0.3110E+02,0.9998883,-0.0006272,0.0149358
T,905,1,0.2021737E+06,5752329E-03,-0.3886E+02,0.5267E+02,0.9999698,0.0077036,0.0010604
T,906,1,0.2031777E+06,5752087E-03,-0.4042E+02,0.7185E+02,0.9990885,-0.0221836,0.0364696
T,907,1,0.2026803E+06,5751432E-03,0.8675E+02,-0.1798E+02,0.9983733,0.0140290,0.0552619
T,908,1,0.2027051E+06,5752700E-03,-0.1316E+03,-0.2382E+02,0.9986950,-0.0365395,-0.0356820
T,909,1,0.2023355E+06,5752281E-03,-0.1587E+03,0.1071E+01,0.9992838,-0.0330128,-0.0184939
T,910,1,0.2034777E+06,5752128E-03,-0.1776E+02,0.6994E+02,0.9995588,-0.0230588,0.0187212
T,911,1,0.2045148E+06,5750716E-03,0.1228E+03,0.5443E+02,0.9984892,0.0534164,-0.0128866
T,912,1,0.2046034E+06,5752331E-03,-0.2173E+02,0.3932E+02,0.9997079,0.0234924,0.0056807
T,913,1,0.2045405E+06,5750648E-03,0.5244E+02,0.1799E+03,0.9976184,0.0093414,0.0683400
T,914,1,0.2034077E+06,5750883E-03,-0.1129E+03,-0.8832E+02,0.9981084,-0.0559366,-0.0255092
T,915,1,0.2027709E+06,5752480E-03,0.2261E+03,-0.1316E+03,0.8998770,0.3914013,-0.1924227
T,916,1,0.2039862E+06,5751092E-03,0.5879E+02,-0.9172E+02,0.9993437,0.0145084,-0.0331920
T,917,1,0.2042686E+06,5751367E-03,0.3574E+02,-0.1605E+03,0.9955920,0.0160132,-0.0924133
T,918,1,0.2046392E+06,5752412E-03,-0.1396E+03,0.7790E+02,0.9915776,-0.1295122,-0.0006474
T,919,1,0.2041646E+06,5752784E-03,-0.7171E+02,0.1230E+03,0.9991591,-0.0082450,0.0401646
T,920,1,0.2026982E+06,5751275E-03,0.1944E+01,-0.1598E+03,0.9986802,-0.0439463,-0.0265801
T,921,1,0.2027544E+06,5752205E-03,0.4629E+03,0.2106E+03,0.9895247,0.1345600,0.0522915
T,922,1,0.2031638E+06,5750959E-03,0.9013E+02,-0.1652E+03,0.9986765,0.0018998,-0.0513967
T,923,1,0.2028549E+06,5751580E-03,0.2250E+03,-0.2424E+03,0.9968080,0.0611325,-0.0513484
T,924,1,0.2038101E+06,5752453E-03,-0.5422E+02,-0.6843E+01,0.9995809,-0.0217684,-0.0190807
T,925,1,0.2024480E+06,5751935E-03,0.1050E+03,-0.1267E+03,0.9989830,0.0310713,-0.0326732
T,926,1,0.2042498E+06,5752333E-03,0.5931E+02,0.1634E+02,0.9992222,0.0285469,0.0272049
T,927,1,0.2059282E+06,5751894E-03,0.6318E+02,0.4741E+02,0.9984710,-0.0293806,0.0468236
T,928,1,0.2046966E+06,5752676E-03,0.9806E+01,0.2378E+02,0.9997677,0.0196526,-0.0088500
T,929,1,0.2038499E+06,5750320E-03,-0.4042E+03,-0.3185E+03,0.9945905,-0.0968837,-0.0374619
T,930,1,0.2031089E+06,5750207E-03,-0.1129E+03,0.5968E+02,0.9999692,-0.0078455,-0.0002559
T,931,1,0.2048518E+06,5751070E-03,-0.9868E+02,0.4939E+02,0.9994900,-0.0250424,0.0198126
T,932,1,0.2020565E+06,5751665E-03,-0.7457E+02,-0.1051E+02,0.9998869,0.0076410,-0.0129557
T,933,1,0.2031871E+06,5752718E-03,-0.3301E+00,-0.9298E+01,0.9998524,0.0033073,0.0168603
T,934,1,0.2049421E+06,5752941E-03,-0.2128E+03,-0.6381E+02,0.9940336,-0.0759685,-0.0782690
T,935,1,0.2055238E+06,5752414E-03,-0.1402E+02,-0.4745E+02,0.9993728,0.0350612,0.0049787
T,936,1,0.2037115E+06,5751505E-03,0.8346E+02,-0.5138E+02,0.9995442,0.0291399,0.0078889
T,937,1,0.2036888E+06,5752638E-03,-0.4637E+02,-0.1338E+03,0.9999642,0.0058759,0.0060950
T,938,1,0.2040456E+06,5752473E-03,-0.1237E+03,0.1014E+02,0.9975050,-0.0705404,0.0027838
T,939,1,0.2034290E+06,5752596E-03,-0.1273E+03,-0.5874E+02,0.9985139,-0.0470116,-0.0275660
T,940,1,0.2028257E+06,5751900E-03,0.2544E+03,-0.6610E+02,0.9986764,0.0388527,-0.0337034
T,941,1,0.2043571E+06,5751183E-03,0.9061E+02,0.5966E+02,0.9998460,0.0158604,-0.0075080
T,942,1,0.2022329E+06,5750042E-03,0.4835E+03,-0.3133E+02,0.9930199,0.1173370,-0.0119819
T,943,1,0.2041091E+06,5752089E-03,-0.1307E+02,0.3854E+02,0.9980600,0.0308260,-0.0540928
T,944,1,0.2030825E+06,5752358E-03,-0.5574E+02,0.2675E+02,0.9984809,-0.0488322,0.0255212
T,945,1,0.2038809E+06,5751332E-03,-0.1475E+02,-0.1079E+03,0.9997368,-0.0069766,-0.0218547
T,946,1,0.2024953E+06,5751521E-03,0.3658E+02,0.4487E+02,0.9995700,0.0192853,-0.0220863
T,947,1,0.2022555E+06,5750323E-03,0.1184E+03,-0.2137E+02,0.9991431,0.0322876,0.0258946
T,948,1,0.2014932E+06,5752384E-03,0.1287E+02,-0.3520E+02,0.9990704,-0.0249828,-0.0351319
T,949,1,0.2036364E+06,5751060E-03,0.8528E+02,-0.6848E+02,0.9990731,0.0411366,-0.0126743
T,950,1,0.2043440E+06,5752265E-03,0.5381E+02,-0.5778E+02,0.9998129,0.0178062,-0.0075530
T,951,1,0.2034847E+06,5752571E-03,0.6982E+02,0.1235E+03,0.9981181,0.0303771,0.0532677
T,952,1,0.2039394E+06,5752437E-03,-0.7759E+02,-0.3502E+02,0.9943820,-0.1045869,-0.0163094
T,953,1,0.2025873E+06,5752537E-03,-0.3431E+02,-0.3672E+02,0.9998462,-0.0157801,-0.0076535
T,954,1,0.2026931E+06,5752564E-03,-0.1010E+02,-0.1197E+02,0.9999063,-0.0079120,0.0111689
T,955,1,0.2049996E+06,5751475E-03,0.7539E+02,-0.2637E+02,0.9989425,0.0317176,-0.0332834
T,956,1,0.2025794E+06,5752262E-03,0.1512E+03,0.1524E+02,0.9994818,0.0241103,-0.0213289
T,957,1,0.2039741E+06,5752382E-03,0.3348E+02,-0.4133E+02,0.9995728,0.0289027,0.0043367
T,958,1,0.2036765E+06,5752837E-03,-0.7510E+02,-0.1252E+03,0.9985955,-0.0243410,-0.0470591
T,959,1,0.2023442E+06,5750804E-03,0.8238E+01,0.1109E+03,0.9976727,0.0635100,-0.0248139
T,960,1,0.2042422E+06,5752497E-03,0.7085E+01,0.1589E+03,0.9996226,0.0025989,0.0273484
T,961,1,0.2050193E+06,5750671E-03,0.9902E+02,-0.4351E+02,0.9999077,-0.0035627,-0.0131140
T,962,1,0.2024996E+06,5752371E-03,-0.9862E+01,0.6105E+01,0.9994022,-0.0223319,-0.0263907
T,963,1,0.2042653E+06,5750510E-03,-0.1017E+03,0.1961E+02,0.9977942,-0.0411892,-0.0520588
T,964,1,0.2030693E+06,5752757E-03,0.9016E+01,-0.1591E+01,0.9999094,0.0069680,-0.0115138
T,965,1,0.2045162E+06,5751241E-03,-0.5747E+02,0.8819E+02,0.9987702,0.0361140,0.0339692
T,966,1,0.2036238E+06,5752263E-03,-0.4888E+02,0.1395E+02,0.9998246,-0.0186647,0.0015167
T,967,1,0.2051125E+06,5752531E-03,-0.5257E+02,-0.2101E+02,0.9999294,0.0072059,-0.0094528
T,968,1,0.2053150E+06,5750199E-03,0.7781E+02,-0.9370E+02,0.9965563,0.0728043,-0.0396873
T,969,1,0.2022414E+06,5752596E-03,0.1936E+03,-0.9553E+02,0.9988601,0.0413220,-0.0238973
T,970,1,0.2047362E+06,5750852E-03,0.4818E+02,-0.1072E+03,0.9988667,0.0083379,-0.0468601
T,971,1,0.2027570E+06,5752978E-03,0.1341E+03,0.1450E+03,0.9986661,0.0152446,0.0493326
T,972,1,0.2032160E+06,5752859E-03,-0.2777E+01,0.1279E+03,0.9995843,0.0078105,0.0277519
T,973,1,0.2032600E+06,5752691E-03,0.1079E+03,-0.1495E+03,0.9986725,0.0465261,-0.0221012
T,974,1,0.2037573E+06,5751688E-03,-0.1388E+02,-0.4559E+02,0.9999979,-0.0000090,0.0020585
T,975,1,0.2016107E+06,5752460E-03,-0.5130E+02,0.2541E+02,0.9999182,-0.0110215,0.0064903
T,976,1,0.2022431E+06,5752288E-03,0.4413E+02,0.4830E+02,0.9994490,0.0195439,0.0268289
T,977,1,0.2038182E+06,5750543E-03,0.3907E+02,0.1042E+03,0.9998740,0.0008533,0.0158532
T,978,1,0.2025825E+06,5752064E-03,-0.7647E+02,0.7043E+02,0.9871305,-0.1503372,0.0545162
T,979,1,0.2025256E+06,5752608E-03,0.2817E+02,0.3927E+02,0.9999144,0.0130826,-0.0003256
T,980,1,0.2035555E+06,5751581E-03,0.8366E+02,0.4770E+01,0.9994192,0.0265395,0.0213765
T,981,1,0.2017955E+06,5752402E-03,0.2543E+02,-0.2568E+02,0.9996540,0.0007009,-0.0262951
T,982,1,0.2032114E+06,5752348E-03,-0.2071E+02,-0.9195E+02,0.9971228,-0.0303646,-0.0694565
T,983,1,0.2020871E+06,5752391E-03,-0.3768E+02,0.1525E+03,0.9997242,0.0080773,0.0220507
T,984,1,0.2042965E+06,5751054E-03,0.2289E+02,0.1143E+03,0.9990601,0.0328185,0.0283170
T,985,1,0.2028546E+06,5752323E-03,-0.2150E+02,-0.3687E+02,0.9997645,-0.0052492,0.0210548
T,986,1,0.2034655E+06,5750876E-03,-0.1281E+03,-0.1223E+03,0.9875399,-0.0992872,-0.1220942
T,987,1,0.2035517E+06,5752357E-03,0.7166E+02,0.1082E+02,0.9994130,0.0305654,-0.0154747
T,988,1,0.2017728E+06,5752120E-03,0.1811E+02,-0.2534E+02,0.9998722,0.0156663,-0.0031935
T,989,1,0.2037276E+06,5750191E-03,0.1765E+03,-0.2407E+02,0.9844440,-0.0404893,0.1709698
T,990,1,0.2015621E+06,5752566E-03,-0.1906E+03,-0.2989E+03,0.9962268,-0.0777323,-0.0385982
T,991,1,0.2035434E+06,5751164E-03,0.7911E+02,-0.4299E+02,0.9996564,0.0175117,0.0195063
T,992,1,0.2023320E+06,5751044E-03,-0.2311E+03,0.4525E+02,0.9996191,-0.0105948,0.0254831
T,993,1,0.2038174E+06,5751206E-03,0.9350E+02,-0.8527E+01,0.9990916,0.0295872,0.0306672
T,994,1,0.2026411E+06,5752506E-03,-0.3601E+02,0.9082E+01,0.9975863,-0.0673039,-0.0170786
T,995,1,0.2042967E+06,5750585E-03,-0.5046E+02,0.9604E+02,0.9999651,0.0082152,0.0015292
T,996,1,0.2023999E+06,5751794E-03,0.7510E+01,-0.8566E+02,0.9635672,-0.0503932,-0.2626762
T,997,1,0.2034803E+06,5751465E-03,-0.1067E+04,0.9853E+03,0.9660440,-0.1953750,0.1690788
T,998,1,0.2042781E+06,5752925E-03,-0.7314E+02,0.1201E+03,0.9994905,0.0200986,-0.0247967
T,999,1,0.2047317E+06,5751444E-03,0.2115E+02,-0.8414E+02,0.9996237,0.0247498,-0.0118274
T,1000,1,0.2018314E+06,5752644E-03,0.1355E+03,0.6202E+02,0.9998514,-0.0063290,0.0160359
