T,1,1,0.6142732E+05,5753787E-03,0.1678E+03,-0.3281E+02,0.9968563,0.0787307,0.0088850
T,2,1,0.6112848E+05,5754519E-03,-0.5999E+01,-0.1069E+03,0.9985288,-0.0219455,-0.0495851
T,3,1,0.6120888E+05,5754242E-03,-0.3115E+03,-0.1005E+03,0.9988957,-0.0377092,-0.0280255
T,4,1,0.6137336E+05,5753687E-03,0.1220E+03,0.9860E+02,0.9988232,0.0421220,-0.0240400
T,5,1,0.6117824E+05,5752368E-03,0.1864E+03,-0.1445E+03,0.9946908,0.0971396,-0.0339730
T,6,1,0.6102640E+05,5752878E-03,-0.3652E+03,0.3589E+02,0.9951936,0.0639002,-0.0742049
T,7,1,0.6205027E+05,5755003E-03,0.1907E+03,-0.2168E+03,0.9995459,0.0251595,-0.0165807
T,8,1,0.6120984E+05,5755084E-03,-0.1990E+03,0.1057E+03,0.9991986,-0.0396888,0.0051908
T,9,1,0.6147514E+05,5755395E-03,-0.1310E+03,-0.1898E+03,0.9791197,-0.1456918,-0.1417691
T,10,1,0.6048319E+05,5755356E-03,-0.6449E+02,-0.2855E+02,0.9997487,-0.0219974,-0.0043115
T,11,1,0.5884471E+05,5753695E-03,0.6045E+02,0.6831E+02,0.9996201,-0.0239890,0.0135740
T,12,1,0.6053048E+05,5751427E-03,0.1719E+03,0.1940E+03,0.9866371,0.1362692,-0.0893188
T,13,1,0.6172408E+05,5750466E-03,-0.4117E+03,-0.3309E+02,0.9384956,-0.3448200,-0.0180339
T,14,1,0.6056217E+05,5753830E-03,0.7473E+02,0.1638E+03,0.9977339,0.0646198,0.0187456
T,15,1,0.5892926E+05,5755397E-03,-0.2886E+02,0.4736E+02,0.9996372,0.0268691,-0.0018823
T,16,1,0.6139926E+05,5754991E-03,-0.7150E+02,0.5082E+02,0.9989474,-0.0293057,0.0352871
T,17,1,0.6075077E+05,5753892E-03,-0.3922E+02,0.3640E+02,0.9996991,-0.0215735,-0.0116742
T,18,1,0.6127691E+05,5753399E-03,0.1348E+03,-0.3400E+02,0.9997680,0.0122863,-0.0176916
T,19,1,0.6162745E+05,5752273E-03,0.2410E+03,0.6270E+02,0.9951652,-0.0899638,0.0394050
T,20,1,0.6151972E+05,5752498E-03,0.3028E+03,0.1276E+03,0.9935076,0.0890439,0.0708091
T,21,1,0.6215141E+05,5754089E-03,-0.8302E+02,0.1587E+03,0.9960870,-0.0466126,0.0750861
T,22,1,0.6017334E+05,5753067E-03,-0.1458E+03,-0.7838E+02,0.9908369,-0.0676953,-0.1168746
T,23,1,0.6189513E+05,5753251E-03,-0.2868E+02,0.1293E+03,0.9994695,0.0314817,-0.0083444
T,24,1,0.6100969E+05,5752723E-03,-0.5390E+02,-0.5359E+02,0.9975266,0.0698643,-0.0077244
T,25,1,0.6059423E+05,5753196E-03,0.1183E+02,0.1225E+03,0.9994869,-0.0212543,-0.0239642
T,26,1,0.6041982E+05,5752021E-03,0.4914E+02,0.5037E+03,0.9936452,0.0114875,0.1119696
T,27,1,0.6202933E+05,5751986E-03,-0.8164E+02,-0.1189E+03,0.9904544,-0.0691149,-0.1192607
T,28,1,0.5936782E+05,5751172E-03,0.4348E+02,0.3021E+03,0.9822351,0.1305743,0.1347758
T,29,1,0.6107626E+05,5751608E-03,0.5256E+03,0.9845E+02,0.9909617,0.1315253,0.0263807
T,30,1,0.6062243E+05,5754678E-03,0.1274E+03,0.1032E+03,0.9950091,0.0574498,0.0815867
T,31,1,0.6010518E+05,5752763E-03,-0.1208E+03,0.7924E+02,0.9974668,0.0402091,-0.0586793
T,32,1,0.6261573E+05,5754441E-03,0.1877E+03,-0.1743E+03,0.9981927,-0.0254296,-0.0544483
T,33,1,0.6130848E+05,5754402E-03,0.9571E+02,-0.2251E+03,0.9982720,-0.0583194,-0.0072009
T,34,1,0.5932386E+05,5754723E-03,0.1168E+03,-0.2333E+03,0.9998685,0.0108859,0.0120181
T,35,1,0.6113219E+05,5752702E-03,-0.1639E+03,-0.1217E+03,0.9960462,-0.0808426,-0.0368303
T,36,1,0.5909209E+05,5752085E-03,-0.6878E+03,-0.1794E+03,0.9893949,-0.1402510,-0.0377806
T,37,1,0.5844473E+05,5755405E-03,0.1079E+03,-0.1797E+03,0.9998434,0.0111041,-0.0137787
T,38,1,0.5942304E+05,5754719E-03,-0.1012E+03,-0.4657E+03,0.9551856,-0.0673332,-0.2882475
T,39,1,0.6175369E+05,5752406E-03,0.3049E+03,-0.2007E+03,0.9900408,0.1374194,-0.0305799
T,40,1,0.6082183E+05,5754895E-03,0.2266E+03,0.1938E+03,0.9978995,0.0639120,0.0105787
T,41,1,0.6042241E+05,5753657E-03,0.1320E+03,0.2621E+03,0.9983450,-0.0574679,0.0021892
T,42,1,0.6061614E+05,5752493E-03,0.2659E+03,0.3390E+03,0.9637509,0.2613781,0.0535314
T,43,1,0.6253658E+05,5753259E-03,0.4648E+02,0.1520E+03,0.9992556,-0.0068203,-0.0379694
T,44,1,0.6022973E+05,5751487E-03,-0.3223E+03,0.2343E+03,0.9938161,-0.1091997,0.0201219
T,45,1,0.5956681E+05,5753250E-03,-0.1094E+03,-0.1353E+03,0.9954798,-0.0109822,-0.0943365
T,46,1,0.6015101E+05,5754189E-03,0.5857E+02,-0.1203E+03,0.9972708,-0.0088944,-0.0732923
T,47,1,0.6038996E+05,5755240E-03,0.2844E+03,0.1056E+02,0.9360405,0.3460226,-0.0640039
T,48,1,0.6328690E+05,5752446E-03,-0.1100E+03,0.1701E+02,0.9926500,-0.0984261,-0.0704157
T,49,1,0.6268793E+05,5753611E-03,-0.2049E+03,-0.3786E+02,0.9984136,-0.0422746,-0.0371896
T,50,1,0.6179636E+05,5755845E-03,0.8477E+02,0.2715E+03,0.9850712,0.0316423,0.1692145
T,51,1,0.5911386E+05,5754748E-03,-0.1315E+03,-0.1380E+03,0.9982551,-0.0590418,0.0008857
T,52,1,0.6130106E+05,5750223E-03,0.5958E+02,-0.3499E+03,0.9828845,-0.0987293,-0.1555335
T,53,1,0.6169390E+05,5753114E-03,0.8237E+02,-0.5425E+01,0.9972500,0.0614900,-0.0413701
T,54,1,0.6008970E+05,5755370E-03,-0.7326E+03,-0.3514E+03,0.9821440,-0.1871412,-0.0192701
T,55,1,0.6043497E+05,5752507E-03,-0.2450E+03,0.9765E+02,0.9848919,-0.1249117,0.1199376
T,56,1,0.6157900E+05,5754070E-03,-0.2312E+02,0.1140E+03,0.9998515,-0.0104046,0.0137368
T,57,1,0.5940742E+05,5753904E-03,-0.2240E+03,-0.1571E+03,0.9946299,-0.0810999,-0.0642974
T,58,1,0.5958489E+05,5750572E-03,-0.4611E+03,-0.1598E+03,0.9845469,-0.1750990,0.0027846
T,59,1,0.6142027E+05,5753868E-03,0.1217E+03,0.6291E+02,0.9985160,0.0543729,0.0030644
T,60,1,0.6154479E+05,5752805E-03,0.1273E+03,-0.1904E+03,0.9729744,0.1380836,-0.1850777
T,61,1,0.6209076E+05,5752663E-03,-0.4916E+03,0.8165E+02,0.9896949,-0.1325679,-0.0541273
T,62,1,0.6120654E+05,5751683E-03,0.1817E+03,0.2516E+02,0.9889991,0.1195922,0.0870546
T,63,1,0.6151238E+05,5755501E-03,-0.3557E+03,0.5619E+03,0.9831440,-0.1448696,0.1115380
T,64,1,0.5944696E+05,5752016E-03,-0.4162E+02,-0.3532E+03,0.9920968,-0.1140526,0.0523062
T,65,1,0.6121393E+05,5754300E-03,-0.2741E+01,0.7364E+02,0.9994571,-0.0024372,0.0328566
T,66,1,0.6041633E+05,5751692E-03,0.1268E+03,-0.1981E+03,0.9861663,0.0766457,-0.1469744
T,67,1,0.6029837E+05,5750665E-03,0.2981E+03,0.1183E+03,0.9832400,0.1799539,-0.0292513
T,68,1,0.6048510E+05,5752162E-03,-0.2257E+03,-0.1981E+03,0.9948779,-0.0994682,-0.0180009
T,69,1,0.6145332E+05,5755003E-03,-0.1805E+03,0.2172E+02,0.9976010,-0.0689546,0.0061315
T,70,1,0.6215214E+05,5754067E-03,0.2560E+03,0.1889E+02,0.9988546,0.0471610,-0.0080816
T,71,1,0.6226235E+05,5753957E-03,-0.1021E+03,-0.1965E+01,0.9938907,-0.0957497,0.0548926
T,72,1,0.5958869E+05,5754933E-03,-0.1528E+03,-0.6464E+02,0.9994001,-0.0228943,0.0259866
T,73,1,0.6022343E+05,5754622E-03,0.2421E+03,-0.2210E+03,0.9984708,0.0250428,-0.0492841
T,74,1,0.6232254E+05,5753121E-03,0.1515E+03,-0.2924E+03,0.9978333,0.0003034,-0.0657921
T,75,1,0.6071954E+05,5753293E-03,-0.4610E+02,-0.2869E+02,0.9998907,-0.0147822,0.0001290
T,76,1,0.5968525E+05,5753487E-03,0.3279E+02,-0.2488E+03,0.9997453,0.0143263,-0.0174372
T,77,1,0.6057256E+05,5750070E-03,-0.2646E+03,-0.8160E+03,0.9866808,-0.0592259,-0.1515033
T,78,1,0.6021690E+05,5753549E-03,0.4713E+00,-0.2500E+03,0.9952692,-0.0343671,-0.0908738
T,79,1,0.5940167E+05,5752505E-03,0.1522E+03,0.1471E+03,0.9889695,0.0678016,0.1316904
T,80,1,0.5985507E+05,5752036E-03,0.1065E+03,-0.7709E+02,0.9913535,0.0913492,-0.0942001
T,81,1,0.6064929E+05,5753300E-03,0.3848E+03,-0.4117E+03,0.9938816,0.0754353,-0.0806770
T,82,1,0.5847227E+05,5750832E-03,-0.1282E+04,0.1016E+04,0.9607751,-0.2326779,0.1509048
T,83,1,0.6180097E+05,5754732E-03,-0.2699E+03,0.1968E+01,0.9959264,-0.0802321,0.0411522
T,84,1,0.5858545E+05,5753001E-03,0.1046E+02,-0.1472E+03,0.9982557,-0.0053370,-0.0587968
T,85,1,0.6035942E+05,5753254E-03,0.4217E+03,0.5891E+03,0.9924187,0.0372502,0.1171221
T,86,1,0.6074958E+05,5754254E-03,0.3547E+03,-0.1443E+03,0.9803924,0.1634913,-0.1100064
T,87,1,0.6340834E+05,5754005E-03,0.9639E+02,0.6267E+02,0.9995444,-0.0035481,0.0299737
T,88,1,0.6002910E+05,5753257E-03,-0.1032E+03,0.9300E+02,0.9911695,-0.0937403,0.0937860
T,89,1,0.5896241E+05,5750567E-03,-0.6384E+03,-0.4077E+03,0.9867532,-0.0924787,-0.1332881
T,90,1,0.6016412E+05,5753364E-03,-0.9772E+02,0.1396E+03,0.9927182,-0.0395892,0.1137688
T,91,1,0.6119289E+05,5755439E-03,-0.2171E+03,-0.2191E+03,0.9990073,-0.0350944,0.0274370
T,92,1,0.6112613E+05,5754742E-03,0.6075E+02,0.2376E+03,0.9974228,0.0711879,-0.0089487
T,93,1,0.6196039E+05,5753268E-03,-0.7914E+01,-0.1985E+03,0.9976406,-0.0065486,-0.0683401
T,94,1,0.6145746E+05,5752683E-03,0.8822E+01,0.1638E+03,0.9964734,-0.0455419,-0.0704751
T,95,1,0.6158022E+05,5754185E-03,0.7357E+02,0.1437E+03,0.9982270,-0.0490873,0.0336644
T,96,1,0.5960095E+05,5753802E-03,-0.5063E+03,0.2151E+03,0.9970483,-0.0506859,0.0576676
T,97,1,0.6157108E+05,5754202E-03,-0.1757E+03,0.7801E+02,0.9986615,-0.0516833,0.0020291
T,98,1,0.5635106E+05,5752450E-03,-0.9393E+03,-0.1928E+04,0.9485586,-0.0762283,-0.3072878
T,99,1,0.6303118E+05,5755618E-03,0.7726E+02,-0.6184E+01,0.9999219,0.0110085,0.0059092
T,100,1,0.6149545E+05,5750477E-03,0.1456E+02,0.1863E+03,0.9865288,0.1183936,0.1128888
T,101,1,0.5971094E+05,5754055E-03,0.1586E+03,-0.2682E+03,0.9977281,0.0668728,-0.0081611
T,102,1,0.5905708E+05,5753890E-03,0.1430E+03,-0.1144E+02,0.9990408,-0.0153659,-0.0410034
T,103,1,0.5979038E+05,5753298E-03,-0.1395E+03,0.1397E+03,0.9963498,-0.0599257,0.0607947
T,104,1,0.5990011E+05,5753496E-03,-0.1839E+03,-0.3182E+03,0.9967188,-0.0528532,-0.0613041
T,105,1,0.6197371E+05,5754795E-03,0.2782E+02,-0.7395E+02,0.9988422,0.0142937,-0.0459348
T,106,1,0.5958859E+05,5752810E-03,-0.8874E+02,0.3036E+03,0.9908456,-0.0333373,0.1308187
T,107,1,0.6124020E+05,5753011E-03,0.2009E+03,0.1459E+03,0.9984937,0.0524662,-0.0160532
T,108,1,0.6298009E+05,5752923E-03,0.2092E+03,-0.2304E+03,0.9940602,0.0557146,-0.0934894
T,109,1,0.5950714E+05,5753526E-03,0.6368E+02,0.6304E+02,0.9962895,-0.0116171,0.0852779
T,110,1,0.6006844E+05,5754539E-03,-0.6842E+02,0.1338E+03,0.9978381,-0.0527494,-0.0392005
T,111,1,0.5981803E+05,5754877E-03,0.1212E+03,-0.2059E+03,0.9781611,-0.1703315,-0.1191132
T,112,1,0.5988665E+05,5753362E-03,0.4402E+02,0.6599E+02,0.9939499,-0.1061778,0.0281042
T,113,1,0.5578380E+05,5750693E-03,-0.9032E+03,0.1260E+03,0.8136541,-0.5537837,0.1768914
T,114,1,0.6010029E+05,5753499E-03,-0.7979E+02,-0.3607E+01,0.9959942,0.0349908,-0.0822876
T,115,1,0.6234040E+05,5753838E-03,0.9007E+02,0.2254E+02,0.9993588,0.0298230,0.0198145
T,116,1,0.5938712E+05,5755297E-03,0.1107E+03,0.4521E+03,0.9992684,-0.0266691,0.0274106
T,117,1,0.6027930E+05,5750950E-03,-0.8819E+02,0.3970E+03,0.9893953,-0.0557761,0.1341119
T,118,1,0.5934556E+05,5755051E-03,-0.1914E+03,0.4623E+02,0.9814840,-0.1074173,0.1585899
T,119,1,0.6187873E+05,5753767E-03,-0.4409E+01,-0.3995E+03,0.9963236,-0.0169230,-0.0839817
T,120,1,0.6125521E+05,5752481E-03,0.1598E+03,-0.4028E+03,0.9886905,0.0157692,-0.1491387
T,121,1,0.6154269E+05,5754346E-03,-0.6693E+02,0.2052E+03,0.9909891,0.0371393,0.1286903
T,122,1,0.6080344E+05,5754194E-03,0.4128E+02,-0.8952E+02,0.9981041,0.0329843,-0.0519644
T,123,1,0.6067218E+05,5754294E-03,-0.1654E+02,0.1025E+03,0.9997204,-0.0069989,0.0225852
T,124,1,0.6156018E+05,5755255E-03,0.4030E+03,0.5256E+03,0.9378269,0.2515703,0.2391509
T,125,1,0.6169470E+05,5751265E-03,-0.2058E+02,0.2952E+03,0.9888565,0.0337519,0.1449950
T,126,1,0.6000552E+05,5753483E-03,0.8010E+02,0.1867E+03,0.9977626,-0.0015371,0.0668383
T,127,1,0.6144184E+05,5753952E-03,0.2834E+03,-0.1382E+03,0.9973574,0.0622216,-0.0375058
T,128,1,0.5974869E+05,5753858E-03,-0.2461E+03,-0.8011E+02,0.9788601,-0.1765069,0.1033352
T,129,1,0.6013546E+05,5753840E-03,-0.7843E+02,-0.7279E+02,0.9644303,0.0765273,0.2530174
T,130,1,0.6167009E+05,5754751E-03,0.1896E+03,0.1114E+03,0.9984940,0.0430451,0.0340112
T,131,1,0.6039431E+05,5750556E-03,-0.2108E+03,0.9980E+02,0.9858757,0.0735417,0.1504684
T,132,1,0.5978614E+05,5751020E-03,0.2944E+02,0.2699E+03,0.9918989,-0.0047277,0.1269421
T,133,1,0.5957295E+05,5752348E-03,-0.2177E+03,-0.1152E+03,0.9966185,-0.0793145,-0.0214668
T,134,1,0.6126687E+05,5753972E-03,-0.8014E+02,0.3086E+03,0.9982474,-0.0204094,0.0555480
T,135,1,0.6361621E+05,5752934E-03,0.1812E+03,0.2721E+03,0.9899966,0.0375974,0.1359895
T,136,1,0.5924279E+05,5753837E-03,0.2764E+03,0.1070E+02,0.9962398,0.0793575,-0.0347660
T,137,1,0.6123724E+05,5752987E-03,-0.2002E+02,-0.5727E+01,0.9945509,0.0607365,0.0847324
T,138,1,0.2292891E+05,5753058E-03,0.5898E+04,0.1648E+04,0.7400077,0.6310203,0.2328131
T,139,1,0.6084690E+05,5753253E-03,0.6776E+02,0.6539E+02,0.9927874,0.0974801,-0.0697915
T,140,1,0.6030092E+05,5754676E-03,0.5560E+02,-0.2303E+02,0.9989875,-0.0436718,-0.0108063
T,141,1,0.6150211E+05,5753188E-03,-0.9371E+02,0.2124E+03,0.9993318,-0.0344008,0.0123518
T,142,1,0.6020729E+05,5751418E-03,0.2676E+03,0.6842E+03,0.9660133,-0.0669060,0.2496836
T,143,1,0.6068111E+05,5753321E-03,0.5355E+01,0.3476E+00,0.9945979,-0.0829301,-0.0624311
T,144,1,0.6088605E+05,5750754E-03,0.1224E+03,-0.3864E+03,0.9850826,0.0389624,-0.1676130
T,145,1,0.5995004E+05,5750647E-03,0.1413E+03,0.5823E+03,0.9847167,-0.0340166,0.1708096
T,146,1,0.5986195E+05,5754941E-03,0.1165E+03,0.7298E+02,0.9976393,0.0482802,0.0488348
T,147,1,0.6054036E+05,5751191E-03,-0.3366E+03,-0.4703E+03,0.9919679,-0.0879671,-0.0908931
T,148,1,0.6021480E+05,5754617E-03,-0.1937E+03,0.1085E+03,0.9984728,-0.0392869,0.0388411
T,149,1,0.6043724E+05,5754496E-03,-0.1701E+03,-0.3709E+01,0.9974124,-0.0672937,0.0252987
T,150,1,0.6186821E+05,5755284E-03,0.1012E+03,0.7702E+02,0.9985723,-0.0365132,-0.0389879
T,151,1,0.5767843E+05,5754998E-03,0.1299E+03,0.6778E+03,0.9857412,0.0980217,0.1367698
T,152,1,0.6060661E+05,5753336E-03,-0.7285E+01,0.2508E+03,0.9979286,-0.0643262,-0.0008342
T,153,1,0.6043319E+05,5753359E-03,0.2620E+02,0.1405E+03,0.9992196,0.0390375,0.0060235
T,154,1,0.5988463E+05,5753546E-03,-0.1059E+03,-0.5297E+02,0.9988770,-0.0166575,-0.0443538
T,155,1,0.6101745E+05,5755160E-03,0.1172E+03,-0.6720E+02,0.9993316,0.0216964,-0.0294224
T,156,1,0.6173026E+05,5753625E-03,0.6330E+02,0.2921E+03,0.9979901,-0.0344446,0.0531905
T,157,1,0.6204335E+05,5755795E-03,0.6479E+02,0.1814E+03,0.9783893,0.1965514,0.0642027
T,158,1,0.6319145E+05,5751976E-03,-0.1267E+02,-0.7452E+02,0.9934789,0.0177255,-0.1126300
T,159,1,0.5848104E+05,5753573E-03,0.6782E+02,0.4236E+03,0.9916794,-0.0181317,0.1274490
T,160,1,0.6202108E+05,5752241E-03,0.3775E+03,-0.2390E+03,0.9626183,0.2640218,-0.0604853
T,161,1,0.6083644E+05,5753959E-03,-0.1970E+02,-0.8033E+02,0.9951616,-0.0673138,-0.0715699
T,162,1,0.5969614E+05,5752701E-03,0.2097E+03,0.1673E+03,0.9963279,0.0518511,0.0681332
T,163,1,0.5954392E+05,5752797E-03,0.1194E+03,0.6865E+02,0.9979906,0.0468080,-0.0427045
T,164,1,0.6032941E+05,5752386E-03,-0.1738E+03,0.7460E+02,0.9947758,-0.0471807,0.0905270
T,165,1,0.5974923E+05,5752578E-03,-0.2750E+03,-0.4011E+03,0.9903612,-0.0776027,-0.1147277
T,166,1,0.6050400E+05,5750788E-03,0.1851E+03,-0.1176E+03,0.9955294,0.0939639,-0.0095938
T,167,1,0.6392187E+05,5752976E-03,-0.7597E+02,0.1417E+02,0.9936905,-0.0927260,0.0630963
T,168,1,0.6113397E+05,5753167E-03,0.1866E+03,0.6102E+02,0.9993080,0.0132216,0.0347677
T,169,1,0.6163380E+05,5751992E-03,0.2614E+03,-0.5744E+03,0.9863088,0.0613301,-0.1530803
T,170,1,0.5970940E+05,5752953E-03,-0.1507E+02,-0.2456E+03,0.9935294,0.0458064,-0.1039279
T,171,1,0.5838821E+05,5752713E-03,0.2999E+03,-0.6829E+03,0.9946300,-0.1028049,-0.0119279
T,172,1,0.6224416E+05,5753488E-03,0.1336E+03,0.2216E+02,0.9995610,0.0184226,-0.0232059
T,173,1,0.6170860E+05,5752909E-03,-0.6072E+02,0.1888E+03,0.9904838,-0.0890809,0.1049113
T,174,1,0.6098983E+05,5754571E-03,-0.4862E+02,0.3168E+02,0.9995325,-0.0304996,0.0021326
T,175,1,0.6132104E+05,5753106E-03,0.1516E+03,-0.7066E+02,0.9959139,0.0272305,-0.0861049
T,176,1,0.6126807E+05,5752729E-03,-0.3529E+03,0.1923E+03,0.9980457,-0.0623727,0.0037928
T,177,1,0.6104335E+05,5753165E-03,-0.8590E+02,-0.1881E+03,0.9995940,-0.0279717,-0.0054218
T,178,1,0.6069272E+05,5751494E-03,-0.1219E+03,-0.6786E+03,0.9815450,-0.1886220,0.0314822
T,179,1,0.6043835E+05,5754354E-03,-0.6077E+02,0.1201E+02,0.9974201,-0.0702043,-0.0149835
T,180,1,0.5960365E+05,5755646E-03,-0.7858E+01,0.2284E+02,0.9997978,0.0086089,0.0181714
T,181,1,0.6111821E+05,5752427E-03,0.1456E+03,-0.1916E+03,0.9920169,0.1047343,-0.0702367
T,182,1,0.6029005E+05,5753989E-03,0.9704E+02,-0.5001E+02,0.9996268,0.0237361,-0.0135195
T,183,1,0.6163365E+05,5754020E-03,0.5227E+02,-0.8785E+02,0.9939120,0.0362758,-0.1040338
T,184,1,0.5903504E+05,5754011E-03,0.2182E+02,0.2595E+03,0.9959107,0.0717804,0.0548583
T,185,1,0.5970791E+05,5753765E-03,-0.3807E+02,-0.1459E+03,0.9996212,0.0057102,0.0269234
T,186,1,0.5998862E+05,5755240E-03,-0.7519E+02,0.3742E+02,0.9996692,-0.0124083,0.0225265
T,187,1,0.6047885E+05,5751575E-03,0.2693E+03,-0.2532E+03,0.9904291,0.0803127,-0.1122497
T,188,1,0.6161489E+05,5753117E-03,0.1110E+03,-0.7669E+02,0.9995235,0.0131093,0.0279451
T,189,1,0.6173188E+05,5750099E-03,-0.1201E+02,0.2571E+03,0.9851877,-0.0505161,0.1638697
T,190,1,0.6261478E+05,5753041E-03,0.1285E+03,-0.9637E+02,0.9992741,0.0325538,-0.0197889
T,191,1,0.6152494E+05,5753195E-03,0.1156E+03,0.2961E+03,0.9925267,0.0633036,0.1043233
T,192,1,0.6003597E+05,5755241E-03,0.2049E+03,-0.5541E+02,0.9993094,0.0370315,-0.0030729
T,193,1,0.6157054E+05,5752877E-03,0.3396E+03,-0.2022E+02,0.9955443,0.0795394,-0.0506454
T,194,1,0.5957118E+05,5753278E-03,0.2165E+02,0.3212E+03,0.9932492,0.0318204,0.1115502
T,195,1,0.6202542E+05,5751634E-03,0.3714E+03,-0.3577E+03,0.9931166,0.0998328,-0.0612603
T,196,1,0.6113126E+05,5752067E-03,0.2444E+03,0.3526E+03,0.9934805,0.0814439,0.0797704
T,197,1,0.6092865E+05,5754255E-03,0.3963E+01,-0.1894E+03,0.9940226,0.0914952,0.0595623
T,198,1,0.6108931E+05,5751719E-03,0.5176E+03,-0.1444E+03,0.9916298,0.1247098,-0.0334335
T,199,1,0.6033550E+05,5754892E-03,-0.1426E+02,-0.8561E+02,0.9994683,-0.0132064,-0.0298119
T,200,1,0.6058186E+05,5755609E-03,0.1869E+03,-0.1082E+03,0.9841036,0.1557510,-0.0853335
T,201,1,0.6151865E+05,5750381E-03,0.3539E+03,-0.1722E+02,0.9878419,0.1553444,0.0060442
T,202,1,0.6110379E+05,5753655E-03,-0.1900E+02,0.8621E+02,0.9984276,-0.0351296,0.0436832
T,203,1,0.6141463E+05,5755110E-03,0.1283E+03,-0.3869E+03,0.9976663,0.0120948,-0.0671985
T,204,1,0.6207306E+05,5755387E-03,-0.2841E+02,-0.9767E+00,0.9994961,-0.0283427,-0.0142889
T,205,1,0.6142929E+05,5754162E-03,0.1847E+03,-0.1397E+03,0.9979834,0.0163635,-0.0613307
T,206,1,0.6266797E+05,5753326E-03,-0.3062E+03,-0.1495E+03,0.9924789,-0.1009038,-0.0693118
T,207,1,0.6006091E+05,5754882E-03,-0.5670E-01,0.2072E+03,0.9986470,-0.0304322,0.0421676
T,208,1,0.6100760E+05,5751666E-03,-0.3092E+03,0.4031E+03,0.9924916,-0.0857087,0.0872611
T,209,1,0.5968488E+05,5753363E-03,0.1037E+03,-0.1791E+03,0.9974121,0.0532541,-0.0483028
T,210,1,0.6247262E+05,5753893E-03,0.2870E+03,-0.8523E+02,0.9956877,0.0850066,-0.0371477
T,211,1,0.6366835E+05,5755586E-03,-0.9293E+02,0.1549E+03,0.9998042,-0.0107826,-0.0165910
T,212,1,0.6087486E+05,5753669E-03,-0.7984E+02,-0.8535E+02,0.9998839,-0.0103215,-0.0112109
T,213,1,0.6114991E+05,5753512E-03,0.4359E+03,0.1257E+03,0.9928028,0.1147605,0.0342439
T,214,1,0.6207729E+05,5754707E-03,-0.5549E+02,0.4571E+02,0.9963552,0.0163731,0.0837152
T,215,1,0.6301989E+05,5750944E-03,0.8329E+01,-0.2577E+02,0.9904108,0.0776538,-0.1142647
T,216,1,0.6069103E+05,5753167E-03,0.3478E+03,-0.9337E+02,0.9997518,0.0089273,-0.0204096
T,217,1,0.6245288E+05,5754508E-03,0.1888E+03,-0.2643E+03,0.9993938,0.0288009,-0.0195609
T,218,1,0.4996413E+05,5754480E-03,-0.5257E+03,-0.3037E+04,0.8608917,-0.1022573,-0.4984064
T,219,1,0.6045623E+05,5753945E-03,-0.1124E+02,0.1710E+03,0.9982469,-0.0472188,0.0356874
T,220,1,0.6149452E+05,5754628E-03,-0.2339E+02,-0.1572E+03,0.9995846,-0.0005778,-0.0288134
T,221,1,0.6057926E+05,5754326E-03,-0.1102E+03,-0.9835E+02,0.9959938,0.0772397,-0.0450588
T,222,1,0.6027887E+05,5755090E-03,-0.5524E+02,0.3791E+02,0.9997372,-0.0130829,-0.0188240
T,223,1,0.5994189E+05,5754455E-03,-0.2138E+03,-0.6703E+02,0.9968142,0.0123334,-0.0787996
T,224,1,0.6103975E+05,5755479E-03,-0.9448E+01,-0.1476E+03,0.9991040,0.0211177,-0.0366774
T,225,1,0.6025420E+05,5753286E-03,0.1872E+03,0.1265E+03,0.9710325,-0.1321372,0.1990870
T,226,1,0.6104828E+05,5753986E-03,-0.4237E+02,-0.6414E+02,0.9983523,-0.0127834,-0.0559398
T,227,1,0.6128973E+05,5753440E-03,0.3436E+03,-0.6198E+02,0.9922308,0.1221517,-0.0235994
T,228,1,0.6171668E+05,5754454E-03,-0.1036E+03,-0.3264E+03,0.9982734,-0.0461738,0.0363080
T,229,1,0.5942120E+05,5754599E-03,-0.1178E+03,0.3127E+02,0.9977898,-0.0645067,0.0159495
T,230,1,0.6223091E+05,5751776E-03,-0.1093E+03,0.1597E+03,0.9937301,-0.1116146,0.0065364
T,231,1,0.6198510E+05,5753965E-03,-0.1613E+03,-0.1027E+03,0.9997517,-0.0210660,-0.0072688
T,232,1,0.6044589E+05,5752018E-03,0.2998E+03,0.9227E+02,0.9951388,-0.0240042,0.0955123
T,233,1,0.6133374E+05,5753611E-03,-0.8997E+02,0.7379E+02,0.9995693,0.0228921,0.0183631
T,234,1,0.6156915E+05,5754567E-03,-0.2099E+03,0.1866E+03,0.9989907,-0.0416042,0.0169339
T,235,1,0.6195704E+05,5753772E-03,-0.3851E+03,-0.2520E+03,0.9979559,-0.0517658,-0.0374739
T,236,1,0.5615982E+05,5753635E-03,0.4555E+03,-0.1034E+04,0.8887995,0.1712463,-0.4251002
T,237,1,0.6007424E+05,5752635E-03,0.2530E+03,-0.1688E+03,0.9974811,0.0614638,-0.0354083
T,238,1,0.6108415E+05,5753484E-03,0.3011E+03,-0.8712E+02,0.9968916,0.0377988,-0.0691259
T,239,1,0.6153536E+05,5755299E-03,-0.6202E+02,-0.1578E+03,0.9988459,-0.0153033,-0.0455261
T,240,1,0.6072477E+05,5753460E-03,0.3572E+02,0.2736E+03,0.9989815,0.0374266,0.0252046
T,241,1,0.6150425E+05,5752352E-03,-0.1459E+03,0.3545E+02,0.9957368,-0.0917993,-0.0090070
T,242,1,0.6057397E+05,5755121E-03,0.7669E+02,0.1907E+02,0.9994053,-0.0342158,-0.0042875
T,243,1,0.6207900E+05,5754755E-03,-0.1557E+03,-0.1266E+03,0.9991688,0.0404124,-0.0053376
T,244,1,0.6210927E+05,5754517E-03,-0.9139E+02,0.1667E+03,0.9996779,0.0095349,0.0235209
T,245,1,0.6069374E+05,5754612E-03,-0.1148E+03,-0.1649E+03,0.9984001,-0.0500145,0.0263796
T,246,1,0.6124384E+05,5752296E-03,0.2241E+03,-0.3778E+03,0.9913894,0.0799032,-0.1037423
T,247,1,0.6168902E+05,5751312E-03,0.2335E+03,-0.2126E+03,0.9858102,0.1638249,-0.0366002
T,248,1,0.6101081E+05,5752557E-03,-0.1012E+03,-0.4997E+02,0.9962304,-0.0866767,-0.0034833
T,249,1,0.6280072E+05,5754112E-03,0.2894E+02,-0.1920E+02,0.9975685,0.0046046,-0.0695401
T,250,1,0.5910619E+05,5753068E-03,0.1698E+03,-0.2557E+02,0.9986246,0.0522065,0.0048413
T,251,1,0.6136752E+05,5753837E-03,-0.5710E+02,0.9983E+02,0.9996470,-0.0265366,-0.0012598
T,252,1,0.5592369E+05,5754968E-03,-0.6176E+03,-0.1414E+04,0.8437473,-0.2938716,-0.4491436
T,253,1,0.5827201E+05,5752051E-03,0.2142E+03,-0.4280E+03,0.8697330,0.0571309,-0.4902047
T,254,1,0.6021064E+05,5753384E-03,0.6002E+03,0.1158E+03,0.9768642,0.2117229,0.0301615
T,255,1,0.6121487E+05,5751868E-03,-0.2059E+03,-0.1396E+02,0.9923913,-0.1100702,-0.0551726
T,256,1,0.6165767E+05,5755490E-03,0.3890E+02,0.4320E+02,0.9996603,0.0243160,0.0093835
T,257,1,0.6146285E+05,5752464E-03,0.9608E+02,-0.4356E+03,0.9955309,0.0194010,-0.0924219
T,258,1,0.5945769E+05,5752463E-03,-0.7515E+03,-0.2266E+03,0.9888701,-0.1302369,-0.0719323
T,259,1,0.5785051E+05,5754087E-03,0.1217E+04,0.1096E+04,0.9181918,0.2724694,0.2875486
T,260,1,0.5899372E+05,5753038E-03,-0.1775E+03,0.3520E+03,0.9916103,-0.0894306,0.0933340
T,261,1,0.5887757E+05,5754979E-03,-0.1691E+03,-0.6171E+01,0.9991344,-0.0415458,0.0020911
T,262,1,0.6129211E+05,5754164E-03,0.4364E+02,0.1514E+03,0.9969335,0.0628993,0.0465543
T,263,1,0.6159117E+05,5750617E-03,-0.1819E+03,0.2998E+02,0.9855880,-0.1161016,-0.1230310
T,264,1,0.6004949E+05,5752722E-03,-0.1981E+03,0.1762E+03,0.9942889,-0.0710544,0.0796293
T,265,1,0.6178310E+05,5753905E-03,0.7917E+02,0.1668E+03,0.9969494,0.0439201,0.0645206
T,266,1,0.5883096E+05,5753054E-03,0.1535E+03,0.1486E+03,0.9949986,0.0670165,0.0740720
T,267,1,0.5849419E+05,5751485E-03,0.3287E+03,0.2057E+03,0.9864975,0.1316971,0.0973574
T,268,1,0.6109637E+05,5752474E-03,0.1363E+03,0.2601E+02,0.9970265,-0.0028618,0.0770058
T,269,1,0.6057582E+05,5754348E-03,-0.1600E+03,-0.1357E+03,0.9997091,-0.0130010,-0.0203152
T,270,1,0.5945021E+05,5755143E-03,-0.1355E+03,0.1656E+03,0.9776975,-0.0442463,0.2053045
T,271,1,0.5992176E+05,5754277E-03,-0.9088E+02,0.3498E+03,0.9978358,0.0043688,0.0656101
T,272,1,0.6025479E+05,5750287E-03,0.8052E+02,-0.3711E+03,0.9877668,0.0277439,-0.1534504
T,273,1,0.6213830E+05,5751471E-03,-0.1725E+03,-0.1650E+03,0.9887562,-0.1182581,-0.0915220
T,274,1,0.6128499E+05,5752051E-03,-0.3167E+03,-0.2266E+03,0.9928323,-0.0604438,-0.1031051
T,275,1,0.6096493E+05,5754433E-03,-0.1874E+02,-0.6324E+02,0.9975066,-0.0704295,-0.0045022
T,276,1,0.6124637E+05,5753143E-03,-0.4228E+02,-0.2573E+03,0.9976222,-0.0330972,-0.0604526
T,277,1,0.6169149E+05,5752985E-03,0.1945E+03,0.1041E+03,0.9946120,0.0774212,0.0689418
T,278,1,0.6083668E+05,5752356E-03,0.3722E+03,-0.1106E+03,0.9669775,0.2367271,0.0944188
T,279,1,0.6005924E+05,5752326E-03,-0.6871E+02,0.2503E+03,0.9913332,0.0313242,0.1275822
T,280,1,0.6185803E+05,5753735E-03,-0.1259E+03,-0.1086E+03,0.9989221,0.0462735,0.0036477
T,281,1,0.6336586E+05,5753230E-03,0.4456E+03,0.8640E+01,0.9928482,0.1190336,0.0091300
T,282,1,0.6047802E+05,5754939E-03,-0.8050E+02,-0.2091E+03,0.9988630,-0.0276856,-0.0388088
T,283,1,0.6111851E+05,5754532E-03,-0.3141E+02,-0.1682E+03,0.9967491,-0.0786600,0.0174322
T,284,1,0.6002083E+05,5753103E-03,-0.6416E+02,-0.1972E+03,0.9969422,-0.0432813,-0.0650621
T,285,1,0.6206939E+05,5753111E-03,0.2091E+03,-0.2940E+01,0.9946014,0.0580058,0.0860430
T,286,1,0.5919159E+05,5754928E-03,-0.8753E+02,0.3774E+02,0.9985613,-0.0519073,0.0134516
T,287,1,0.6151189E+05,5754100E-03,-0.1028E+03,-0.1932E+02,0.9987524,-0.0438754,-0.0238444
T,288,1,0.6210467E+05,5754324E-03,-0.1186E+03,-0.1301E+03,0.9967816,-0.0370902,-0.0710688
T,289,1,0.5996150E+05,5755283E-03,0.4072E+02,0.6295E+02,0.9998774,-0.0032640,-0.0153143
T,290,1,0.6156406E+05,5754736E-03,0.1240E+03,-0.1248E+03,0.9990033,0.0408491,-0.0179958
T,291,1,0.6061599E+05,5752895E-03,-0.3745E+00,0.3088E+03,0.9969389,-0.0324272,0.0711429
T,292,1,0.5961130E+05,5754515E-03,-0.8820E+02,0.2522E+03,0.9964874,-0.0306517,0.0779321
T,293,1,0.6189805E+05,5753344E-03,0.1160E+03,-0.3295E+02,0.9995192,-0.0229683,-0.0208302
T,294,1,0.5977902E+05,5750042E-03,0.1632E+03,0.1014E+02,0.8764761,0.0668429,0.4767826
T,295,1,0.6154282E+05,5752376E-03,0.1946E+03,0.1001E+03,0.9938368,0.1106363,-0.0069303
T,296,1,0.5777720E+05,5753925E-03,0.1250E+03,-0.1463E+03,0.9896260,0.0844612,-0.1162183
T,297,1,0.6019356E+05,5753142E-03,0.1641E+03,-0.1662E+03,0.9934301,0.1137968,0.0121195
T,298,1,0.6019805E+05,5753567E-03,0.5079E+02,0.1078E+03,0.9989589,0.0456044,-0.0011625
T,299,1,0.6200868E+05,5753455E-03,0.1352E+03,0.1821E+03,0.9973341,0.0559075,0.0468932
T,300,1,0.6122058E+05,5754938E-03,0.1410E+03,-0.1779E+03,0.9805622,0.1781781,-0.0821608
T,301,1,0.6123111E+05,5753746E-03,0.3627E+02,0.1161E+03,0.9969113,0.0049286,0.0783815
T,302,1,0.6330164E+05,5754176E-03,-0.2409E+02,-0.4863E+02,0.9996652,-0.0241617,0.0092550
T,303,1,0.5934210E+05,5750255E-03,0.3286E+01,0.5337E+03,0.9864625,0.0950003,0.1336666
T,304,1,0.6095891E+05,5752097E-03,-0.1878E+03,-0.5204E+03,0.9893148,-0.0210180,-0.1442723
T,305,1,0.6085922E+05,5751672E-03,0.4311E+02,0.1151E+03,0.9866817,0.1080045,0.1216320
T,306,1,0.6203210E+05,5754139E-03,-0.8736E+02,-0.1881E+03,0.9966536,0.0293655,-0.0762843
T,307,1,0.6117268E+05,5753914E-03,-0.2857E+03,-0.3222E+03,0.9945085,-0.0596182,-0.0860151
T,308,1,0.5953126E+05,5753752E-03,-0.4130E+02,0.3420E+03,0.9990714,-0.0274504,0.0332083
T,309,1,0.5827926E+05,5751575E-03,0.4607E+02,0.2229E+03,0.9779891,0.1957128,0.0723457
T,310,1,0.6117381E+05,5750207E-03,-0.4669E+01,-0.5886E+02,0.9875407,0.0264617,-0.1551229
T,311,1,0.5965382E+05,5752830E-03,-0.4496E+02,0.4026E+02,0.9983889,0.0369061,0.0430994
T,312,1,0.6152580E+05,5754173E-03,-0.1222E+02,-0.2094E+03,0.9979609,0.0621542,-0.0145195
T,313,1,0.6172173E+05,5754856E-03,0.1735E+02,-0.1541E+03,0.9976997,0.0265221,-0.0623843
T,314,1,0.6010936E+05,5752880E-03,0.4555E+03,-0.1691E+03,0.9697464,0.2299977,-0.0818108
T,315,1,0.6011108E+05,5755665E-03,-0.7821E+02,0.1175E+03,0.9999221,0.0100203,-0.0074365
T,316,1,0.6050156E+05,5752306E-03,-0.4332E+03,0.2450E+02,0.9656689,-0.2556298,-0.0462282
T,317,1,0.6045026E+05,5750932E-03,0.3624E+03,-0.2681E+03,0.9914935,0.0883648,-0.0955628
T,318,1,0.6109198E+05,5753081E-03,-0.1413E+02,0.2299E+02,0.9942859,-0.1066900,0.0035811
T,319,1,0.6023791E+05,5755452E-03,-0.1068E+04,0.7833E+02,0.9623842,-0.2711140,0.0177129
T,320,1,0.6082434E+05,5753396E-03,-0.1699E+03,0.4737E+02,0.9930825,-0.1166309,-0.0135789
T,321,1,0.6293269E+05,5755073E-03,0.3134E+02,-0.1842E+02,0.9989272,0.0383853,0.0259023
T,322,1,0.6084012E+05,5754250E-03,0.2605E+01,-0.1694E+02,0.9978640,0.0215194,-0.0616787
T,323,1,0.6132398E+05,5753132E-03,0.7793E+02,0.2085E+03,0.9987344,-0.0022707,0.0502439
T,324,1,0.6056776E+05,5751285E-03,-0.5812E+02,0.1470E+03,0.9923036,-0.0754109,0.0982180
T,325,1,0.6102206E+05,5753747E-03,0.9583E+02,-0.2897E+03,0.9945143,-0.0079243,-0.1043001
T,326,1,0.5845797E+05,5755039E-03,-0.1309E+03,0.9562E+02,0.9985466,-0.0096631,0.0530213
T,327,1,0.6181281E+05,5755647E-03,0.6756E+02,-0.1757E+02,0.9999732,0.0003832,0.0073052
T,328,1,0.6246858E+05,5754342E-03,-0.1727E+03,0.7099E+02,0.9995567,-0.0272115,-0.0120791
T,329,1,0.5753271E+05,5753774E-03,-0.7203E+03,0.1895E+03,0.6574114,-0.6742888,0.3363702
T,330,1,0.6113706E+05,5753423E-03,0.2711E+03,-0.4414E+02,0.9922872,0.1237418,-0.0073608
T,331,1,0.5781939E+05,5753541E-03,0.6634E+03,-0.2347E+03,0.8230866,0.5232676,-0.2207248
T,332,1,0.5996157E+05,5752287E-03,0.1608E+03,0.1998E+03,0.9963977,0.0034517,0.0847332
T,333,1,0.6141415E+05,5755496E-03,-0.2600E+03,-0.4937E+03,0.9847989,-0.1345102,-0.1099007
T,334,1,0.5982003E+05,5753374E-03,0.2119E+03,-0.8264E+02,0.9997195,0.0174247,0.0160404
T,335,1,0.6187158E+05,5751822E-03,0.9744E+02,0.4673E+03,0.9864583,-0.0349736,0.1602401
T,336,1,0.6181682E+05,5753386E-03,0.2246E+02,-0.2418E+03,0.9976977,-0.0275781,-0.0619575
T,337,1,0.5979100E+05,5752471E-03,0.4174E+02,0.1121E+03,0.9976636,0.0287119,0.0619914
T,338,1,0.6186448E+05,5754150E-03,-0.5019E+02,-0.7287E+02,0.9980586,-0.0596298,0.0179809
T,339,1,0.6334268E+05,5753262E-03,0.2428E+03,0.1377E+03,0.9971891,0.0366098,-0.0653723
T,340,1,0.6051780E+05,5751755E-03,-0.6321E+02,-0.2250E+02,0.9927502,0.0164969,-0.1190583
T,341,1,0.5916446E+05,5753921E-03,-0.1873E+03,-0.1914E+03,0.9978226,-0.0614360,-0.0239913
T,342,1,0.6023754E+05,5753568E-03,0.1258E+03,0.1082E+02,0.9982075,0.0540966,0.0256003
T,343,1,0.5986237E+05,5751864E-03,-0.4659E+03,0.2985E+03,0.9904411,-0.1012949,0.0936260
T,344,1,0.5923737E+05,5754928E-03,0.1478E+03,0.1284E+02,0.9994549,-0.0118641,0.0308075
T,345,1,0.5958678E+05,5753929E-03,-0.7179E+02,-0.7127E+02,0.9995512,0.0250552,-0.0164200
T,346,1,0.5930617E+05,5751566E-03,-0.2337E+02,-0.4809E+03,0.9230067,-0.0484548,-0.3817207
T,347,1,0.5973762E+05,5754904E-03,-0.9829E+02,-0.8198E+02,0.9978622,0.0530790,-0.0381256
T,348,1,0.6199519E+05,5753290E-03,0.7592E+02,0.2311E+02,0.9932896,0.0452615,0.1064290
T,349,1,0.6124320E+05,5753593E-03,-0.5527E+02,0.3989E+03,0.9977446,-0.0232462,0.0629713
T,350,1,0.6105507E+05,5753491E-03,-0.3944E+03,-0.1352E+03,0.9991850,-0.0384790,-0.0121967
T,351,1,0.6006798E+05,5754284E-03,0.1334E+03,-0.1098E+03,0.9976166,0.0592305,-0.0353948
T,352,1,0.6224760E+05,5754983E-03,0.2180E+03,0.2754E+03,0.9766795,0.1922003,0.0956879
T,353,1,0.6002054E+05,5752744E-03,0.1134E+03,-0.4193E+02,0.9981976,-0.0599823,-0.0018939
T,354,1,0.6110307E+05,5752869E-03,0.2127E+03,-0.1305E+03,0.9931039,0.0862559,-0.0794012
T,355,1,0.6181529E+05,5753617E-03,-0.8461E+02,0.8380E+02,0.9992854,-0.0239839,0.0292139
T,356,1,0.5962457E+05,5754567E-03,0.1249E+03,-0.9417E+02,0.9969781,0.0764026,-0.0140443
T,357,1,0.6259454E+05,5754288E-03,-0.2772E+02,-0.4239E+02,0.9963625,-0.0459247,-0.0717817
T,358,1,0.6166035E+05,5753206E-03,-0.4292E+03,0.1831E+03,0.9963000,-0.0800388,-0.0313069
T,359,1,0.5954631E+05,5750457E-03,-0.1939E+03,0.1568E+03,0.9846457,-0.1701176,-0.0391510
T,360,1,0.6143739E+05,5753784E-03,0.9679E+02,0.6059E+02,0.9987968,0.0458449,0.0174101
T,361,1,0.6046762E+05,5751657E-03,-0.1193E+02,-0.3570E+03,0.9911758,-0.0397295,-0.1264601
T,362,1,0.5965056E+05,5753397E-03,-0.1064E+03,-0.4546E+02,0.9989478,-0.0435925,-0.0142449
T,363,1,0.6021690E+05,5753233E-03,-0.6786E+02,0.7740E+02,0.9967882,-0.0018255,0.0800616
T,364,1,0.5990887E+05,5753670E-03,0.1289E+03,-0.1687E+03,0.9998975,0.0138343,-0.0036924
T,365,1,0.6163282E+05,5752115E-03,0.6114E+02,-0.2572E+02,0.9915872,-0.0461407,-0.1209377
T,366,1,0.6106369E+05,5753201E-03,-0.1156E+03,-0.6294E+02,0.9959849,-0.0705995,-0.0550433
T,367,1,0.6190938E+05,5752790E-03,-0.3018E+02,0.2679E+03,0.9944154,0.0057563,0.1053801
T,368,1,0.5775342E+05,5754662E-03,0.7922E+02,-0.2463E+03,0.9963965,0.0783717,-0.0324317
T,369,1,0.6168906E+05,5751619E-03,-0.6648E+02,-0.4532E+03,0.9905238,-0.0562990,-0.1252722
T,370,1,0.6096271E+05,5753550E-03,-0.1487E+03,0.8272E+02,0.9911783,-0.0411018,0.1260010
T,371,1,0.6108534E+05,5754015E-03,0.7996E+02,-0.3118E+03,0.9977013,0.0053826,-0.0675506
T,372,1,0.5988526E+05,5754125E-03,-0.1052E+03,-0.4290E+03,0.9965783,-0.0561908,-0.0606165
T,373,1,0.6230856E+05,5754443E-03,0.4888E+02,-0.1093E+03,0.9986145,0.0092454,-0.0518031
T,374,1,0.6178571E+05,5750594E-03,-0.1605E+03,0.2851E+03,0.9816399,-0.1152815,0.1519648
T,375,1,0.6142957E+05,5752807E-03,0.1041E+03,-0.1654E+03,0.9966359,0.0614018,-0.0542839
T,376,1,0.6292814E+05,5755115E-03,0.1092E+03,0.1063E+03,0.9980120,0.0539449,0.0325895
T,377,1,0.6095561E+05,5753610E-03,-0.6601E+02,-0.2797E+03,0.9975180,0.0052614,-0.0702144
T,378,1,0.6171530E+05,5753891E-03,0.7763E+01,-0.1021E+03,0.9992093,0.0387371,-0.0089544
T,379,1,0.5975389E+05,5753115E-03,-0.3231E+03,-0.1711E+03,0.9902223,-0.0535354,-0.1288164
T,380,1,0.6179801E+05,5754459E-03,-0.2933E+02,0.5630E+02,0.9989830,0.0243921,0.0379220
T,381,1,0.6030764E+05,5754717E-03,0.9833E+01,-0.5636E+01,0.9987645,-0.0415333,-0.0272842
T,382,1,0.6066099E+05,5751792E-03,0.5239E+02,-0.1990E+03,0.9874624,0.0369078,-0.1534789
T,383,1,0.6299091E+05,5751665E-03,0.5678E+02,0.1423E+03,0.9656255,-0.2552513,0.0491342
T,384,1,0.6308528E+05,5753618E-03,0.5953E+02,0.4485E+02,0.9955151,-0.0004165,0.0946015
T,385,1,0.6041973E+05,5753404E-03,-0.9867E+02,0.3794E+02,0.9986527,0.0398658,0.0332183
T,386,1,0.6281583E+05,5753325E-03,0.7097E+02,-0.1839E+03,0.9945853,0.0675770,-0.0789522
T,387,1,0.6175288E+05,5752045E-03,0.1187E+03,-0.3525E+03,0.9942729,0.0538702,-0.0923011
T,388,1,0.6340428E+05,5753107E-03,0.2777E+03,0.1658E+03,0.9968069,0.0334868,0.0724890
T,389,1,0.6110618E+05,5754469E-03,-0.2437E+03,0.6434E+03,0.9761832,-0.0551501,0.2098209
T,390,1,0.6121356E+05,5753250E-03,-0.2806E+03,-0.1618E+02,0.9985012,0.0122765,0.0533358
T,391,1,0.6146456E+05,5753392E-03,0.1130E+03,-0.1595E+02,0.9990349,0.0235759,0.0370603
T,392,1,0.6222821E+05,5752750E-03,-0.1692E+03,-0.9767E+02,0.9947988,-0.0847231,0.0565446
T,393,1,0.5918269E+05,5754741E-03,0.7347E+01,-0.9765E+02,0.9990164,0.0108182,-0.0430015
T,394,1,0.6299205E+05,5751285E-03,-0.1495E+03,0.2407E+02,0.9923148,-0.1227099,-0.0159249
T,395,1,0.6212930E+05,5752997E-03,-0.1148E+03,0.1862E+02,0.9989664,-0.0236295,-0.0388303
T,396,1,0.6006971E+05,5752919E-03,-0.4269E+03,0.2620E+03,0.9925232,-0.0951526,0.0764442
T,397,1,0.5876582E+05,5751444E-03,0.3556E+03,0.3659E+02,0.9924921,0.1212230,0.0162587
T,398,1,0.6196068E+05,5752988E-03,0.8185E+02,-0.5886E+03,0.9902666,-0.0763113,-0.1163986
T,399,1,0.5963212E+05,5752655E-03,-0.3102E+02,-0.4252E+02,0.9949971,-0.0891235,-0.0451417
T,400,1,0.6258621E+05,5753582E-03,-0.1193E+03,0.6054E+02,0.9998293,-0.0066636,-0.0172342
T,401,1,0.6227752E+05,5751167E-03,0.2885E+03,0.4518E+03,0.9860665,0.0802947,0.1456903
T,402,1,0.5938499E+05,5751265E-03,0.2863E+02,-0.2314E+03,0.9818124,0.1427377,-0.1251817
T,403,1,0.6171712E+05,5754093E-03,0.6747E+02,-0.7299E+02,0.9986884,-0.0064439,-0.0507934
T,404,1,0.6047235E+05,5753348E-03,-0.7824E+02,0.4708E+02,0.9933792,-0.0529236,-0.1019646
T,405,1,0.6055737E+05,5754256E-03,0.3752E+03,0.3464E+01,0.9947705,0.0795437,0.0640668
T,406,1,0.5989706E+05,5754070E-03,0.5610E+02,0.6303E+02,0.9998599,-0.0102847,0.0132032
T,407,1,0.6088702E+05,5753483E-03,0.1277E+03,-0.4662E+02,0.9994824,0.0316270,-0.0058832
T,408,1,0.6086345E+05,5753174E-03,0.2577E+03,0.6011E+02,0.9978348,0.0398202,0.0523459
T,409,1,0.6189635E+05,5750561E-03,0.1083E+03,-0.9863E+02,0.9841387,0.0712745,-0.1624532
T,410,1,0.6068904E+05,5753880E-03,0.6167E+02,0.9224E+02,0.9977798,0.0018143,0.0665750
T,411,1,0.5861140E+05,5753984E-03,-0.4744E+02,0.5010E+03,0.9791307,0.1149757,0.1675818
T,412,1,0.6110632E+05,5754261E-03,-0.6860E+02,-0.1651E+03,0.9953882,0.0897016,0.0339994
T,413,1,0.6158258E+05,5753871E-03,-0.1167E+03,-0.2151E+02,0.9997574,-0.0185956,0.0118065
T,414,1,0.6171985E+05,5753057E-03,0.6593E+02,-0.1048E+03,0.9988396,-0.0299900,0.0376832
T,415,1,0.5983209E+05,5753823E-03,0.2426E+03,-0.1010E+03,0.9977169,0.0636549,-0.0225619
T,416,1,0.5980855E+05,5751545E-03,-0.1476E+03,-0.1316E+03,0.9882846,-0.1510112,-0.0221156
T,417,1,0.6136305E+05,5752965E-03,0.1379E+03,0.2755E+02,0.9953151,0.0958446,0.0127141
T,418,1,0.6036918E+05,5751392E-03,0.1392E+03,-0.6020E+03,0.9666413,0.0708509,-0.2461397
T,419,1,0.6069497E+05,5752864E-03,-0.3131E+03,0.2244E+02,0.9984799,-0.0534661,-0.0133861
T,420,1,0.6096436E+05,5752295E-03,0.4595E+03,0.5822E+03,0.8531438,0.1947399,0.4839649
T,421,1,0.6013754E+05,5753532E-03,0.2147E+03,0.1506E+03,0.9980477,0.0435652,0.0447526
T,422,1,0.6097835E+05,5750816E-03,0.7230E+03,0.7877E+02,0.9868766,0.1591136,0.0275224
T,423,1,0.6215784E+05,5752221E-03,0.3360E+03,0.3280E+03,0.9957911,0.0743092,0.0536491
T,424,1,0.6144937E+05,5753446E-03,-0.2601E+03,-0.1055E+03,0.9980187,-0.0354753,-0.0519627
T,425,1,0.6078690E+05,5754424E-03,-0.8543E+02,0.7339E+02,0.9999730,-0.0017401,0.0071436
T,426,1,0.6193208E+05,5755620E-03,-0.1191E+03,0.4261E+02,0.9998272,-0.0182611,0.0034779
T,427,1,0.5895087E+05,5750021E-03,0.8058E+03,-0.1807E+03,0.9837609,0.1717711,-0.0520498
T,428,1,0.6038213E+05,5753194E-03,-0.5641E+02,0.4623E+02,0.9997487,-0.0130003,0.0182629
T,429,1,0.6055588E+05,5753887E-03,-0.1405E+03,-0.1794E+03,0.9977371,-0.0169798,-0.0650565
T,430,1,0.6175894E+05,5754823E-03,0.2110E+03,0.1804E+03,0.9970928,0.0652153,0.0394061
T,431,1,0.5838951E+05,5753217E-03,-0.3311E+03,-0.1349E+04,0.9729299,-0.0632562,-0.2222745
T,432,1,0.5967948E+05,5754245E-03,-0.9885E+02,0.2421E+03,0.9987771,0.0295875,0.0396099
T,433,1,0.6138576E+05,5752633E-03,-0.3336E+03,-0.1290E+03,0.9928542,0.0885321,-0.0800163
T,434,1,0.6021332E+05,5752543E-03,0.4006E+03,-0.3262E+03,0.9931591,0.0920382,-0.0718606
T,435,1,0.6040667E+05,5753675E-03,-0.7316E+02,0.1737E+03,0.9997594,-0.0139619,0.0169203
T,436,1,0.6110325E+05,5753989E-03,0.1903E+03,-0.2773E+03,0.9986741,0.0404636,-0.0318224
T,437,1,0.6097061E+05,5753143E-03,-0.1981E+03,0.7690E+01,0.9976447,-0.0635630,0.0257833
T,438,1,0.5902108E+05,5751449E-03,0.1179E+04,0.1257E+03,0.9657137,0.2524910,0.0603770
T,439,1,0.6162971E+05,5753120E-03,-0.7634E+01,0.1485E+03,0.9993417,-0.0197027,0.0304628
T,440,1,0.6066306E+05,5754698E-03,-0.7211E+02,0.1018E+03,0.9989917,0.0375596,-0.0245929
T,441,1,0.6202282E+05,5752802E-03,-0.4563E+03,-0.1314E+03,0.9959111,-0.0802440,0.0414977
T,442,1,0.6209026E+05,5754267E-03,0.8978E+02,-0.9774E+01,0.9996228,-0.0140764,0.0235825
T,443,1,0.5987920E+05,5752971E-03,0.2098E+03,-0.3029E+03,0.9918641,0.1073123,-0.0684809
T,444,1,0.6066712E+05,5752309E-03,0.1740E+03,0.4742E+02,0.9963206,-0.0724366,0.0458053
T,445,1,0.6086692E+05,5753615E-03,-0.1572E+03,-0.2162E+03,0.9944838,-0.0989119,-0.0349052
T,446,1,0.6025760E+05,5754583E-03,0.9994E+02,0.1284E+03,0.9999493,-0.0023549,0.0097885
T,447,1,0.6037541E+05,5752335E-03,0.2057E+02,-0.1888E+03,0.9933175,0.0039133,-0.1153476
T,448,1,0.5996971E+05,5750267E-03,-0.1571E+03,-0.6941E+03,0.9863241,-0.0662688,-0.1509081
T,449,1,0.5825857E+05,5753367E-03,-0.6632E+02,-0.7682E+02,0.9963851,-0.0800413,-0.0284617
T,450,1,0.6111058E+05,5755401E-03,0.5149E+02,0.1964E+03,0.9998499,-0.0152383,0.0082388
T,451,1,0.6058797E+05,5755437E-03,-0.1654E+02,-0.1725E+02,0.9996539,0.0197121,0.0174233
T,452,1,0.5924329E+05,5753035E-03,0.1770E+03,0.3941E+03,0.9956388,0.0185367,0.0914319
T,453,1,0.6201977E+05,5750523E-03,-0.2419E+02,-0.5920E+02,0.9877583,-0.1411837,0.0663375
T,454,1,0.6311234E+05,5750953E-03,0.5821E+02,0.1142E+02,0.9898114,0.0312893,0.1389041
T,455,1,0.5665550E+05,5751941E-03,-0.1808E+04,-0.1365E+04,0.9281985,-0.2613108,-0.2648853
T,456,1,0.6078220E+05,5753673E-03,-0.3831E+03,0.5834E+03,0.9934018,-0.0547899,0.1007520
T,457,1,0.6305200E+05,5754980E-03,0.4216E+03,0.7314E+03,0.9580928,0.1266829,0.2569234
T,458,1,0.6412490E+05,5753728E-03,0.1142E+03,-0.5264E+02,0.9970307,0.0727706,-0.0251855
T,459,1,0.6164116E+05,5752834E-03,0.1089E+02,0.1446E+03,0.9987040,0.0316932,0.0398220
T,460,1,0.6207471E+05,5753224E-03,0.3951E+02,0.5969E+02,0.9992798,0.0163950,0.0342225
T,461,1,0.6238897E+05,5752986E-03,-0.2553E+02,0.1838E+03,0.9962562,-0.0695457,0.0513517
T,462,1,0.5967323E+05,5755168E-03,-0.9282E+02,-0.3031E+03,0.9763437,-0.0526774,-0.2097094
T,463,1,0.6124309E+05,5752072E-03,0.3710E+03,0.1298E+03,0.9937578,0.0917382,0.0634789
T,464,1,0.6034252E+05,5752288E-03,-0.3546E+02,-0.3280E+03,0.9929745,0.0551207,-0.1047059
T,465,1,0.6043933E+05,5752924E-03,0.1478E+03,0.7142E+03,0.9983419,-0.0053282,0.0573159
T,466,1,0.6046104E+05,5755885E-03,-0.3047E+03,0.5983E+03,0.9808284,-0.0493454,0.1885223
T,467,1,0.6262788E+05,5750683E-03,-0.6102E+02,0.4054E+03,0.9871554,0.0252107,0.1577616
T,468,1,0.6049583E+05,5752025E-03,0.1782E+03,-0.1097E+03,0.9947015,0.0912753,0.0473056
T,469,1,0.6191290E+05,5753765E-03,0.5966E+02,-0.2685E+03,0.9953048,0.0314796,-0.0915283
T,470,1,0.6086876E+05,5753187E-03,-0.2339E+03,0.3451E+03,0.9904798,0.0323049,0.1338140
T,471,1,0.6261852E+05,5754875E-03,0.7629E+02,0.2001E+02,0.9981261,0.0306061,-0.0529855
T,472,1,0.6013292E+05,5751112E-03,0.3725E+03,-0.1066E+04,0.9225206,0.1561682,-0.3529409
T,473,1,0.6067319E+05,5752264E-03,-0.5799E+02,-0.2406E+03,0.9874178,0.0087144,-0.1578928
T,474,1,0.6092817E+05,5753609E-03,-0.1220E+03,-0.1183E+03,0.9994527,-0.0226906,0.0240703
T,475,1,0.6243538E+05,5755119E-03,-0.5310E+02,0.7508E+02,0.9989696,-0.0232334,0.0389868
T,476,1,0.5945250E+05,5754364E-03,-0.1799E+03,-0.3187E+03,0.9983574,0.0512817,-0.0255494
T,477,1,0.6112761E+05,5754589E-03,-0.7668E+02,-0.1416E+03,0.9999582,0.0038917,0.0082733
T,478,1,0.6120701E+05,5754163E-03,0.1318E+03,-0.1159E+03,0.9995735,0.0074856,-0.0282257
T,479,1,0.5876919E+05,5751954E-03,-0.2957E+03,0.2451E+02,0.9944598,-0.0713674,0.0771782
T,480,1,0.6026570E+05,5753902E-03,0.5432E+02,-0.5372E+02,0.9976105,-0.0457277,0.0517909
T,481,1,0.5945590E+05,5752813E-03,0.2110E+03,-0.1032E+03,0.9984874,0.0521128,-0.0175242
T,482,1,0.6174735E+05,5755254E-03,0.3448E+02,0.6190E+00,0.9998965,-0.0089593,0.0112574
T,483,1,0.6158765E+05,5751556E-03,-0.2353E+03,-0.4427E+03,0.9911159,-0.0719018,-0.1118899
T,484,1,0.6058051E+05,5753129E-03,0.4653E+03,-0.3637E+03,0.9931229,0.0827483,-0.0828225
T,485,1,0.5939850E+05,5752350E-03,-0.2758E+03,-0.3186E+03,0.9907014,-0.1085568,-0.0820127
T,486,1,0.6064995E+05,5754504E-03,0.1877E+03,0.3314E+03,0.9988285,0.0167523,0.0453975
T,487,1,0.6019055E+05,5754371E-03,0.8079E+00,0.1132E+03,0.9988310,-0.0406823,0.0261064
T,488,1,0.6152089E+05,5755393E-03,0.9916E+02,-0.1310E+03,0.9991371,0.0010276,-0.0415201
T,489,1,0.6239697E+05,5752184E-03,0.1212E+03,0.4130E+03,0.9887613,0.1236794,0.0839910
T,490,1,0.6013348E+05,5753604E-03,0.2651E+03,-0.1182E+03,0.9920056,0.1131703,-0.0558326
T,491,1,0.6164852E+05,5754739E-03,0.8402E+02,-0.1049E+02,0.9964866,0.0676643,-0.0493556
T,492,1,0.6093080E+05,5753171E-03,0.8954E+02,0.1936E+03,0.9904203,0.0962060,0.0990554
T,493,1,0.6083735E+05,5754811E-03,-0.4634E+02,0.5334E+02,0.9969110,-0.0655168,0.0433138
T,494,1,0.6003974E+05,5750219E-03,0.1284E+03,0.4838E+03,0.9881116,-0.0349153,0.1497210
T,495,1,0.6088172E+05,5754083E-03,-0.1624E+03,0.8197E+02,0.9987953,-0.0473077,0.0130378
T,496,1,0.6015285E+05,5751669E-03,-0.2444E+03,-0.9959E+02,0.9893551,-0.1440647,-0.0205381
T,497,1,0.6009266E+05,5753411E-03,0.2182E+03,0.3803E+02,0.9967992,0.0523030,0.0604628
T,498,1,0.6150738E+05,5753810E-03,-0.2476E+03,0.7011E+02,0.9978753,-0.0639681,0.0123699
T,499,1,0.6045349E+05,5754235E-03,-0.4386E+02,0.8349E+01,0.9976615,-0.0681378,-0.0053609
T,500,1,0.5759141E+05,5753984E-03,0.1553E+04,-0.1062E+04,0.9308014,0.2792927,-0.2358056
T,501,1,0.5972445E+05,5755107E-03,-0.2509E+03,-0.4829E+03,0.9756449,-0.1330834,-0.1743727
T,502,1,0.6030561E+05,5751917E-03,-0.7306E+03,0.4704E+02,0.9870992,-0.1476256,0.0619835
T,503,1,0.6059344E+05,5752766E-03,-0.1395E+03,0.3324E+03,0.9977931,0.0471151,0.0467887
T,504,1,0.6036404E+05,5752560E-03,-0.2177E+03,0.3049E+02,0.9955040,-0.0909819,0.0263446
T,505,1,0.6006099E+05,5753007E-03,0.8372E+01,-0.2417E+03,0.9938360,0.0309086,-0.1064642
T,506,1,0.6067327E+05,5753304E-03,0.1255E+02,0.1911E+02,0.9997360,-0.0179094,0.0143914
T,507,1,0.6026954E+05,5753167E-03,0.1061E+03,0.1766E+03,0.9988503,-0.0303275,-0.0371262
T,508,1,0.5974199E+05,5754959E-03,0.1274E+02,-0.5942E+03,0.9559487,0.1024744,-0.2750654
T,509,1,0.6230814E+05,5754770E-03,0.6493E+02,0.2174E+03,0.9968256,0.0478341,0.0636440
T,510,1,0.5864506E+05,5754843E-03,0.5046E+02,0.6649E+01,0.9987458,0.0482025,0.0135440
T,511,1,0.6266060E+05,5753486E-03,0.3950E+02,-0.1077E+03,0.9943190,0.0915427,-0.0543103
T,512,1,0.6185057E+05,5754374E-03,0.8288E+02,0.7393E+02,0.9999774,0.0005946,0.0067005
T,513,1,0.6200541E+05,5752811E-03,0.3442E+02,-0.2083E+03,0.9967356,0.0355979,-0.0724627
T,514,1,0.6141958E+05,5753132E-03,-0.1556E+03,0.2501E+03,0.9975439,0.0299805,0.0633034
T,515,1,0.6115222E+05,5753822E-03,0.8873E+02,0.5936E+02,0.9996176,-0.0195740,0.0195302
T,516,1,0.5970740E+05,5753077E-03,-0.7005E+02,-0.1313E+03,0.9993307,-0.0175863,-0.0320749
T,517,1,0.6047904E+05,5754944E-03,-0.1042E+03,0.6194E+02,0.9994583,0.0260999,-0.0200469
T,518,1,0.6132698E+05,5753249E-03,0.2088E+03,-0.1133E+03,0.9967490,0.0696306,-0.0405352
T,519,1,0.6085826E+05,5753875E-03,0.2112E+03,-0.2157E+03,0.9948471,-0.0204932,-0.0992940
T,520,1,0.6101356E+05,5753388E-03,-0.1716E+03,-0.9766E+02,0.9969925,-0.0123989,0.0764992
T,521,1,0.6003267E+05,5754408E-03,-0.1076E+03,-0.1239E+03,0.9997489,-0.0223244,-0.0019322
T,522,1,0.5986929E+05,5754381E-03,0.2129E+03,-0.1744E+03,0.9964539,0.0419103,-0.0729594
T,523,1,0.5413155E+05,5754190E-03,0.9159E+03,-0.2436E+04,0.9036137,0.1642700,-0.3955979
T,524,1,0.6243019E+05,5752913E-03,0.2576E+03,-0.4778E+02,0.9970485,0.0615895,-0.0458377
T,525,1,0.6014625E+05,5753948E-03,-0.1224E+03,0.2103E+03,0.9982634,-0.0063811,0.0585625
T,526,1,0.6078273E+05,5751044E-03,0.2213E+03,0.1676E+03,0.9874098,0.0610701,0.1459190
T,527,1,0.5958915E+05,5754659E-03,0.1061E+03,0.1509E+03,0.9983624,-0.0099154,0.0563401
T,528,1,0.6057655E+05,5752655E-03,0.4537E+02,0.2961E+02,0.9964069,0.0546567,0.0646994
T,529,1,0.6069226E+05,5754553E-03,0.1617E+03,0.1152E+03,0.9987067,-0.0183678,-0.0474078
T,530,1,0.6130859E+05,5750345E-03,0.5894E+03,-0.3310E+03,0.9831926,0.1266174,-0.1315309
T,531,1,0.6136778E+05,5754296E-03,0.4275E+02,-0.2300E+03,0.9974123,0.0482085,-0.0533359
T,532,1,0.6039362E+05,5755528E-03,0.1827E+03,-0.8418E+02,0.9998674,-0.0161548,0.0020539
T,533,1,0.5919304E+05,5755324E-03,-0.5200E+02,-0.1156E+03,0.9996530,-0.0143044,0.0221207
T,534,1,0.6140061E+05,5754273E-03,-0.5357E+02,0.8847E+02,0.9999000,-0.0069768,0.0122997
T,535,1,0.6016238E+05,5754496E-03,-0.8758E+02,-0.7002E+02,0.9993893,-0.0199735,-0.0286721
T,536,1,0.6107185E+05,5753507E-03,-0.1259E+03,0.2607E+02,0.9994956,-0.0239309,-0.0208778
T,537,1,0.5705564E+05,5755212E-03,0.8687E+02,-0.9432E+02,0.9984380,0.0520260,0.0203663
T,538,1,0.6040498E+05,5753248E-03,-0.2980E+03,0.1487E+03,0.9942452,-0.1025271,0.0310603
T,539,1,0.6133089E+05,5755088E-03,-0.9764E+02,0.4153E+03,0.9791108,-0.1194327,0.1645538
T,540,1,0.6168843E+05,5752869E-03,-0.3360E+03,0.1112E+03,0.9967150,-0.0689249,-0.0425263
T,541,1,0.6149873E+05,5755090E-03,-0.9018E+02,0.9199E+02,0.9995191,0.0256935,0.0173605
T,542,1,0.6194845E+05,5751384E-03,0.4790E+03,-0.1983E+03,0.9846269,0.1007078,-0.1427157
T,543,1,0.6226236E+05,5755219E-03,-0.1370E+02,-0.7982E+02,0.9999764,-0.0041805,-0.0054499
T,544,1,0.6089628E+05,5753165E-03,-0.2244E+03,-0.2130E+03,0.9968649,-0.0719989,-0.0328098
T,545,1,0.6181674E+05,5752752E-03,-0.3977E+02,0.2217E+03,0.9941234,0.0493606,0.0963438
T,546,1,0.6219523E+05,5753084E-03,-0.2138E+02,-0.6090E+02,0.9918270,0.1268816,-0.0134280
T,547,1,0.5649817E+05,5754829E-03,0.6270E+02,0.2758E+03,0.9993049,0.0349825,0.0128844
T,548,1,0.5926323E+05,5753814E-03,0.7741E+02,-0.1272E+03,0.9960126,0.0772949,-0.0445468
T,550,1,0.6259881E+05,5751238E-03,0.2447E+02,-0.1017E+03,0.9909653,0.0134967,-0.1334374
T,551,1,0.5997544E+05,5753229E-03,-0.1219E+03,-0.4346E+03,0.9703389,-0.1294643,-0.2041602
T,552,1,0.6001569E+05,5752174E-03,0.2004E+03,0.8240E+02,0.9899600,0.0958815,0.1038556
T,553,1,0.6104010E+05,5754450E-03,-0.1470E+03,0.8522E+02,0.9999731,-0.0029052,0.0067352
T,554,1,0.5828578E+05,5754162E-03,0.1828E+03,0.1555E+03,0.8940614,0.4242972,-0.1436178
T,555,1,0.6247549E+05,5753334E-03,0.2826E+03,-0.5621E+02,0.9927958,0.1171222,0.0252775
T,556,1,0.6111357E+05,5754735E-03,0.5346E+03,0.5676E+02,0.9783920,0.1851207,0.0920834
T,557,1,0.6090158E+05,5754631E-03,0.1946E+03,-0.3689E+02,0.9965709,0.0446076,-0.0696888
T,558,1,0.6118275E+05,5752959E-03,0.1054E+04,-0.4781E+03,0.9918986,0.0911435,0.0884876
T,559,1,0.6243676E+05,5753035E-03,0.8108E+02,-0.2719E+03,0.9990053,0.0349893,0.0276448
T,560,1,0.5933440E+05,5754102E-03,0.1313E+03,-0.2534E+02,0.9977107,0.0512986,0.0440651
T,561,1,0.6598912E+05,5752912E-03,0.1626E+03,-0.1404E+03,0.9962033,0.0746554,0.0447825
T,562,1,0.6078782E+05,5753664E-03,-0.1685E+03,0.9067E+02,0.9993676,-0.0265904,0.0236080
T,563,1,0.6243510E+05,5750945E-03,-0.1283E+03,0.5605E+02,0.9836105,-0.1801155,-0.0082958
T,564,1,0.6212460E+05,5755086E-03,-0.5794E+02,0.2840E+03,0.9770171,0.2009966,0.0709779
T,565,1,0.5983313E+05,5752679E-03,-0.1278E+03,0.6534E+03,0.9900738,-0.0627313,0.1257722
T,566,1,0.6213726E+05,5753280E-03,0.5701E+02,-0.1073E+03,0.9996536,-0.0132761,-0.0227244
T,567,1,0.5868479E+05,5753497E-03,0.1415E+02,-0.2395E+03,0.9995040,0.0106902,-0.0296217
T,568,1,0.5370456E+05,5754294E-03,-0.7760E+03,-0.1694E+03,0.9802143,-0.1957880,-0.0291021
T,569,1,0.6251827E+05,5754949E-03,-0.6440E+02,0.3553E+01,0.9899090,-0.1115738,0.0873585
T,570,1,0.6264490E+05,5751388E-03,0.1127E+03,0.1435E+03,0.9874232,0.0599534,0.1462907
T,571,1,0.6131766E+05,5753029E-03,0.6281E+02,0.1090E+03,0.9980338,0.0197996,-0.0594688
T,572,1,0.5959969E+05,5755651E-03,-0.1513E+02,0.5273E+01,0.9998097,0.0139305,0.0136600
T,573,1,0.5822735E+05,5754474E-03,-0.7055E+03,0.8280E+03,0.9759991,-0.1327734,0.1726178
T,574,1,0.5858282E+05,5753613E-03,0.1095E+03,-0.7011E+02,0.9978353,-0.0495841,-0.0431995
T,575,1,0.5941994E+05,5753978E-03,0.5459E+03,-0.1040E+03,0.8430180,0.5375659,0.0185341
T,576,1,0.6165174E+05,5751569E-03,0.1787E+03,0.2606E+03,0.9841239,-0.0162687,0.1767354
T,577,1,0.6024682E+05,5751781E-03,0.1850E+02,-0.1783E+03,0.9929070,-0.0021764,-0.1188734
T,578,1,0.6155941E+05,5753542E-03,-0.2945E+02,-0.1326E+03,0.9986979,0.0101337,-0.0499981
T,579,1,0.6195347E+05,5752647E-03,-0.1829E+03,0.3053E+02,0.9959237,-0.0879880,-0.0198518
T,580,1,0.6186286E+05,5753454E-03,0.1291E+03,-0.2069E+03,0.9787121,0.1960961,-0.0605723
T,581,1,0.6061380E+05,5754953E-03,-0.7512E+03,-0.7420E+01,0.9981066,-0.0304256,-0.0534562
T,582,1,0.6246224E+05,5751484E-03,0.5801E+02,-0.1804E+02,0.9901777,0.1059944,-0.0911773
T,583,1,0.6064180E+05,5751863E-03,-0.1206E+03,-0.6381E+02,0.9907797,-0.0247161,-0.1332093
T,584,1,0.5972650E+05,5754207E-03,0.1286E+03,0.1634E+03,0.9952925,0.0926456,-0.0284550
T,585,1,0.6064334E+05,5752260E-03,0.5495E+02,-0.1285E+03,0.9955675,0.0607187,-0.0718238
T,586,1,0.5996264E+05,5752882E-03,0.1972E+03,0.1234E+03,0.9973703,0.0724672,-0.0009962
T,587,1,0.6172284E+05,5753823E-03,0.2703E+03,0.1907E+03,0.9964222,-0.0036668,0.0844350
T,588,1,0.5943930E+05,5754077E-03,-0.7481E+01,0.8348E+01,0.9994282,-0.0222804,-0.0254348
T,589,1,0.5911068E+05,5755008E-03,0.7822E+02,-0.2602E+03,0.9987640,0.0210144,-0.0450427
T,590,1,0.6316358E+05,5754865E-03,-0.4292E+02,-0.1582E+03,0.9991658,-0.0164628,-0.0373709
T,591,1,0.6087468E+05,5754673E-03,0.2385E+03,0.1043E+03,0.9991388,0.0410958,0.0057256
T,592,1,0.6228892E+05,5754373E-03,0.3199E+03,0.1070E+02,0.9965886,0.0813906,0.0136649
T,593,1,0.6153126E+05,5755293E-03,-0.3453E+02,0.4476E+02,0.9997028,-0.0235523,0.0062981
T,594,1,0.6259867E+05,5752392E-03,-0.1400E+03,-0.2022E+03,0.9967825,-0.0200476,-0.0776059
T,595,1,0.6142000E+05,5754168E-03,0.1551E+03,-0.2947E+02,0.9956664,0.0921308,-0.0126615
T,596,1,0.5895369E+05,5753611E-03,0.3433E+03,0.2368E+03,0.9952427,0.0388948,0.0893257
T,597,1,0.6072225E+05,5754004E-03,-0.1201E+03,-0.2209E+03,0.9935000,-0.0915903,-0.0675936
T,598,1,0.6203836E+05,5754059E-03,-0.6997E+02,-0.4126E+03,0.9794046,-0.0803757,-0.1852199
T,599,1,0.5908885E+05,5754513E-03,-0.1435E+03,-0.2603E+03,0.9969053,-0.0732036,-0.0286534
T,600,1,0.6397561E+05,5753779E-03,0.2362E+02,-0.7477E+02,0.9994693,0.0074955,0.0316993
T,601,1,0.6047796E+05,5750170E-03,-0.1970E+03,0.8150E+02,0.9805330,-0.1225157,0.1534437
T,602,1,0.6256220E+05,5755170E-03,-0.6574E+01,-0.1259E+02,0.9992903,-0.0276349,0.0255967
T,603,1,0.6269551E+05,5751668E-03,-0.3956E+03,-0.2240E+03,0.9932228,-0.0873898,-0.0766254
T,604,1,0.5932453E+05,5752877E-03,-0.3382E+03,-0.9653E+02,0.9736794,-0.1718293,-0.1497438
T,605,1,0.6310452E+05,5754563E-03,-0.4835E+02,-0.8126E+02,0.9981536,-0.0389595,-0.0465997
T,606,1,0.5980048E+05,5754108E-03,-0.1793E+02,0.2130E+03,0.9983943,0.0335082,-0.0456729
T,607,1,0.5973811E+05,5753491E-03,0.2294E+03,-0.1089E+03,0.9999525,-0.0043487,0.0087283
T,608,1,0.6236668E+05,5752052E-03,0.4206E+02,-0.1134E+03,0.9940630,0.0296280,-0.1046945
T,609,1,0.6040757E+05,5753410E-03,-0.8121E+02,0.7714E+02,0.9991708,-0.0361105,-0.0188090
T,610,1,0.6271769E+05,5752630E-03,0.4177E+03,-0.2571E+03,0.9945069,0.1046681,0.0007843
T,611,1,0.6223185E+05,5753028E-03,-0.1164E+03,0.1329E+03,0.9961402,-0.0815088,0.0325745
T,612,1,0.6005018E+05,5753681E-03,0.1220E+03,0.2068E+02,0.9972658,0.0031332,0.0738323
T,613,1,0.6045593E+05,5754517E-03,0.5217E+02,-0.2413E+03,0.9983796,0.0231151,-0.0519990
T,614,1,0.5948220E+05,5753428E-03,0.4768E+02,-0.9196E+02,0.9986298,-0.0013824,-0.0523135
T,615,1,0.6134276E+05,5754993E-03,-0.3734E+02,0.3811E+01,0.9995344,0.0078734,-0.0294795
T,616,1,0.5823311E+05,5754213E-03,0.2173E+03,0.2583E+03,0.9982404,0.0462513,0.0371066
T,617,1,0.6191757E+05,5754470E-03,-0.2267E+03,-0.2055E+03,0.9998972,-0.0137702,0.0039858
T,618,1,0.6241328E+05,5753823E-03,0.3600E+03,0.1657E+03,0.9948349,0.0951977,-0.0352276
T,619,1,0.6041858E+05,5751037E-03,0.3934E+03,0.3611E+03,0.9895790,0.1053004,0.0982098
T,620,1,0.6231519E+05,5753313E-03,0.5986E+02,0.6392E+02,0.9962571,-0.0035979,-0.0863648
T,621,1,0.6181074E+05,5750611E-03,-0.6176E+03,0.9978E+02,0.9857249,-0.1561637,0.0629232
T,622,1,0.6378155E+05,5753794E-03,-0.1054E+03,-0.1298E+03,0.9988244,-0.0411251,0.0256615
T,623,1,0.5998426E+05,5753232E-03,0.8032E+02,0.1185E+02,0.9978485,0.0601480,0.0260864
T,624,1,0.6070434E+05,5753392E-03,-0.1639E+03,-0.4092E+03,0.9910631,-0.0890935,-0.0992790
T,625,1,0.6131374E+05,5753591E-03,0.5679E+02,-0.2839E+03,0.9975410,0.0560939,-0.0420173
T,626,1,0.6081354E+05,5752806E-03,-0.3293E+03,-0.1633E+03,0.9876250,-0.1467464,-0.0553378
T,627,1,0.6080496E+05,5752924E-03,-0.2581E+03,-0.2855E+02,0.9983274,-0.0366602,-0.0447042
T,628,1,0.6124913E+05,5752984E-03,-0.2860E+03,0.3255E+03,0.9949056,-0.0457707,0.0898217
T,629,1,0.6181212E+05,5754382E-03,-0.7949E+02,0.1780E+03,0.9985644,-0.0464459,0.0266836
T,630,1,0.6122985E+05,5752757E-03,0.3655E+03,0.2948E+03,0.9929948,0.0744580,0.0917459
T,631,1,0.6146926E+05,5753864E-03,-0.7822E+02,-0.1742E+03,0.9995582,0.0191970,-0.0226901
T,632,1,0.6281502E+05,5752106E-03,0.2030E+03,-0.2106E+03,0.9957173,0.0702097,-0.0601473
T,633,1,0.6005520E+05,5754274E-03,0.3313E+02,0.2618E+02,0.9991367,-0.0409313,0.0071097
T,634,1,0.5912186E+05,5753647E-03,-0.5816E+02,-0.1793E+03,0.9999680,-0.0033528,0.0072645
T,635,1,0.5968423E+05,5751366E-03,-0.7750E+02,0.3748E+03,0.9904373,0.0300043,0.1346616
T,636,1,0.6133823E+05,5755553E-03,-0.1482E+03,0.2368E+03,0.9998431,-0.0176864,-0.0009691
T,637,1,0.6015651E+05,5753503E-03,0.1834E+03,0.8237E+02,0.9993883,0.0003327,0.0349700
T,638,1,0.5995410E+05,5751116E-03,0.4251E+01,-0.3749E+03,0.9893867,0.0489319,-0.1368194
T,639,1,0.5962305E+05,5755397E-03,0.8592E+02,-0.6072E+01,0.9998578,0.0082138,-0.0147292
T,640,1,0.6130549E+05,5753150E-03,-0.1875E+02,-0.2490E+02,0.9992388,0.0342027,-0.0187620
T,641,1,0.6258923E+05,5751237E-03,-0.5042E+02,-0.3075E+03,0.9868818,-0.0683370,-0.1462683
T,642,1,0.5819286E+05,5755335E-03,0.1832E+03,-0.1043E+03,0.9996054,0.0147858,-0.0238834
T,643,1,0.5985293E+05,5751510E-03,-0.9688E+03,-0.1981E+03,0.9850161,-0.1699134,-0.0295407
T,644,1,0.6007661E+05,5754288E-03,-0.5013E+03,0.1997E+03,0.9754190,-0.0108176,0.2200925
T,645,1,0.6077322E+05,5753142E-03,-0.1553E+03,0.1670E+03,0.9992666,0.0330004,0.0194209
T,646,1,0.6021806E+05,5754646E-03,0.1898E+03,-0.1831E+03,0.9981216,0.0138770,-0.0596724
T,647,1,0.6063881E+05,5753253E-03,0.8999E+02,-0.1744E+03,0.9961431,0.0079951,-0.0873787
T,648,1,0.5842966E+05,5754803E-03,0.4542E+02,0.2045E+03,0.9984017,-0.0412756,0.0386059
T,649,1,0.5944581E+05,5752541E-03,0.8993E+02,0.1703E+03,0.9697771,-0.0281715,0.2423608
T,650,1,0.5959119E+05,5754752E-03,0.1333E+04,0.7599E+00,0.9546151,0.2930181,-0.0533887
T,651,1,0.6055054E+05,5753992E-03,0.1680E+03,0.1217E+03,0.9989203,0.0413717,0.0211327
T,652,1,0.5976230E+05,5753016E-03,-0.9022E+02,0.8859E+02,0.9973167,-0.0712973,-0.0166148
T,653,1,0.5966168E+05,5754820E-03,-0.1842E+03,-0.2509E+03,0.9564034,-0.2870718,0.0536864
T,654,1,0.6116338E+05,5754853E-03,-0.2410E+03,-0.1333E+03,0.9973213,-0.0716768,-0.0145861
T,655,1,0.6136554E+05,5752203E-03,0.3054E+03,-0.3586E+03,0.9869722,0.0488181,-0.1533060
T,656,1,0.5846487E+05,5753665E-03,-0.3092E+01,0.5479E+02,0.9961852,-0.0563401,0.0666390
T,657,1,0.5813107E+05,5750617E-03,-0.1687E+03,0.3660E+03,0.9868456,-0.0931390,0.1321396
T,658,1,0.6173574E+05,5754547E-03,0.1676E+02,-0.2451E+02,0.9990204,0.0442513,0.0000518
T,659,1,0.6053744E+05,5752915E-03,-0.1257E+02,-0.8999E+02,0.9933604,-0.0570823,-0.0998838
T,660,1,0.5829089E+05,5753125E-03,-0.6431E+02,0.2017E+02,0.9997544,-0.0221034,-0.0016166
T,661,1,0.6091634E+05,5754447E-03,-0.4457E+03,-0.4678E+02,0.9952181,-0.0974620,0.0064821
T,662,1,0.6255446E+05,5754929E-03,0.3529E+03,-0.1739E+03,0.9971417,0.0747088,-0.0112677
T,663,1,0.6024174E+05,5753915E-03,0.3193E+03,0.2510E+03,0.9774035,0.1289907,-0.1674626
T,664,1,0.6144725E+05,5752778E-03,0.3418E+02,0.4203E+03,0.9871429,-0.1494302,-0.0567401
T,665,1,0.6001631E+05,5752346E-03,0.9995E+01,-0.2035E+03,0.9960218,0.0557214,-0.0695391
T,666,1,0.5991374E+05,5754557E-03,-0.6864E+03,-0.7552E+03,0.9790080,-0.1142425,-0.1687957
T,667,1,0.6113083E+05,5751386E-03,0.7641E+02,0.3440E+02,0.9894463,-0.0200021,0.1435129
T,668,1,0.6223671E+05,5752029E-03,0.8156E+02,-0.4661E+03,0.9876872,-0.0559433,-0.1460968
T,669,1,0.6338430E+05,5754895E-03,-0.1912E+03,-0.1111E+03,0.9983856,-0.0517179,0.0234834
T,670,1,0.6103266E+05,5754046E-03,0.2966E+03,0.3978E+03,0.9960272,0.0110518,0.0883614
T,671,1,0.6113710E+05,5754344E-03,0.2005E+03,-0.1584E+01,0.9981176,0.0336273,-0.0512877
T,672,1,0.6075663E+05,5753037E-03,-0.2216E+03,0.2907E+03,0.9937581,-0.0361304,0.1055434
T,673,1,0.6211461E+05,5753510E-03,0.1469E+03,0.2263E+01,0.9989193,-0.0003691,-0.0464764
T,674,1,0.6348120E+05,5754243E-03,0.2817E+03,0.6918E+02,0.9982317,0.0591456,-0.0059404
T,675,1,0.6217805E+05,5751314E-03,-0.3248E+03,0.1547E+03,0.9896003,-0.0910515,0.1113593
T,676,1,0.5954964E+05,5753978E-03,0.3048E+02,-0.1288E+03,0.9996830,-0.0247580,-0.0045725
T,677,1,0.5913289E+05,5753480E-03,0.1970E+02,-0.3423E+03,0.9933888,0.0029500,-0.1147604
T,678,1,0.6071114E+05,5751105E-03,-0.8796E+02,-0.9894E+03,0.9879895,0.0010887,-0.1545169
T,679,1,0.6240416E+05,5753854E-03,-0.6944E+02,-0.1711E+03,0.9992264,-0.0362655,-0.0152104
T,680,1,0.6053231E+05,5753215E-03,0.3052E+03,-0.1374E+03,0.9997185,0.0227930,-0.0065897
T,681,1,0.6017144E+05,5755428E-03,-0.1665E+02,0.2699E+02,0.9989716,-0.0433585,-0.0132582
T,682,1,0.5901917E+05,5753751E-03,0.5122E+03,-0.3146E+02,0.9988297,0.0319976,-0.0362692
T,683,1,0.6213015E+05,5751662E-03,-0.3189E+03,0.1054E+03,0.9888479,-0.1174170,0.0916142
T,684,1,0.6080225E+05,5753347E-03,0.1208E+03,-0.5806E+02,0.9962216,0.0868162,-0.0023402
T,685,1,0.6111515E+05,5755033E-03,-0.3425E+03,-0.1082E+02,0.9991905,-0.0350780,-0.0196938
T,686,1,0.6075742E+05,5755232E-03,-0.3173E+02,-0.1577E+02,0.9989273,0.0158783,-0.0434978
T,687,1,0.6013231E+05,5753381E-03,0.1630E+03,0.1220E+03,0.9970014,0.0572519,0.0520625
T,688,1,0.6130737E+05,5752561E-03,0.9961E+02,0.4925E+02,0.9928276,0.0743001,0.0936632
T,689,1,0.6047714E+05,5754066E-03,0.7718E+02,-0.1754E+03,0.9942643,-0.0030737,-0.1069065
T,690,1,0.6148764E+05,5753525E-03,-0.1681E+02,0.1704E+03,0.9995921,0.0284875,0.0020165
T,691,1,0.6126481E+05,5755292E-03,-0.3474E+02,-0.5638E+02,0.9997683,0.0110954,-0.0184441
T,692,1,0.6145758E+05,5753058E-03,-0.3030E+02,0.2681E+03,0.9954296,0.0315639,0.0901310
T,693,1,0.6116047E+05,5753286E-03,-0.4574E+02,0.1029E+03,0.9948483,0.0946348,-0.0363468
T,694,1,0.5871465E+05,5755375E-03,-0.7255E+03,0.5304E+02,0.9831507,-0.1823855,-0.0122558
T,695,1,0.6236057E+05,5753365E-03,0.1202E+01,-0.8246E+02,0.9982049,-0.0094533,0.0591414
T,696,1,0.6048560E+05,5750588E-03,-0.1174E+03,-0.2126E+03,0.9884571,-0.1515005,-0.0003209
T,697,1,0.6113560E+05,5752231E-03,0.1990E+03,-0.5444E+02,0.9947202,0.1017027,0.0137225
T,698,1,0.5635201E+05,5751777E-03,-0.9995E+03,-0.2089E+03,0.9056987,-0.4180786,-0.0701436
T,699,1,0.6174533E+05,5753584E-03,-0.1872E+03,0.8247E+02,0.9955358,-0.0502487,-0.0798976
T,700,1,0.6061362E+05,5755062E-03,-0.1794E+03,0.1119E+03,0.9995777,-0.0036790,0.0288247
T,701,1,0.6282239E+05,5752511E-03,0.3660E+03,0.1183E+03,0.9960151,0.0650107,0.0610533
T,702,1,0.5964754E+05,5754949E-03,0.3557E+03,-0.7166E+02,0.9973724,0.0646627,-0.0326661
T,703,1,0.6055731E+05,5754125E-03,0.2278E+02,0.7900E+02,0.9981666,0.0267896,0.0542753
T,704,1,0.6022988E+05,5755564E-03,-0.2955E+02,-0.1286E+03,0.9997704,-0.0084870,-0.0196766
T,705,1,0.6062644E+05,5753560E-03,-0.3927E+03,-0.1033E+03,0.9958573,-0.0661584,-0.0623796
T,706,1,0.6201888E+05,5754878E-03,0.3495E+03,-0.2597E+03,0.9996391,-0.0034232,-0.0266444
T,707,1,0.6107029E+05,5755502E-03,-0.1967E+03,-0.3528E+03,0.9827356,-0.1320195,-0.1296209
T,708,1,0.6006047E+05,5754237E-03,0.9503E+02,0.3713E+03,0.9944482,0.0313293,0.1004551
T,709,1,0.5901599E+05,5753726E-03,-0.4131E+02,-0.3159E+02,0.9984439,0.0469505,0.0300919
T,710,1,0.6132266E+05,5753695E-03,-0.2030E+03,0.7339E+02,0.9983472,-0.0502451,0.0278967
T,711,1,0.6048096E+05,5752891E-03,-0.2619E+03,-0.1001E+03,0.9892241,-0.1379890,-0.0489360
T,712,1,0.6278567E+05,5753067E-03,-0.1825E+02,-0.2913E+03,0.9673787,0.0520936,-0.2479210
T,713,1,0.5926267E+05,5753707E-03,-0.2053E+03,-0.2168E+03,0.9692147,-0.1440255,-0.1996986
T,714,1,0.6049437E+05,5751696E-03,-0.5321E+03,-0.8059E+02,0.9972105,-0.0656678,0.0354828
T,715,1,0.6160851E+05,5753927E-03,0.1013E+03,-0.2739E+03,0.9953875,0.0786189,-0.0549801
T,716,1,0.6044492E+05,5754980E-03,-0.6922E+00,0.5964E+02,0.9974164,-0.0692008,0.0192825
T,717,1,0.6356924E+05,5752240E-03,-0.1738E+03,0.3370E+03,0.9886045,-0.0722162,0.1320833
T,718,1,0.5977614E+05,5755214E-03,-0.1511E+03,0.4540E+02,0.9994605,-0.0315541,0.0091155
T,719,1,0.6368410E+05,5753156E-03,-0.2969E+03,-0.7855E+02,0.9900635,-0.1388223,0.0224176
T,720,1,0.6086568E+05,5755132E-03,-0.3111E+02,0.1496E+02,0.9999462,0.0067410,0.0078838
T,721,1,0.6149642E+05,5753069E-03,0.1165E+03,-0.1808E+02,0.9982935,0.0030484,-0.0583166
T,722,1,0.6315509E+05,5753022E-03,0.3202E+03,0.6718E+02,0.9964437,0.0453753,0.0710002
T,723,1,0.6209967E+05,5754543E-03,-0.1393E+03,0.9058E+02,0.9975555,-0.0673614,0.0185847
T,724,1,0.5991489E+05,5753595E-03,-0.7385E+02,-0.2649E+03,0.9929925,0.0020080,-0.1181603
T,725,1,0.6204269E+05,5753646E-03,0.3054E+03,-0.1736E+03,0.9963709,0.0826590,0.0203097
T,726,1,0.6036139E+05,5753132E-03,-0.1524E+03,-0.2016E+03,0.9698668,-0.2222170,-0.0998902
T,727,1,0.6220618E+05,5754784E-03,0.4017E+01,-0.1696E+03,0.9982955,-0.0112160,-0.0572743
T,728,1,0.6159512E+05,5751576E-03,-0.4037E+02,-0.1011E+03,0.9928873,-0.1129675,-0.0375925
T,729,1,0.6117998E+05,5753339E-03,0.3733E+02,-0.1085E+02,0.9978437,0.0653123,0.0065012
T,730,1,0.6096187E+05,5753701E-03,-0.2276E+02,-0.3795E+03,0.9994727,0.0187626,-0.0265007
T,731,1,0.6028829E+05,5752438E-03,0.1784E+03,-0.3253E+03,0.9902857,0.1088016,-0.0865823
T,732,1,0.6011318E+05,5753190E-03,-0.1127E+03,-0.1158E+03,0.9994132,-0.0308175,-0.0149495
T,733,1,0.6231168E+05,5753871E-03,0.2047E+03,-0.7152E+02,0.9992763,0.0326402,0.0195330
T,734,1,0.5983592E+05,5752431E-03,-0.7454E+02,0.2242E+03,0.9937785,-0.0420316,0.1031394
T,735,1,0.6177226E+05,5751220E-03,0.2038E+03,-0.7281E+01,0.9897843,0.1356455,-0.0439023
T,736,1,0.6151622E+05,5753865E-03,-0.2549E+03,0.9184E+02,0.9978716,-0.0581194,0.0295699
T,737,1,0.5955931E+05,5753959E-03,0.2395E+02,-0.2473E+03,0.9972944,0.0497636,-0.0541058
T,738,1,0.6216272E+05,5752147E-03,0.2223E+03,0.1998E+03,0.9947513,0.0941314,0.0401151
T,739,1,0.6036600E+05,5751083E-03,0.5512E+03,-0.4715E+03,0.9810084,0.1761526,-0.0811958
T,740,1,0.6092827E+05,5753776E-03,-0.1583E+02,-0.1377E+03,0.9995479,0.0166810,-0.0250142
T,741,1,0.5817830E+05,5754110E-03,-0.1468E+03,0.3155E+03,0.9969638,-0.0074135,0.0775130
T,742,1,0.6086443E+05,5754567E-03,0.3686E+02,-0.2597E+03,0.9978929,-0.0092266,-0.0642236
T,743,1,0.6168055E+05,5754366E-03,0.3059E+03,-0.1865E+03,0.9967351,0.0768783,-0.0246733
T,744,1,0.6195345E+05,5751042E-03,0.3309E+03,-0.4272E+03,0.9902983,0.0524428,-0.1286822
T,745,1,0.5932336E+05,5754911E-03,0.1521E+03,-0.1396E+03,0.9976444,0.0055430,-0.0683736
T,746,1,0.6075677E+05,5752739E-03,0.4563E+03,0.2422E+03,0.9948840,-0.0127243,-0.1002194
T,747,1,0.6011759E+05,5754051E-03,-0.1033E+03,-0.1596E+03,0.9976159,-0.0690077,-0.0007160
T,748,1,0.5971573E+05,5752056E-03,0.2254E+03,-0.3683E+02,0.9952822,0.0961614,-0.0128979
T,749,1,0.5950389E+05,5751606E-03,0.2642E+03,0.1064E+03,0.9917987,0.0610500,0.1122862
T,750,1,0.5972346E+05,5750276E-03,-0.2538E+03,-0.1185E+03,0.9023569,-0.3495630,-0.2521066
T,751,1,0.5631230E+05,5750047E-03,0.2044E+04,-0.6265E+03,0.9174838,0.3813089,-0.1132561
T,752,1,0.6117116E+05,5755119E-03,0.6689E+02,0.7712E+02,0.9998827,0.0080632,0.0130248
T,753,1,0.5949915E+05,5755107E-03,0.4439E+03,-0.2129E+03,0.8790774,0.3628987,0.3090752
T,754,1,0.6217812E+05,5752595E-03,0.4519E+02,-0.4113E+02,0.9919126,0.0610709,-0.1112644
T,755,1,0.6226509E+05,5750708E-03,-0.3401E+03,-0.1065E+03,0.9872677,-0.1584684,0.0137962
T,756,1,0.6097335E+05,5754666E-03,-0.2302E+03,0.2011E+03,0.9989856,-0.0182506,0.0411658
T,757,1,0.5976147E+05,5754945E-03,0.7519E+02,0.1992E+03,0.9971420,0.0291946,0.0696812
T,758,1,0.6275753E+05,5753704E-03,0.8439E+02,-0.6897E+02,0.9983307,0.0547062,-0.0185202
T,759,1,0.6092582E+05,5753540E-03,-0.2027E+03,0.6435E+02,0.9967384,-0.0702219,-0.0397669
T,760,1,0.6131404E+05,5754404E-03,-0.2310E+03,-0.1597E+03,0.9962208,-0.0704107,-0.0508574
T,761,1,0.6199941E+05,5752962E-03,0.3392E+03,-0.4338E+03,0.9935381,0.0836915,-0.0766671
T,762,1,0.6054056E+05,5754840E-03,-0.6938E+01,-0.1322E+03,0.9993760,0.0160750,-0.0314522
T,763,1,0.6183588E+05,5754878E-03,-0.5237E+02,-0.1415E+03,0.9974489,0.0039029,-0.0712767
T,764,1,0.6062218E+05,5753082E-03,-0.1183E+03,0.1744E+02,0.9994597,-0.0275056,0.0179909
T,765,1,0.6166902E+05,5753357E-03,-0.7435E+02,-0.1433E+02,0.9875565,0.0509054,-0.1487978
T,766,1,0.6192907E+05,5752473E-03,-0.1106E+02,-0.3326E+03,0.9535045,0.0392059,-0.2988178
T,767,1,0.5978275E+05,5753859E-03,-0.2863E+03,0.1375E+03,0.9985619,-0.0242794,0.0477979
T,768,1,0.5992526E+05,5754086E-03,0.1110E+03,-0.4197E+02,0.9986537,0.0445601,-0.0265560
T,769,1,0.6099626E+05,5753793E-03,-0.2066E+03,0.7791E+02,0.9982849,-0.0585195,0.0016682
T,770,1,0.6160823E+05,5753689E-03,-0.2880E+03,0.3112E+03,0.9993092,0.0260675,0.0264864
T,771,1,0.6331941E+05,5753746E-03,-0.1177E+03,0.1840E+01,0.9993904,-0.0348972,-0.0010123
T,772,1,0.5915966E+05,5754568E-03,0.8875E+01,0.2247E+02,0.9969668,-0.0260627,0.0733345
T,773,1,0.6087464E+05,5754073E-03,-0.1315E+03,0.1092E+03,0.9998496,0.0157281,0.0073039
T,774,1,0.6098893E+05,5752523E-03,0.1572E+03,-0.4057E+03,0.9886468,0.1428196,-0.0466909
T,775,1,0.5832730E+05,5752964E-03,-0.7566E+02,-0.1273E+03,0.9897027,-0.0461919,-0.1354801
T,776,1,0.5987256E+05,5751441E-03,0.5042E+01,0.1367E+03,0.9888254,0.1305347,0.0720075
T,777,1,0.6306060E+05,5754616E-03,-0.1628E+03,-0.2317E+03,0.9967705,-0.0645593,-0.0477566
T,778,1,0.5972881E+05,5750878E-03,-0.4275E+01,0.1689E+03,0.9896312,0.1082750,0.0943745
T,779,1,0.6030473E+05,5754712E-03,0.1081E+03,-0.5065E+01,0.9976940,0.0675086,0.0070187
T,780,1,0.6060975E+05,5753550E-03,-0.5183E+02,0.1630E+03,0.9968918,-0.0090607,0.0782601
T,781,1,0.6220849E+05,5754316E-03,-0.3943E+02,-0.9383E+02,0.9988075,-0.0028506,-0.0487381
T,782,1,0.5851711E+05,5754024E-03,-0.7889E+02,0.5949E+02,0.9997967,0.0169280,0.0109516
T,783,1,0.6177251E+05,5753624E-03,0.1785E+03,0.1324E+03,0.9949114,0.0656125,0.0764607
T,784,1,0.6106015E+05,5755060E-03,-0.1350E+02,-0.2069E+02,0.9992856,-0.0312450,-0.0212616
T,785,1,0.6182396E+05,5754104E-03,0.1717E+03,-0.2215E+03,0.9965918,0.0533963,-0.0628777
T,786,1,0.6080859E+05,5753152E-03,0.1639E+03,0.3005E+03,0.9934829,0.1139772,-0.0009283
T,787,1,0.6257664E+05,5753797E-03,0.1254E+03,0.2158E+03,0.9934008,-0.0107656,0.1141881
T,788,1,0.6057306E+05,5753283E-03,0.3472E+01,0.1636E+03,0.9913316,0.0643785,0.1145302
T,789,1,0.5990615E+05,5752572E-03,0.4397E+03,-0.5843E+03,0.9910287,0.1169662,-0.0646601
T,790,1,0.5972015E+05,5755880E-03,0.5523E+03,0.2264E+03,0.9811848,0.1862899,0.0507200
T,791,1,0.6252439E+05,5753033E-03,-0.3397E+02,0.1229E+03,0.9988552,0.0433455,-0.0202330
T,792,1,0.6011092E+05,5753592E-03,0.1473E+03,-0.1339E+03,0.9983380,0.0490672,-0.0302255
T,793,1,0.5645374E+05,5754461E-03,-0.6514E+03,-0.1469E+03,0.8584165,-0.5037427,-0.0967696
T,794,1,0.6170717E+05,5753051E-03,0.8674E+02,-0.5015E+03,0.9917601,0.0343660,-0.1234131
T,795,1,0.6142370E+05,5754187E-03,0.1552E+01,-0.1070E+03,0.9998170,0.0044540,-0.0186070
T,796,1,0.5755443E+05,5753256E-03,0.8548E+02,0.3900E+02,0.9987228,0.0266799,-0.0429061
T,797,1,0.6154166E+05,5751717E-03,-0.3995E+02,-0.2767E+03,0.9919584,-0.0750094,-0.1019419
T,798,1,0.6155834E+05,5753079E-03,0.1493E+03,0.2306E+03,0.9910275,0.1028575,0.0853513
T,799,1,0.6020643E+05,5750048E-03,0.4375E+03,-0.1346E+04,0.9592243,0.0973126,-0.2653656
T,800,1,0.5982525E+05,5755835E-03,-0.4227E+03,0.4536E+03,0.9832828,-0.1153399,0.1408957
T,801,1,0.6240877E+05,5753399E-03,-0.4184E+03,0.1196E+03,0.9945596,-0.0733821,-0.0739346
T,802,1,0.6127765E+05,5752991E-03,0.1080E+03,0.8740E+02,0.9989722,0.0452751,0.0021581
T,803,1,0.5822631E+05,5750863E-03,0.4994E+03,-0.7189E+03,0.9755819,0.0256454,-0.2181338
T,804,1,0.5983994E+05,5753481E-03,-0.2263E+03,-0.2028E+02,0.9989916,-0.0353562,-0.0276714
T,805,1,0.5854785E+05,5754876E-03,-0.6132E+02,-0.3248E+03,0.9997945,-0.0008372,-0.0202524
T,806,1,0.5929331E+05,5755615E-03,0.2834E+02,0.5107E+02,0.9996692,0.0245053,0.0078093
T,807,1,0.6095414E+05,5752730E-03,0.8526E+02,0.2821E+03,0.9958012,0.0004340,0.0915414
T,808,1,0.5986594E+05,5752628E-03,-0.1628E+02,-0.1214E+03,0.9951315,-0.0911998,-0.0373625
T,809,1,0.5986562E+05,5751620E-03,0.6083E+03,-0.7902E+03,0.9867797,0.1236961,-0.1047145
T,810,1,0.6110374E+05,5755017E-03,-0.8463E+02,0.8273E+01,0.9977906,0.0181354,0.0639138
T,811,1,0.6107134E+05,5753115E-03,-0.1091E+03,0.1648E+03,0.9956329,-0.0319921,0.0877024
T,812,1,0.5953239E+05,5754408E-03,-0.4956E+02,-0.2162E+03,0.9973533,0.0200918,-0.0698769
T,813,1,0.6142346E+05,5752468E-03,-0.1962E+03,-0.6185E+02,0.9908033,-0.1353100,0.0003244
T,814,1,0.5793707E+05,5755913E-03,0.9507E+03,-0.8675E+03,0.9862648,0.1241422,-0.1089514
T,815,1,0.6015246E+05,5755176E-03,0.3565E+03,0.7707E+02,0.9993329,0.0330825,-0.0154686
T,816,1,0.6016830E+05,5752611E-03,-0.5033E+03,-0.1244E+03,0.9910650,-0.1271272,-0.0403586
T,817,1,0.6236277E+05,5755300E-03,0.9041E+02,0.1201E+03,0.9988911,0.0397432,-0.0252412
T,818,1,0.6154539E+05,5755255E-03,0.1809E+02,0.5102E+02,0.9999849,0.0036467,0.0041190
T,819,1,0.6266497E+05,5754652E-03,-0.2353E+03,-0.1217E+03,0.9979663,-0.0307427,-0.0558407
T,820,1,0.6092946E+05,5753946E-03,0.7722E+02,0.1870E+03,0.9957209,-0.0447299,0.0808643
T,821,1,0.6320815E+05,5755173E-03,0.4348E+03,-0.1170E+03,0.9987414,0.0443181,-0.0234847
T,822,1,0.6068380E+05,5755178E-03,-0.1390E+03,-0.7936E+02,0.9993505,-0.0060885,-0.0355191
T,823,1,0.5909441E+05,5750375E-03,-0.1321E+03,0.4980E+03,0.9880299,0.0428145,0.1482020
T,824,1,0.6181805E+05,5755361E-03,-0.2736E+03,-0.2023E+02,0.9994653,0.0183182,-0.0270851
T,825,1,0.6206672E+05,5751939E-03,0.6526E+02,-0.2013E+03,0.9926993,0.0580123,-0.1057485
T,826,1,0.5805826E+05,5752712E-03,0.1564E+02,-0.4200E+03,0.9945780,-0.0273340,-0.1003368
T,827,1,0.6056438E+05,5753681E-03,-0.2828E+03,0.4399E+02,0.9988766,-0.0251587,0.0401580
T,828,1,0.6169250E+05,5753239E-03,0.1632E+03,0.1454E+03,0.9966320,-0.0813541,-0.0103073
T,829,1,0.6095459E+05,5754265E-03,-0.1104E+03,-0.1230E+03,0.9989121,-0.0463929,-0.0047178
T,830,1,0.6259222E+05,5751723E-03,-0.2710E+03,-0.1250E+03,0.9897397,-0.1292635,-0.0608799
T,831,1,0.6033318E+05,5755108E-03,0.5965E+03,-0.1100E+04,0.9384618,0.1354846,-0.3177002
T,832,1,0.6105039E+05,5754480E-03,-0.1114E+03,-0.1371E+03,0.9971569,-0.0579044,-0.0482209
T,833,1,0.5771332E+05,5753983E-03,-0.9542E+03,-0.7122E+01,0.9769218,-0.2002411,-0.0743458
T,834,1,0.6183607E+05,5750198E-03,-0.1657E+03,0.1604E+03,0.9868880,-0.0957073,0.1299697
T,835,1,0.6158648E+05,5752649E-03,0.2537E+03,-0.6774E+02,0.9972378,0.0695994,-0.0259355
T,836,1,0.5936406E+05,5754005E-03,0.6965E+02,-0.3804E+03,0.9961253,0.0274611,-0.0835478
T,837,1,0.6042319E+05,5754548E-03,0.1790E+03,0.1608E+02,0.9995820,0.0205077,0.0203780
T,838,1,0.6339989E+05,5753073E-03,-0.1486E+03,0.1345E+03,0.9962358,-0.0685040,0.0531171
T,839,1,0.6168288E+05,5753601E-03,-0.1095E+03,0.1302E+03,0.9987630,0.0208439,0.0451432
T,840,1,0.5617738E+05,5753953E-03,0.1342E+04,0.3868E+03,0.9782986,0.2071925,-0.0017704
T,841,1,0.5941777E+05,5752931E-03,-0.2257E+03,0.1112E+02,0.9968915,-0.0734311,0.0285505
T,842,1,0.6136652E+05,5750266E-03,-0.2917E+03,0.3587E+02,0.9601367,-0.2785034,-0.0239434
T,843,1,0.6130187E+05,5753406E-03,0.7927E+02,0.3115E+01,0.9969520,0.0606109,0.0491226
T,844,1,0.5911267E+05,5750627E-03,0.1491E+04,0.1043E+04,0.9587987,0.2317265,0.1643408
T,845,1,0.6193704E+05,5754988E-03,-0.4145E+02,0.8514E+02,0.9995165,-0.0165004,0.0263532
T,846,1,0.5967834E+05,5754719E-03,-0.3239E+03,0.2100E+03,0.9826672,-0.1655227,0.0834705
T,847,1,0.6042850E+05,5753419E-03,-0.1488E+02,0.1856E+03,0.9999090,0.0134895,0.0001530
T,848,1,0.6122536E+05,5754922E-03,0.4004E+02,-0.4329E+02,0.9977576,0.0653223,-0.0145892
T,849,1,0.5496058E+05,5750188E-03,0.9993E+03,-0.2245E+04,0.8637858,0.1730938,-0.4731940
T,850,1,0.6043226E+05,5755218E-03,0.1427E+03,-0.1093E+02,0.9984113,0.0547613,0.0132690
T,851,1,0.6075722E+05,5754603E-03,-0.4791E+02,0.2093E+03,0.9968093,-0.0394124,0.0694111
T,852,1,0.5866495E+05,5754019E-03,-0.1234E+03,0.2188E+02,0.9966128,0.0167424,-0.0805152
T,853,1,0.6331332E+05,5754013E-03,-0.1444E+03,-0.8121E+02,0.9939528,-0.1051591,-0.0316145
T,854,1,0.6071764E+05,5753544E-03,0.1769E+03,0.2089E+03,0.9975919,-0.0317699,-0.0616531
T,855,1,0.6110110E+05,5753778E-03,-0.2361E+03,-0.1397E+03,0.9934451,-0.1111995,0.0264848
T,856,1,0.6034538E+05,5755460E-03,0.1219E+03,-0.6328E+02,0.9992769,0.0377857,0.0042413
T,857,1,0.6147530E+05,5753002E-03,-0.1533E+02,0.4600E+02,0.9993192,0.0332457,-0.0159979
T,858,1,0.5974317E+05,5753369E-03,-0.7455E+02,-0.1073E+03,0.9979876,-0.0594949,-0.0219355
T,859,1,0.6096836E+05,5753070E-03,0.1942E+03,-0.9365E+02,0.9947052,0.0406128,-0.0944043
T,860,1,0.6260635E+05,5751226E-03,0.1906E+03,0.6025E+03,0.9877027,0.0441295,0.1499862
T,861,1,0.6178241E+05,5753139E-03,-0.1336E+03,0.1500E+03,0.9961302,-0.0353871,0.0804514
T,862,1,0.6032627E+05,5752170E-03,-0.2734E+03,-0.2983E+03,0.8201865,-0.3830566,-0.4249257
T,863,1,0.6130371E+05,5754284E-03,-0.6423E+02,-0.6396E+02,0.9992166,0.0035397,-0.0394170
T,864,1,0.6188529E+05,5754312E-03,0.9129E+02,0.1126E+02,0.9967298,-0.0389128,-0.0708209
T,865,1,0.6191809E+05,5755159E-03,-0.6624E+02,-0.8065E+02,0.9995363,0.0104209,0.0286124
T,866,1,0.5914200E+05,5752579E-03,0.4663E+03,-0.6078E+02,0.9926453,0.0905307,-0.0803705
T,867,1,0.5871935E+05,5753283E-03,0.3857E+03,0.2689E+03,0.9140413,0.2928441,0.2806614
T,868,1,0.6110993E+05,5754991E-03,0.2127E+02,0.5632E+02,0.9984381,0.0193491,0.0524117
T,869,1,0.5299934E+05,5750652E-03,-0.3289E+03,0.3477E+03,0.9555198,-0.2613306,0.1367046
T,870,1,0.5981527E+05,5754574E-03,0.2622E+03,-0.1018E+03,0.9982680,0.0153550,-0.0567912
T,871,1,0.6121599E+05,5755230E-03,0.5466E+02,-0.1137E+03,0.9994182,0.0095866,0.0327303
T,872,1,0.6126868E+05,5750049E-03,0.1919E+03,0.8183E+03,0.9843024,0.0863215,0.1539398
T,873,1,0.6214921E+05,5754931E-03,0.1045E+02,0.1242E+03,0.9975691,0.0524645,0.0458616
T,874,1,0.6082367E+05,5752886E-03,-0.2790E+03,-0.1830E+03,0.9967314,-0.0804542,-0.0073229
T,875,1,0.5383002E+05,5751163E-03,-0.2012E+04,0.1712E+04,0.8646721,-0.3762347,0.3328507
T,876,1,0.6054767E+05,5755177E-03,-0.3973E+02,0.2442E+03,0.9983414,0.0497134,-0.0290355
T,877,1,0.6142542E+05,5751277E-03,0.2819E+03,-0.3906E+03,0.9442637,0.3035029,-0.1274838
T,878,1,0.5857249E+05,5754563E-03,-0.1691E+03,-0.2165E+02,0.9994645,-0.0074847,0.0318535
T,879,1,0.6168506E+05,5754218E-03,0.1959E+03,0.3617E+02,0.9972382,0.0738646,0.0077468
T,880,1,0.5984821E+05,5753416E-03,0.2077E+03,-0.1487E+03,0.9981966,0.0592774,0.0094755
T,881,1,0.6041648E+05,5755822E-03,-0.3541E+03,0.4879E+03,0.9832253,-0.1676727,0.0717909
T,882,1,0.6162206E+05,5753370E-03,0.1623E+03,0.8646E+02,0.9962742,0.0465995,0.0725688
T,883,1,0.6122496E+05,5752612E-03,0.1397E+01,-0.3502E+02,0.9973876,-0.0003981,-0.0722350
T,884,1,0.5991085E+05,5752561E-03,-0.3938E+03,-0.2305E+03,0.9959666,-0.0717789,-0.0538357
T,885,1,0.6051486E+05,5752195E-03,0.1243E+03,0.2381E+02,0.9940137,0.1049319,-0.0304316
T,886,1,0.5894462E+05,5751703E-03,-0.2027E+02,0.4713E+02,0.9908795,-0.1331896,-0.0204544
T,887,1,0.6006916E+05,5753856E-03,0.5732E+02,0.1131E+03,0.9999206,0.0056302,-0.0112715
T,888,1,0.6039662E+05,5754159E-03,0.2198E+03,0.6601E+02,0.9985844,0.0060381,0.0528455
T,889,1,0.6108215E+05,5753686E-03,-0.1985E+03,-0.1455E+03,0.9974907,-0.0692529,-0.0147088
T,890,1,0.6372299E+05,5755148E-03,0.1290E+03,-0.1994E+03,0.9984172,-0.0082123,-0.0556382
T,891,1,0.6024399E+05,5754346E-03,-0.1615E+03,0.2323E+03,0.9981601,-0.0586643,-0.0153243
T,892,1,0.6160160E+05,5753941E-03,-0.1465E+03,-0.2474E+03,0.9980076,0.0352826,-0.0523070
T,893,1,0.6178115E+05,5754363E-03,-0.1036E+03,0.6146E+02,0.9989734,-0.0367013,0.0265559
T,894,1,0.5971980E+05,5753094E-03,-0.1530E+03,-0.9556E+01,0.9761732,-0.2169299,0.0052279
T,895,1,0.5966658E+05,5754589E-03,-0.3474E+03,0.8144E+01,0.9976624,-0.0669487,0.0136955
T,896,1,0.5959719E+05,5752860E-03,0.2197E+03,-0.1232E+03,0.9729567,0.2275344,0.0397906
T,897,1,0.6268270E+05,5753128E-03,-0.4598E+03,-0.1060E+02,0.9904432,-0.1091958,-0.0842528
T,898,1,0.6235134E+05,5752673E-03,0.1437E+03,0.2000E+03,0.9962075,0.0860891,0.0126233
T,899,1,0.5987310E+05,5752432E-03,-0.1226E+03,-0.5579E+02,0.9956993,-0.0814812,-0.0440874
T,900,1,0.6095328E+05,5753165E-03,0.8142E+02,0.1186E+03,0.9920671,-0.0675410,0.1060243
T,901,1,0.6087122E+05,5753223E-03,-0.4077E+02,-0.1116E+03,0.9984642,0.0286489,-0.0474192
T,902,1,0.6158776E+05,5750751E-03,0.4469E+03,-0.1862E+03,0.9847251,0.1739779,-0.0069413
T,903,1,0.6028936E+05,5752145E-03,-0.1947E+03,0.1180E+04,0.9618339,-0.0442986,0.2700245
T,904,1,0.6114489E+05,5753863E-03,0.9418E+01,0.1675E+03,0.9983302,-0.0475896,0.0327434
T,905,1,0.6214586E+05,5752493E-03,0.2162E+03,0.2175E+03,0.9969601,0.0352835,0.0694669
T,906,1,0.6019990E+05,5750690E-03,-0.2710E+03,0.6648E+02,0.9896976,-0.1213823,0.0759279
T,907,1,0.6039674E+05,5754463E-03,-0.7348E+02,-0.6325E+02,0.9997503,-0.0169650,0.0145428
T,908,1,0.5994414E+05,5755570E-03,0.3699E+03,-0.2015E+03,0.9851363,0.0713842,-0.1562397
T,909,1,0.5945703E+05,5753921E-03,-0.1682E+03,0.1883E+03,0.9983241,0.0051704,0.0576382
T,910,1,0.5992573E+05,5755484E-03,0.2059E+03,-0.1553E+02,0.9997550,0.0216576,-0.0045635
T,911,1,0.6307170E+05,5753065E-03,-0.5628E+02,-0.2595E+03,0.9971278,-0.0251568,-0.0714376
T,912,1,0.6113969E+05,5755538E-03,0.3046E+03,-0.3285E+03,0.9599574,0.2706545,-0.0723049
T,913,1,0.6034825E+05,5753314E-03,0.9032E+02,0.5548E+02,0.9972066,0.0636171,-0.0391397
T,914,1,0.6001231E+05,5754776E-03,-0.3095E+03,0.1416E+03,0.9963833,-0.0846212,0.0077137
T,915,1,0.5892682E+05,5754920E-03,0.8806E+02,-0.1396E+03,0.9985301,0.0367775,-0.0398140
T,916,1,0.6088448E+05,5753924E-03,0.2223E+03,0.1611E+03,0.9989204,0.0039909,0.0462824
T,917,1,0.5755155E+05,5752238E-03,-0.2046E+03,0.3307E+03,0.9955000,-0.0630360,0.0707539
T,918,1,0.6027707E+05,5754338E-03,-0.2018E+02,0.8642E+02,0.9968639,0.0499575,0.0613730
T,919,1,0.6164896E+05,5752725E-03,-0.2032E+02,-0.1217E+03,0.9962002,-0.0232223,-0.0839402
T,920,1,0.6101867E+05,5753077E-03,0.6610E+02,-0.1572E+03,0.9934630,0.0553906,-0.0998160
T,921,1,0.6055477E+05,5752773E-03,0.4965E+02,0.1185E+03,0.9721334,0.0928699,0.2152482
T,922,1,0.6106836E+05,5752475E-03,-0.1510E+03,0.1929E+03,0.9913245,-0.0640331,0.1147849
T,923,1,0.6100529E+05,5752758E-03,0.2959E+03,-0.3369E+02,0.9973520,0.0561816,-0.0461811
T,924,1,0.6223279E+05,5754616E-03,-0.1854E+03,-0.5669E+01,0.9987183,0.0008137,-0.0506065
T,925,1,0.6262934E+05,5751567E-03,-0.1947E+03,0.2564E+03,0.9905890,-0.0322254,0.1330221
T,926,1,0.5851759E+05,5755744E-03,0.6120E+03,0.2488E+03,0.9847625,0.1681233,0.0444687
T,927,1,0.5293583E+05,5750416E-03,0.4235E+03,-0.2256E+04,0.8348404,0.0929296,-0.5425915
T,928,1,0.6097033E+05,5752391E-03,0.1528E+03,-0.6854E+02,0.9658659,0.2315611,-0.1161140
T,929,1,0.5849133E+05,5753542E-03,-0.8138E+02,-0.2353E+03,0.9956230,-0.0805496,-0.0473980
T,930,1,0.6136987E+05,5753490E-03,0.1356E+03,-0.1936E+03,0.9941056,0.0887347,-0.0622916
T,931,1,0.6142385E+05,5755575E-03,-0.7663E+02,0.2467E+03,0.9875432,-0.1072449,0.1151390
T,932,1,0.6012586E+05,5752621E-03,0.4116E+03,-0.3637E+03,0.9923509,0.1079001,-0.0599776
T,933,1,0.6020733E+05,5753785E-03,-0.5605E+03,0.3759E+03,0.9731001,-0.2154968,0.0814692
T,934,1,0.5948178E+05,5751204E-03,0.2511E+03,0.2047E+03,0.9885774,0.1109545,0.1019992
T,935,1,0.5984492E+05,5754322E-03,0.2329E+02,-0.5774E+02,0.9971917,0.0628270,0.0407601
T,936,1,0.6045881E+05,5753560E-03,0.2743E+03,-0.6664E+02,0.9917541,0.1253286,-0.0267696
T,937,1,0.6111639E+05,5754092E-03,-0.2448E+02,-0.2333E+03,0.9990986,0.0178348,-0.0385227
T,938,1,0.6430049E+05,5754386E-03,0.2139E+02,0.9553E+02,0.9994988,0.0097018,0.0301319
T,939,1,0.6154693E+05,5754481E-03,0.1546E+03,0.1528E+03,0.9984517,0.0545834,0.0107126
T,940,1,0.6142680E+05,5753877E-03,-0.5692E+02,-0.4636E+02,0.9982002,0.0268214,-0.0536370
T,941,1,0.6313840E+05,5753545E-03,-0.2365E+03,-0.1748E+03,0.9996539,0.0215455,0.0150983
T,942,1,0.6030668E+05,5754633E-03,-0.5400E+02,-0.1529E+03,0.9984407,0.0481041,-0.0283211
T,943,1,0.6216854E+05,5755280E-03,0.1245E+03,-0.1173E+03,0.9980304,0.0548254,-0.0304881
T,944,1,0.5891598E+05,5753809E-03,0.1245E+03,0.1060E+03,0.9996921,-0.0109165,0.0222829
T,945,1,0.6073715E+05,5754530E-03,0.1059E+03,-0.3526E+02,0.9962354,0.0858421,0.0120916
T,946,1,0.6350928E+05,5752906E-03,0.1844E+03,0.1623E+03,0.9944706,0.0416949,0.0963836
T,947,1,0.6127647E+05,5753027E-03,-0.2483E+03,-0.3026E+02,0.9958270,-0.0711590,-0.0571405
T,948,1,0.5969389E+05,5753325E-03,0.1491E+03,0.1350E+03,0.9949245,0.0823525,-0.0578215
T,949,1,0.6034472E+05,5755147E-03,0.2765E+03,0.2397E+03,0.9983465,0.0573789,0.0034602
T,950,1,0.6241969E+05,5751510E-03,0.3614E+03,-0.2351E+03,0.9927970,0.0998899,-0.0661526
T,951,1,0.6143485E+05,5752845E-03,-0.3017E+03,-0.1078E+03,0.9929249,-0.0746638,0.0923332
T,952,1,0.6097070E+05,5754860E-03,0.4212E+02,-0.8371E+02,0.9992330,0.0289277,0.0263925
T,953,1,0.6199453E+05,5753164E-03,-0.1545E+03,-0.2798E+03,0.9740233,-0.0839160,-0.2103252
T,954,1,0.6020470E+05,5754255E-03,0.9074E+02,-0.1289E+02,0.9979319,0.0530476,-0.0363039
T,955,1,0.6117750E+05,5753461E-03,0.1631E+03,0.7529E+02,0.9994089,-0.0183626,-0.0290625
T,956,1,0.5999966E+05,5751215E-03,0.2218E+03,-0.1435E+03,0.9836526,0.1745542,-0.0442543
T,957,1,0.6138943E+05,5751848E-03,-0.1142E+03,-0.1944E+02,0.9356575,-0.2698887,0.2273878
T,958,1,0.5908793E+05,5753159E-03,0.5741E+02,-0.1139E+03,0.7532079,0.6556648,0.0527395
T,959,1,0.5947010E+05,5753529E-03,-0.1232E+03,-0.2063E+02,0.9976091,-0.0690095,-0.0037216
T,960,1,0.5831295E+05,5752706E-03,-0.1201E+03,0.1401E+02,0.9968331,-0.0697482,0.0381965
T,961,1,0.6075336E+05,5753935E-03,0.3647E+03,-0.1927E+02,0.9949424,0.1000567,0.0088430
T,962,1,0.6208203E+05,5754802E-03,0.9936E+02,0.1474E+03,0.9982437,0.0528389,0.0267872
T,963,1,0.6046374E+05,5755665E-03,-0.3125E+03,-0.1291E+03,0.9862373,-0.1514327,-0.0663639
T,964,1,0.6145479E+05,5752804E-03,0.2461E+03,0.6548E+02,0.9442607,0.3291289,0.0067702
T,965,1,0.5986038E+05,5753878E-03,0.1011E+03,0.1424E+02,0.9973591,0.0726130,0.0014801
T,966,1,0.5454767E+05,5754569E-03,-0.1785E+04,-0.1556E+04,0.9366605,-0.1389828,-0.3214822
T,967,1,0.6130895E+05,5752202E-03,0.2205E+03,0.1354E+03,0.9874207,0.1511222,-0.0465027
T,968,1,0.6000472E+05,5753055E-03,0.2143E+03,0.3030E+03,0.9928790,0.0869226,0.0814607
T,969,1,0.6182336E+05,5753911E-03,-0.1183E+03,0.2220E+02,0.9985824,-0.0473681,-0.0242805
T,970,1,0.6116565E+05,5752371E-03,-0.3114E+03,0.2734E+01,0.9941658,-0.1067710,-0.0153070
T,971,1,0.5971590E+05,5753649E-03,-0.1728E+03,-0.2237E+03,0.9973813,-0.0498064,-0.0524398
T,972,1,0.6228594E+05,5752731E-03,-0.3328E+03,0.1640E+03,0.9981467,-0.0446109,0.0413877
T,973,1,0.6241044E+05,5754322E-03,-0.1729E+03,-0.2827E+02,0.9997695,-0.0203973,0.0067020
T,974,1,0.6026459E+05,5753579E-03,0.6996E+02,-0.4051E+02,0.9973495,0.0341180,0.0642647
T,975,1,0.6107794E+05,5750304E-03,0.1887E+02,-0.5155E+03,0.9880604,0.0898020,-0.1251891
T,976,1,0.4751502E+05,5750890E-03,0.2263E+04,-0.3439E+04,0.1506391,0.0961442,-0.9839025
T,977,1,0.6221965E+05,5753051E-03,0.1102E+03,0.8971E+02,0.9993791,0.0299488,-0.0185598
T,978,1,0.5991853E+05,5753716E-03,0.9372E+02,0.5523E+02,0.9987366,0.0495888,0.0081332
T,979,1,0.6312354E+05,5755454E-03,-0.1152E+03,0.1303E+03,0.9992465,-0.0262225,0.0286145
T,980,1,0.6295537E+05,5753010E-03,-0.2953E+03,0.1115E+03,0.9991711,0.0298560,0.0276720
T,981,1,0.5981797E+05,5752669E-03,-0.1068E+03,0.4343E+03,0.9968414,0.0028041,0.0793685
T,982,1,0.6193408E+05,5754378E-03,0.1650E+02,-0.3869E+02,0.9985385,0.0461924,-0.0280570
T,983,1,0.6003056E+05,5753448E-03,0.2567E+03,0.6927E+02,0.9960524,0.0598358,0.0655686
T,984,1,0.5979140E+05,5754976E-03,-0.9553E+02,-0.2252E+03,0.9984638,-0.0439581,-0.0337303
T,985,1,0.5499986E+05,5750891E-03,-0.8726E+03,-0.7525E+02,0.7572789,-0.6150624,-0.2196061
T,986,1,0.6097145E+05,5753730E-03,0.1113E+03,0.7588E+02,0.9994867,0.0288049,0.0140213
T,987,1,0.5880904E+05,5753026E-03,-0.1890E+03,0.1778E+03,0.9977064,-0.0554916,0.0387633
T,988,1,0.5913610E+05,5754767E-03,-0.1292E+03,-0.7726E+02,0.9976365,-0.0599170,-0.0336369
T,989,1,0.6107924E+05,5755290E-03,-0.1290E+03,0.3843E+02,0.9997673,0.0195027,-0.0092198
T,990,1,0.5885070E+05,5750041E-03,0.2287E+03,0.1112E+03,0.9187093,0.3874496,0.0765248
T,991,1,0.6012367E+05,5753589E-03,-0.4228E+02,-0.1184E+03,0.9991395,-0.0413227,-0.0035760
T,992,1,0.6056457E+05,5752118E-03,0.4125E+02,0.3096E+03,0.9936864,0.0311575,0.1077798
T,993,1,0.5952693E+05,5754522E-03,0.7536E+01,0.2827E+02,0.9979926,-0.0221913,-0.0593158
T,994,1,0.5867965E+05,5753914E-03,0.1312E+03,0.4110E+03,0.9947927,0.1006004,-0.0163385
T,995,1,0.5957685E+05,5752616E-03,0.2356E+03,-0.1084E+03,0.9943947,0.0546324,-0.0905229
T,996,1,0.6194027E+05,5754175E-03,-0.1538E+02,0.2725E+03,0.9999428,0.0085900,0.0063679
T,997,1,0.6094286E+05,5752581E-03,0.1858E+03,0.2552E+03,0.9985544,0.0533962,-0.0061626
T,998,1,0.6141467E+05,5755172E-03,-0.2705E+03,0.7966E+02,0.9788829,-0.2029144,0.0247795
T,999,1,0.6090179E+05,5754196E-03,-0.1530E+03,0.5531E+02,0.9986260,-0.0371365,0.0369733
T,1000,1,0.6002922E+05,5753598E-03,-0.1756E+01,0.9546E+02,0.9993331,-0.0345939,0.0116854
